item_code,item,unit,item_group,item_category,2026-02-01,2026-02-02,2026-02-03,2026-02-04,2026-02-05,2026-02-06,2026-02-07,2026-02-08,2026-02-09,2026-02-10,2026-02-11,2026-02-12,2026-02-14,2026-02-15,2026-02-16,2026-02-19,2026-02-20,2026-02-21,2026-02-22,2026-02-23,2026-02-24,2026-02-25,2026-02-26,2026-02-27,2026-02-28
1,AYAM BERSIH - STANDARD,1kg,BARANGAN SEGAR,AYAM,8.818333333333333,8.754347826086956,8.695148514851486,8.692692307692308,8.753627450980392,8.633465346534654,8.580291262135923,8.578155339805825,8.905247524752475,8.893009708737864,8.889514563106797,8.866237623762377,8.676947368421054,8.664795918367346,8.744000000000002,8.898630136986302,8.854375,8.7928,8.769791666666666,8.834536082474227,8.862736842105264,8.875632183908046,8.833711340206186,8.8075,8.788673469387755
2,AYAM BERSIH - SUPER,1kg,BARANGAN SEGAR,AYAM,11.449000000000002,11.415333333333333,11.39,11.387297297297296,11.359444444444444,11.361142857142857,11.413529411764706,11.360588235294117,11.361142857142857,11.327837837837837,11.347894736842106,11.29,11.29625,11.28,11.345555555555556,11.450000000000001,11.339705882352941,11.398529411764706,11.412857142857142,11.40081081081081,11.403513513513513,11.416315789473684,11.392702702702703,11.392702702702703,11.367777777777778
9,DAGING KAMBING BEBIRI IMPORT BERTULANG (MUTTON) (AUSTRALIA - KOTAK),1kg,BARANGAN SEGAR,DAGING,,,,,,,,,33.17055555555555,,,33.43763157894737,,,,,,,,32.52,,,,,
10,DAGING KAMBING BEBIRI IMPORT BERTULANG (MUTTON) (NEW ZEALAND - KOTAK),1kg,BARANGAN SEGAR,DAGING,,,,,,,,,,,,,,,,,,,,38.9,,,,,
11,DAGING KAMBING BEBIRI IMPORT TANPA TULANG (MUTTON) (TIDAK TERMASUK PAHA - AUSTRALIA),1kg,BARANGAN SEGAR,DAGING,,,,,,,,,46.656666666666666,,,46.656666666666666,,,,,,,,46.656666666666666,,,,,
14,DAGING KERBAU IMPORT (INDIA) * (TOP SIDE),1kg,BARANGAN SEGAR,DAGING,,,,,,,,,25.681,,,26.146666666666665,,,,,,,,25.95888888888889,,,,,
16,BETIK BIASA,1kg,BARANGAN SEGAR,BUAH-BUAHAN,,,,,,,,,4.986774193548388,,,4.93375,,,,,,,,4.895714285714286,,,,,
18,PISANG BERANGAN,1kg,BARANGAN SEGAR,BUAH-BUAHAN,,,,,,,,,7.569999999999999,,,7.505909090909091,,,,,,,,7.556842105263157,,,,,
19,PISANG EMAS,1kg,BARANGAN SEGAR,BUAH-BUAHAN,,,,,,,,,6.869285714285715,,,6.894285714285715,,,,,,,,6.783636363636364,,,,,
20,TEMBIKAI MERAH BERBIJI,1kg,BARANGAN SEGAR,BUAH-BUAHAN,,,,,,,,,4.384545454545455,,,4.458387096774194,,,,,,,,4.622692307692308,,,,,
21,TEMBIKAI MERAH TANPA BIJI,1kg,BARANGAN SEGAR,BUAH-BUAHAN,,,,,,,,,3.253636363636364,,,3.318974358974359,,,,,,,,3.2282857142857146,,,,,
22,DRAGON FRUIT MERAH,1kg,BARANGAN SEGAR,BUAH-BUAHAN,,,,,,,,,10.710666666666667,,,10.903333333333334,,,,,,,,11.31,,,,,
24,TEMBIKAI SUSU,1kg,BARANGAN SEGAR,BUAH-BUAHAN,,,,,,,,,6.166538461538461,,,5.749375,,,,,,,,5.750810810810811,,,,,
25,NENAS BIASA (JOSAPINE/MORRIS/SARAWAK),1 biji,BARANGAN SEGAR,BUAH-BUAHAN,,,,,,,,,4.035517241379311,,,4.0632142857142854,,,,,,,,3.925416666666667,,,,,
27,ANGGUR MERAH BERBIJI,1kg,BARANGAN SEGAR,BUAH-BUAHAN,,,,,,,,,12.223333333333334,,,12.743448275862068,,,,,,,,12.77346153846154,,,,,
31,LAI KUNING (SAIZ M),1 biji,BARANGAN SEGAR,BUAH-BUAHAN,,,,,,,,,2.66,,,2.728,,,,,,,,2.4044444444444446,,,,,
38,JAMBU BATU BERBIJI,1kg,BARANGAN SEGAR,BUAH-BUAHAN,,,,,,,,,7.3847619047619055,,,7.169200000000001,,,,,,,,7.0773913043478265,,,,,
39,JAMBU BATU TANPA BIJI,1kg,BARANGAN SEGAR,BUAH-BUAHAN,,,,,,,,,9.591875,,,9.220588235294118,,,,,,,,9.227142857142857,,,,,
43,IKAN BAWAL HITAM (ANTARA 2 HINGGA 5 EKOR SEKILOGRAM),1kg,BARANGAN SEGAR,BAHAN LAUT,,,,,,,,,24.838749999999997,,,24.875641025641023,,,,,,,,24.35705882352941,,,,,
47,IKAN CENCARU (ANTARA 4 HINGGA 6 EKOR SEKILOGRAM),1kg,BARANGAN SEGAR,BAHAN LAUT,9.70952380952381,9.311724137931035,9.683333333333334,9.666086956521738,9.667319587628866,9.768279569892474,9.76720930232558,9.683863636363638,9.782325581395348,9.929647058823528,9.798780487804878,9.774022988505747,9.833176470588237,9.738,9.825172413793103,9.880677966101695,9.539878048780489,9.70425,9.302837837837837,9.71857142857143,9.82474358974359,9.851625,9.596206896551724,9.770232558139535,9.74
52,KEPALA IKAN JENAHAK,1kg,BARANGAN SEGAR,BAHAN LAUT,,,,,,,,,22.558723404255318,,,22.517857142857142,,,,,,,,22.2155,,,,,
55,IKAN KEMBUNG KECIL/PELALING (ANTARA 10 HINGGA 18 EKOR SEKILOGRAM),1kg,BARANGAN SEGAR,BAHAN LAUT,12.0225,12.451818181818181,13.80888888888889,14.432972972972973,14.169999999999998,14.25918918918919,14.515,14.7125,15.041999999999998,14.797575757575757,15.123142857142856,14.94794117647059,13.997000000000002,14.180967741935484,14.348064516129034,14.258,14.777241379310345,14.755333333333333,15.223703703703702,15.324242424242424,15.417333333333334,14.85483870967742,14.86060606060606,14.764117647058825,14.477500000000001
64,KEPALA IKAN MERAH,1kg,BARANGAN SEGAR,BAHAN LAUT,,,,,,,,,24.27722222222222,,,24.207631578947368,,,,,,,,24.967692307692307,,,,,
69,IKAN SELAR KUNING (b	% 11 EKOR SEKILOGRAM),1kg,BARANGAN SEGAR,BAHAN LAUT,13.708461538461538,12.854000000000001,12.590000000000002,12.89225,12.613777777777777,12.604464285714286,12.927173913043477,13.451794871794872,12.612499999999999,12.671590909090911,12.155090909090909,12.419636363636364,12.28377358490566,12.421698113207547,12.86511111111111,14.306153846153848,14.243333333333334,12.7052,12.198235294117648,13.252352941176472,13.940769230769233,13.178333333333335,13.348333333333334,13.28547619047619,13.02
70,IKAN SELAR PELATA (≤ 7 EKOR SEKILOGRAM),1kg,BARANGAN SEGAR,BAHAN LAUT,17.86857142857143,18.017407407407408,19.522289156626506,19.724823529411765,19.854285714285716,19.454395604395604,19.328988764044947,19.227590361445785,19.48886075949367,19.510375,19.233124999999998,19.551578947368423,19.67213333333333,19.528181818181817,19.10964705882353,18.41361111111111,19.358958333333334,19.273793103448273,19.573559322033898,19.694035087719296,19.188035714285714,18.354473684210525,17.98313953488372,17.74352272727273,17.25048780487805
88,IKAN KELI (ANTARA 2 HINGGA 5 EKOR SEKILOGRAM),1kg,BARANGAN SEGAR,IKAN DARAT,10.805833333333334,10.842571428571429,10.637111111111112,10.500957446808512,10.521979166666666,10.536315789473685,10.521666666666667,10.545444444444446,10.450879120879122,10.696593406593406,10.665340909090908,10.565888888888889,10.508999999999999,10.541666666666666,10.56082474226804,10.79452380952381,11.199482758620691,10.453287671232877,10.332857142857144,10.162134831460675,10.05741935483871,10.268444444444444,10.399186046511627,10.338000000000001,10.52818181818182
92,CILI HIJAU,1kg,BARANGAN SEGAR,SAYUR-SAYURAN,15.017105263157895,14.281346153846155,12.556803278688525,12.416166666666667,12.337105263157895,12.086434782608697,11.89061946902655,12.035130434782609,11.972991452991453,12.222999999999999,12.200598290598291,12.132543859649122,12.027241379310343,12.171525423728813,12.2175,12.17125,12.061222222222222,11.805816326530612,11.97979381443299,12.059320388349514,12.01864077669903,11.958514851485148,11.978265306122449,11.998737864077672,12.194814814814814
93,CILI MERAH - KULAI,1kg,BARANGAN SEGAR,SAYUR-SAYURAN,19.44736842105263,19.184285714285714,20.2528,19.674347826086954,19.600416666666664,18.91478260869565,18.902173913043477,18.57,19.435714285714283,19.69058823529412,19.252142857142854,17.736153846153847,14.542777777777777,14.46888888888889,14.066,14.655454545454546,14.337272727272728,14.680714285714286,16.224285714285713,18.915,16.806,16.57923076923077,17.244615384615386,17.9325,17.88090909090909
94,CILI MERAH - MINYAK,1kg,BARANGAN SEGAR,SAYUR-SAYURAN,21.05074074074074,19.805714285714284,18.78039603960396,18.027272727272727,17.653298969072164,17.20360824742268,16.72721649484536,16.784791666666667,16.666847826086954,16.955157894736843,15.83032608695652,15.489680851063829,13.81795698924731,13.993555555555556,13.917906976744186,14.118235294117646,13.998000000000001,13.726951219512197,14.382749999999998,14.584512195121953,14.517625,14.54235294117647,14.48411111111111,14.301046511627906,14.147640449438201
95,HALIA BASAH (TUA),1kg,BARANGAN SEGAR,SAYUR-SAYURAN,8.829795918367347,8.762203389830509,7.974732824427481,7.907404580152672,7.822910447761194,7.769160305343512,7.844761904761905,7.845772357723577,7.8860305343511445,7.926212121212121,7.900077519379845,7.7191472868217055,7.297272727272727,7.275681818181818,7.249923076923077,7.383627450980392,7.398731343283583,7.381526717557252,7.808053097345133,7.761746031746032,7.755196850393701,7.64,7.611060606060605,7.4147286821705425,7.419153846153846
96,KACANG BENDI,1kg,BARANGAN SEGAR,SAYUR-SAYURAN,9.587428571428571,9.3788,9.069072164948453,9.106435643564357,9.236138613861387,9.017843137254902,9.16468085106383,9.103979591836735,9.063838383838384,9.059072164948454,8.844479166666668,8.71940594059406,8.9299,8.904,8.876346153846153,8.758684210526315,8.766705882352941,9.015333333333333,8.820348837209302,8.848202247191011,8.967011494252873,9.06942528735632,9.221428571428572,9.524823529411766,9.579506172839507
97,KACANG BUNCIS,1kg,BARANGAN SEGAR,SAYUR-SAYURAN,11.626136363636363,12.440943396226416,13.524818181818182,13.488771929824562,13.136016949152541,12.241764705882353,12.051965811965811,12.022393162393163,12.045855855855857,11.882363636363635,11.191203703703705,10.720186915887849,10.655585585585586,10.553478260869566,10.681694915254237,10.86,10.865777777777778,10.91211111111111,11.038297872340424,10.835111111111113,11.175434782608697,10.8337,10.898924731182795,10.53069306930693,10.50125
98,KACANG PANJANG,1kg,BARANGAN SEGAR,SAYUR-SAYURAN,9.263513513513514,9.018292682926829,8.756808510638297,8.7101,8.8629,8.7773,8.627777777777778,8.49056603773585,8.53642105263158,8.620103092783506,8.85,9.018712871287129,9.233131313131313,9.271037735849056,9.231250000000001,9.4964,9.635052631578947,9.775490196078431,9.706930693069307,9.653039215686274,9.624,9.628470588235295,9.757894736842106,9.768834951456311,9.5651
101,KELAPA BIJI,1 biji,BARANGAN SEGAR,KELAPA,,,,,,,,,3.839230769230769,,,3.823846153846154,,,,,,,,3.8364285714285713,,,,,
102,KELAPA PARUT,1kg,BARANGAN SEGAR,KELAPA,,,,,,,,,15.271428571428572,,,15.316666666666668,,,,,,,,15.2375,,,,,
103,SANTAN KELAPA SEGAR (BIASA),1kg,BARANGAN SEGAR,KELAPA,,,,,,,,,10.719565217391304,,,10.935769230769232,,,,,,,,10.409583333333334,,,,,
104,KUBIS BULAT IMPORT (CHINA),1kg,BARANGAN SEGAR,SAYUR-SAYURAN,2.851764705882353,2.801111111111111,2.5435164835164836,2.7318367346938777,2.7241176470588235,2.761651376146789,2.7636697247706423,2.772844036697248,2.8115454545454543,2.7961818181818185,2.7043518518518517,2.6661320754716984,2.534339622641509,2.512211538461538,2.548411214953271,2.7516883116883117,2.6693203883495147,2.6474747474747478,2.663883495145631,2.730666666666667,2.6910891089108913,2.527572815533981,2.4625742574257425,2.4814285714285713,2.468585858585859
105,KUBIS BULAT (TEMPATAN),1kg,BARANGAN SEGAR,SAYUR-SAYURAN,4.9264,5.055652173913043,4.975882352941177,5.117575757575757,4.965945945945946,4.751794871794871,4.765945945945946,4.772105263157894,4.613428571428571,4.451538461538461,4.451666666666667,4.323888888888889,4.25,4.143055555555556,4.333235294117648,4.3016000000000005,4.378571428571428,4.347741935483871,4.457142857142857,4.339615384615384,4.288928571428571,4.2135483870967745,4.190882352941177,4.214722222222222,4.277941176470589
108,KUNYIT HIDUP,1kg,BARANGAN SEGAR,SAYUR-SAYURAN,10.526521739130436,10.13950819672131,8.75,8.839457364341085,8.946076923076923,8.84546875,9.006171875,8.979457364341085,8.781300813008132,8.8684,8.815625,8.680569105691058,8.855416666666667,8.785833333333333,8.830650406504066,9.34546511627907,8.836036036036036,8.920172413793104,8.810084745762712,8.652372881355932,8.741652173913042,8.749568965517241,8.619401709401709,8.726803278688525,8.712845528455285
109,LOBAK MERAH,1kg,BARANGAN SEGAR,SAYUR-SAYURAN,3.63275,3.649259259259259,3.5382399999999996,3.460952380952381,3.3993548387096775,3.35744,3.3107258064516127,3.313968253968254,3.3880314960629923,3.3687596899224808,3.358139534883721,3.3529133858267715,3.370234375,3.3958399999999997,3.3919008264462813,3.53953488372093,3.4051754385964914,3.3794594594594596,3.3922222222222222,3.340593220338983,3.342983870967742,3.492,3.505245901639344,3.3247457627118644,3.303760683760684
113,TIMUN,1kg,BARANGAN SEGAR,SAYUR-SAYURAN,3.5104255319148936,3.2366101694915255,2.9069747899159664,2.847741935483871,2.7544,2.7763114754098366,2.6766929133858266,2.6694488188976377,2.658181818181818,2.67078125,2.7124603174603172,2.748560606060606,2.7503200000000003,2.756106870229008,2.825625,3.0619540229885054,2.9961946902654866,2.8850000000000002,2.888130081300813,2.931261261261261,3.006186440677966,3.056528925619835,3.1565811965811967,3.0315833333333333,2.913416666666667
114,TOMATO,1kg,BARANGAN SEGAR,SAYUR-SAYURAN,6.553829787234042,6.3935,6.167520661157025,6.232170542635659,6.468283582089552,6.5814615384615385,6.547557251908397,6.54,6.6235877862595425,6.617153846153847,6.732384615384616,6.575891472868218,6.4147286821705425,6.328709677419355,6.277967479674797,5.891460674157304,5.834867256637168,5.724051724137931,5.724396551724139,5.715000000000001,5.720916666666667,5.602288135593221,5.490000000000001,5.3575630252100845,5.268782608695653
129,BAWANG BESAR KUNING/HOLLAND,1kg,BARANGAN KERING,BAWANG,3.1873913043478264,3.2551785714285715,3.321328125,3.322769230769231,3.36656,3.42192,3.419105691056911,3.41172131147541,3.435433070866142,3.4272440944881892,3.37359375,3.3853543307086618,3.416484375,3.4001574803149612,3.425227272727273,3.3739361702127657,3.425241935483871,3.4288095238095235,3.453140495867769,3.476890756302521,3.4291452991452993,3.3984873949579835,3.4506557377049183,3.456218487394958,3.46109243697479
131,BAWANG KECIL MERAH ROSE IMPORT (INDIA),1kg,BARANGAN KERING,BAWANG,13.1915,14.594814814814814,15.506538461538462,15.705689655172415,15.264363636363639,15.358076923076924,15.651020408163264,15.519787234042555,15.268695652173914,15.16659574468085,15.320204081632655,15.39921568627451,15.528,15.524782608695652,15.627959183673468,15.0504,15.575263157894737,15.520697674418605,15.4925,15.252291666666666,15.251489361702125,15.245531914893617,15.219333333333333,15.046279069767442,14.7475
132,BAWANG KECIL MERAH IMPORT (THAILAND),1kg,BARANGAN KERING,BAWANG,8.9,10.44,11.018461538461539,11.08714285714286,11.01125,10.608,11.009411764705883,10.76941176470588,10.911249999999999,10.8625,10.76,10.82421052631579,10.8625,10.8625,11.1175,11.275,10.533333333333335,11.338,11.396363636363635,11.278666666666668,10.763333333333334,10.763333333333334,10.557500000000001,10.354285714285714,10.557500000000001
180,TEH BOH (UNCANG),100 beg,MINUMAN,BAHAN-BAHAN MINUMAN,,,,,,,,,,,,,,,,,,,,13.611666666666668,,,,,
191,SARDIN CAP AYAM (SOS TOMATO),425 g,BARANGAN BERBUNGKUS,IKAN DALAM TIN,,,,,,,,,10.09784,,,10.106446280991737,,,,,,,,10.113775510204082,,,,,
193,SARDIN CAP KING CUP (SOS TOMATO),425 g,BARANGAN BERBUNGKUS,IKAN DALAM TIN,,,,,,,,,9.146782608695654,,,9.149375000000001,,,,,,,,9.149285714285714,,,,,
201,JEM STRAWBERI LADY'S CHOICE,400 g,BARANGAN BERBUNGKUS,SAPUAN (SPREADS),,,,,,,,,9.29883495145631,,,9.3,,,,,,,,9.305052631578947,,,,,
203,MAINLAND CHESDALE CHEDDAR CHEESE SPREAD 12 CHEDDAR,250 g,BARANGAN BERBUNGKUS,SAPUAN (SPREADS),,,,,,,,,11.937247706422019,,,11.914955752212391,,,,,,,,11.948297872340424,,,,,
205,MARJERIN DAISY,480 g,BARANGAN BERBUNGKUS,SAPUAN (SPREADS),,,,,,,,,9.197578125,,,9.207777777777778,,,,,,,,9.05327868852459,,,,,
206,MARJERIN PLANTA,480 g,BARANGAN BERBUNGKUS,SAPUAN (SPREADS),,,,,,,,,10.43712643678161,,,10.303978494623657,,,,,,,,10.471444444444444,,,,,
214,KICAP LEMAK MANIS CAP KIPAS UDANG,345ml,BARANGAN BERBUNGKUS,KICAP DAN SOS,,,,,,,,,6.73798319327731,,,6.687131147540984,,,,,,,,6.732545454545454,,,,,
217,SOS TOMATO MAGGI,325 g,BARANGAN BERBUNGKUS,KICAP DAN SOS,,,,,,,,,4.0195384615384615,,,4.016511627906977,,,,,,,,4.088032786885246,,,,,
218,SOS CILI LIFE,340 g,BARANGAN BERBUNGKUS,KICAP DAN SOS,,,,,,,,,4.579565217391304,,,4.5723529411764705,,,,,,,,4.593366336633664,,,,,
224,SUSU SEGAR DUTCH LADY,1 liter,MINUMAN,TERSEDIA MINUM,,,,,,,,,,,,,,,,,,,,8.917402597402598,,,,,
226,YEO'S LAICI (KOTAK),250 ml,MINUMAN,TERSEDIA MINUM,,,,,,,,,1.0,,,1.0,,,,,,,,1.0,,,,,
228,COCA COLA (BOTOL),1.5 liter,MINUMAN,TERSEDIA MINUM,,,,,,,,,3.4398347107438014,,,3.3941176470588235,,,,,,,,3.478083333333333,,,,,
229,F&N OREN (TIN),325 ml,MINUMAN,TERSEDIA MINUM,,,,,,,,,1.8494117647058823,,,1.8643283582089551,,,,,,,,1.8485483870967743,,,,,
230,F&N OREN (BOTOL),1.5 liter,MINUMAN,TERSEDIA MINUM,,,,,,,,,3.2899130434782613,,,3.2687387387387385,,,,,,,,3.1368965517241385,,,,,
232,MIRINDA OREN (BOTOL),1.5 liter,MINUMAN,TERSEDIA MINUM,,,,,,,,,2.83,,,2.806481481481481,,,,,,,,2.7427522935779813,,,,,
235,JUS OREN PEEL FRESH (MARIGOLD),1 liter,MINUMAN,TERSEDIA MINUM,,,,,,,,,6.565267857142857,,,6.608317757009346,,,,,,,,6.5324,,,,,
239,RED BULL (BOTOL),150 ml,MINUMAN,TERSEDIA MINUM,,,,,,,,,2.5952307692307692,,,2.5898461538461537,,,,,,,,2.5869354838709677,,,,,
240,LIVITA WITH HONEY (BOTOL),150 ml,MINUMAN,TERSEDIA MINUM,,,,,,,,,2.2180000000000004,,,2.220606060606061,,,,,,,,2.22,,,,,
246,MINYAK JAGUNG CAP MAZOLA,1kg,BARANGAN BERBUNGKUS,MINYAK DAN LEMAK,,,,,,,,,18.01735294117647,,,17.94739726027397,,,,,,,,18.064307692307693,,,,,
254,MINYAK MASAK SEBATIAN CAP HELANG,5 kg,BARANGAN BERBUNGKUS,MINYAK DAN LEMAK,,,,,,,,,34.610491803278684,,,34.62449152542373,,,,,,,,34.90798319327731,,,,,
260,MINYAK MASAK SEBATIAN CAP PISAU,5 kg,BARANGAN BERBUNGKUS,MINYAK DAN LEMAK,,,,,,,,,33.35975409836065,,,33.50685950413223,,,,,,,,33.50259842519685,,,,,
263,MINYAK MASAK TULEN CAP BURUH,5 kg,BARANGAN BERBUNGKUS,MINYAK DAN LEMAK,,,,,,,,,29.286209677419354,,,29.352066115702478,,,,,,,,29.628943089430894,,,,,
266,MINYAK MASAK TULEN CAP SERI MURNI,5 kg,BARANGAN BERBUNGKUS,MINYAK DAN LEMAK,,,,,,,,,30.51849206349206,,,30.355714285714285,,,,,,,,30.352946428571425,,,,,
267,MINYAK MASAK TULEN CAP VESAWIT,1kg,BARANGAN BERBUNGKUS,MINYAK DAN LEMAK,,,,,,,,,6.897499999999999,,,6.897499999999999,,,,,,,,6.898333333333333,,,,,
271,MINYAK SAPI CAP QBB,400 g,BARANGAN BERBUNGKUS,MINYAK DAN LEMAK,,,,,,,,,34.32671875,,,34.39306451612903,,,,,,,,33.38709090909091,,,,,
292,UBAT GIGI COLGATE (PUDINA SEGAR),250 g,PRODUK KEBERSIHAN,PENJAGAAN DIRI,,,,,,,,,13.1208,,,13.316019417475728,,,,,,,,13.365520833333335,,,,,
293,UBAT GIGI DARLIE DOUBLE ACTION (PUDINA ASLI),250 g,PRODUK KEBERSIHAN,PENJAGAAN DIRI,,,,,,,,,14.889999999999999,,,14.90043859649123,,,,,,,,14.901491228070176,,,,,
295,UBAT GIGI FRESH & WHITE (PUDINA SEGAR),160 g,PRODUK KEBERSIHAN,PENJAGAAN DIRI,,,,,,,,,6.251694915254237,,,6.353389830508475,,,,,,,,6.314807692307692,,,,,
299,LACTOGEN 1 RUMUSAN BAYI (KOTAK),650g,SUSU DAN BARANGAN BAYI,SUSU BAYI,,,,,,,,,28.325084745762712,,,28.320689655172412,,,,,,,,28.317478260869567,,,,,
300,LACTOGEN 2 RUMUSAN SUSULAN (KOTAK),650g,SUSU DAN BARANGAN BAYI,SUSU BAYI,,,,,,,,,28.38239316239316,,,28.387391304347826,,,,,,,,28.381538461538465,,,,,
350,SERBUK KARI IKAN BABAS,250 g,BARANGAN BERBUNGKUS,REMPAH RATUS (BERBUNGKUS),,,,,,,,,6.10953488372093,,,6.130084745762711,,,,,,,,6.092755905511811,,,,,
364,SERBUK CILI BABAS,250 g,BARANGAN BERBUNGKUS,REMPAH RATUS (BERBUNGKUS),,,,,,,,,7.556097560975609,,,7.5721367521367515,,,,,,,,7.534710743801654,,,,,
365,SERBUK KUNYIT CAMPURAN (SEBATIAN) ADABI,250 g,BARANGAN BERBUNGKUS,REMPAH RATUS (BERBUNGKUS),,,,,,,,,7.096132075471697,,,7.075742574257426,,,,,,,,7.0746590909090905,,,,,
368,KACANG TANAH (IMPORT),1kg,BARANGAN KERING,KACANG,,,,,,,,,11.190779220779222,,,11.165416666666665,,,,,,,,11.065609756097562,,,,,
716,CILI API/PADI HIJAU,1kg,BARANGAN SEGAR,SAYUR-SAYURAN,,,,,,,,,30.50272727272727,,,30.99076923076923,,,,,,,,30.562272727272727,,,,,
845,SOTONG (≥ 6 EKOR SEKILOGRAM),1kg,BARANGAN SEGAR,BAHAN LAUT,35.445625,32.987692307692306,35.54069444444444,34.6474358974359,35.04541666666667,35.81679999999999,35.965555555555554,36.53545454545455,36.77525,35.931466666666665,34.9627397260274,35.42520547945205,35.1814705882353,35.994,35.7772463768116,35.18153846153846,34.906,34.69311475409835,36.75954545454545,35.42016666666667,35.59857142857143,36.809859154929576,36.58014492753623,36.622499999999995,35.52791666666666
847,KETAM RENJONG/BUNGA (ANTARA 5 HINGGA 8 EKOR SEKILOGRAM),1kg,BARANGAN SEGAR,BAHAN LAUT,32.19583333333333,32.48076923076923,35.62426229508197,35.67,35.43794117647059,35.56318181818182,35.69854838709677,35.892413793103444,35.836229508196716,35.55375,35.22338235294118,35.5595652173913,35.9003125,35.546307692307685,35.06434782608696,35.058085106382975,35.71959183673469,36.02614035087719,34.76,35.577118644067795,35.83,36.48035714285714,36.65272727272727,37.15423076923077,37.22745454545454
849,UDANG PUTIH KECIL (b	% 61 EKOR SEKILOGRAM),1kg,BARANGAN SEGAR,BAHAN LAUT,,,,,,,,,27.9,,,28.095999999999997,,,,,,,,25.4225,,,,,
850,UDANG HARIMAU (ANTARA 20 HINGGA 30 EKOR SEKILOGRAM),1kg,BARANGAN SEGAR,BAHAN LAUT,,,,,,,,,46.08769230769231,,,46.10447368421052,,,,,,,,46.53944444444444,,,,,
861,UBI KENTANG HOLLAND,1kg,BARANGAN KERING,UBI KENTANG,3.2,3.2,3.1333333333333333,3.1500000000000004,3.1500000000000004,3.1333333333333333,3.1333333333333333,3.1500000000000004,3.075,3.05,2.9749999999999996,2.9749999999999996,2.9,2.9,2.9,,,2.9,2.9749999999999996,2.9749999999999996,2.82,2.836,2.776,2.776,2.776
869,BIJI SAWI,100 g,BARANGAN BERBUNGKUS,REMPAH RATUS (TIDAK BERBUNGKUS),,,,,,,,,1.4931081081081081,,,1.5169565217391305,,,,,,,,1.4833333333333334,,,,,
883,KRIMER MANIS BERVITAMIN CAP F&N,500 g,BARANGAN BERBUNGKUS,KRIMER DAN SUSU TEPUNG,,,,,,,,,4.029724770642202,,,4.029823008849558,,,,,,,,3.9752777777777784,,,,,
884,KRIMER MANIS CAP GOLD COIN,500 g,BARANGAN BERBUNGKUS,KRIMER DAN SUSU TEPUNG,,,,,,,,,3.4532,,,3.4507216494845365,,,,,,,,3.4639772727272726,,,,,
904,BERAS SUPER CAP RAMBUTAN 5% (IMPORT),10 kg,BARANGAN BERBUNGKUS,BERAS,,,,,,,34.88,34.88,35.84260869565218,,,35.45454545454545,,,,,,34.88,34.88,35.563265306122446,,,,,
910,KORDIAL F&N (SIRAP ROS),2 liter,MINUMAN,BAHAN-BAHAN MINUMAN,,,,,,,,,,,,,,,,,,,,11.072268041237113,,,,,
917,"TEPUNG GANDUM NGP (BERBUNGKUS, CAP SAUH)",1kg,BARANGAN BERBUNGKUS,TEPUNG,,,,,,,,,3.1068595041322316,,,3.1173504273504276,,,,,,,,3.1897826086956518,,,,,
918,MINYAK MASAK PAKET (PELBAGAI JENAMA),1kg,BARANGAN BERBUNGKUS,MINYAK DAN LEMAK,,,,,,,,,2.5,,,2.5,,,,,,,,2.5,,,,,
929,NESCAFE CLASSIC (PAKET),200 g,MINUMAN,BAHAN-BAHAN MINUMAN,,,,,,,,,,,,,,,,,,,,24.193406593406593,,,,,
992,BERAS CAP JATI (SST5%),10 kg,BARANGAN BERBUNGKUS,BERAS,,,,,,,,,,,,26.0,,,,,,,,26.0,,,,,
1070,SOS CILI MAGGI,340 g,BARANGAN BERBUNGKUS,KICAP DAN SOS,,,,,,,,,4.141230769230769,,,4.144803149606299,,,,,,,,4.184,,,,,
1086,MINYAK JAGUNG CAP DAISY,1kg,BARANGAN BERBUNGKUS,MINYAK DAN LEMAK,,,,,,,,,15.842283464566929,,,16.074032258064516,,,,,,,,16.287222222222223,,,,,
1087,MINYAK JAGUNG CAP DAISY,3 kg,BARANGAN BERBUNGKUS,MINYAK DAN LEMAK,,,,,,,,,39.014741379310344,,,39.46241666666666,,,,,,,,39.199217391304344,,,,,
1088,MINYAK JAGUNG CAP MAZOLA,3 kg,BARANGAN BERBUNGKUS,MINYAK DAN LEMAK,,,,,,,,,46.694,,,46.687317073170725,,,,,,,,46.188139534883724,,,,,
1089,MINYAK JAGUNG CAP VECORN,3 kg,BARANGAN BERBUNGKUS,MINYAK DAN LEMAK,,,,,,,,,42.745609756097565,,,42.78857142857143,,,,,,,,42.644444444444446,,,,,
1090,MINYAK JAGUNG CAP VECORN,1kg,BARANGAN BERBUNGKUS,MINYAK DAN LEMAK,,,,,,,,,14.677375000000001,,,14.65128205128205,,,,,,,,14.682105263157897,,,,,
1091,MINYAK MASAK SEBATIAN CAP HELANG,1kg,BARANGAN BERBUNGKUS,MINYAK DAN LEMAK,,,,,,,,,8.264418604651162,,,8.256046511627908,,,,,,,,8.282352941176471,,,,,
1093,MINYAK MASAK SEBATIAN CAP PISAU,1kg,BARANGAN BERBUNGKUS,MINYAK DAN LEMAK,,,,,,,,,8.421,,,8.435280898876405,,,,,,,,8.446951219512195,,,,,
1094,MINYAK MASAK TULEN CAP BURUH,1kg,BARANGAN BERBUNGKUS,MINYAK DAN LEMAK,,,,,,,,,6.848852459016394,,,6.843000000000001,,,,,,,,6.838247422680413,,,,,
1095,MINYAK MASAK TULEN CAP VESAWIT,5 kg,BARANGAN BERBUNGKUS,MINYAK DAN LEMAK,,,,,,,,,30.669752066115702,,,30.61729508196721,,,,,,,,30.582434782608694,,,,,
1100,MINYAK MASAK TULEN CAP SERI MURNI,1kg,BARANGAN BERBUNGKUS,MINYAK DAN LEMAK,,,,,,,,,6.85462962962963,,,6.8537037037037045,,,,,,,,6.858333333333333,,,,,
1101,MINYAK MASAK TULEN CAP SERI MURNI,2 kg,BARANGAN BERBUNGKUS,MINYAK DAN LEMAK,,,,,,,,,13.229433962264153,,,13.183473684210524,,,,,,,,13.245263157894737,,,,,
1109,TELUR AYAM GRED A,30 biji,BARANGAN SEGAR,TELUR,12.715,12.99923076923077,13.091833333333334,13.048703703703703,12.995238095238095,12.928441558441559,12.898333333333333,12.90986842105263,13.046029411764707,13.11271186440678,13.153148148148148,12.998448275862069,12.983382352941177,13.065000000000001,13.045344827586208,13.041944444444445,12.934,12.945818181818181,13.029032258064516,13.25639344262295,13.410384615384617,13.537045454545455,13.473333333333333,13.420985915492958,13.29578313253012
1110,TELUR AYAM GRED B,30 biji,BARANGAN SEGAR,TELUR,12.38190476190476,12.2924,12.40112676056338,12.475633802816901,12.341948051948052,12.317471264367814,12.19186046511628,12.147272727272728,12.341125000000002,12.372191780821918,12.48921875,12.398732394366196,12.060123456790123,12.12328947368421,12.404657534246574,12.582045454545455,12.28044776119403,12.282266666666667,12.232941176470588,12.34640625,12.38079365079365,12.291587301587303,12.33123076923077,12.528039215686274,12.535652173913043
1111,TELUR AYAM GRED C,30 biji,BARANGAN SEGAR,TELUR,11.89764705882353,11.776296296296296,11.762500000000001,11.895222222222221,11.837956989247312,11.828021978021978,11.786888888888889,11.814204545454546,11.823736263736263,11.825222222222221,11.868214285714286,11.874146341463414,11.835308641975308,11.706506024096385,11.746627906976745,11.8674,11.817916666666667,11.78354430379747,11.781379310344828,11.882117647058823,11.90965909090909,11.910481927710842,11.87505617977528,12.00661971830986,12.140500000000001
1128,LADA BENGGALA HIJAU (CAPSICUM),1kg,BARANGAN SEGAR,SAYUR-SAYURAN,,,,,,,,,12.439565217391303,,,12.036936936936936,,,,,,,,11.839230769230769,,,,,
1131,UBI KENTANG IMPORT (CHINA),1kg,BARANGAN KERING,UBI KENTANG,2.4573913043478264,2.4170000000000003,2.460909090909091,2.4218103448275863,2.393170731707317,2.329833333333333,2.366,2.3889915966386557,2.462283464566929,2.4546875,2.4608000000000003,2.4650781250000002,2.4497600000000004,2.447967479674797,2.42,2.4673529411764705,2.4303906250000002,2.399769230769231,2.4415573770491803,2.3904237288135595,2.369396551724138,2.307719298245614,2.2601724137931036,2.256551724137931,2.260901639344262
1132,LIMAU NIPIS,1kg,BARANGAN SEGAR,BUAH-BUAHAN,9.104857142857144,8.950833333333334,8.525959595959597,8.437403846153845,8.442641509433964,8.57877358490566,8.5441,8.697884615384615,8.713921568627452,8.727500000000001,9.134038461538463,9.4096,9.620707070707072,9.597000000000001,9.722376237623763,9.725076923076923,9.935632183908046,9.86070588235294,10.036091954022988,9.976666666666668,9.94831325301205,9.894431818181816,9.865851063829787,9.861145833333333,9.838453608247423
1135,KICAP MANIS ADABI,340ml,BARANGAN BERBUNGKUS,KICAP DAN SOS,,,,,,,,,5.028103448275862,,,5.045431034482759,,,,,,,,5.0642000000000005,,,,,
1138,SOS TIRAM MAGGI,340 g,BARANGAN BERBUNGKUS,KICAP DAN SOS,,,,,,,,,5.6506611570247935,,,5.647768595041322,,,,,,,,5.662745098039216,,,,,
1142,SARDIN CAP ADABI (SOS TOMATO DENGAN CILI),425 g,BARANGAN BERBUNGKUS,IKAN DALAM TIN,,,,,,,,,9.233191489361703,,,9.225652173913044,,,,,,,,9.308059701492537,,,,,
1144,MENTEGA KACANG HALUS LADY'S CHOICE,340 g,BARANGAN BERBUNGKUS,SAPUAN (SPREADS),,,,,,,,,14.004313725490197,,,13.950000000000001,,,,,,,,14.294343434343434,,,,,
1145,NESTLE CERELAC BERAS - TIN,500 g,SUSU DAN BARANGAN BAYI,MAKANAN BAYI,,,,,,,,,16.168999999999997,,,16.09782945736434,,,,,,,,16.7353125,,,,,
1151,SANTAN KELAPA JENAMA AYAM BRAND,1 liter,BARANGAN BERBUNGKUS,SANTAN (KOTAK),,,,,,,,,16.17860465116279,,,16.161532258064515,,,,,,,,16.128110236220472,,,,,
1153,PERENCAH TOM YAM ADABI,40 g,BARANGAN BERBUNGKUS,REMPAH RATUS (BERBUNGKUS),,,,,,,,,2.291038961038961,,,2.2917948717948717,,,,,,,,2.265405405405405,,,,,
1355,100 PLUS (ORIGINAL),1.5 liter,MINUMAN,TERSEDIA MINUM,,,,,,,,,3.302542372881356,,,3.286101694915254,,,,,,,,3.3657500000000002,,,,,
1367,DAGING PAHA KAMBING BEBIRI IMPORT BERTULANG  (MUTTON) (AUSTRALIA),1kg,BARANGAN SEGAR,DAGING,,,,,,,,,40.623333333333335,,,38.61714285714286,,,,,,,,36.468,,,,,
1370,DAGING LEMBU IMPORT (TOPSIDE),1kg,BARANGAN SEGAR,DAGING,,,,,,,,,,,,59.9,,,,,,,,,,,,,
1371,DAGING LEMBU IMPORT (BLADE),1kg,BARANGAN SEGAR,DAGING,,,,,,,,,44.92666666666667,,,37.44,,,,,,,,49.94,,,,,
1373,DAGING LEMBU IMPORT (KNUCKLE),1kg,BARANGAN SEGAR,DAGING,,,,,,,,,58.9,,,58.9,,,,,,,,58.9,,,,,
1375,DAGING KERBAU IMPORT (INDIA) * (SILVERSIDE),1kg,BARANGAN SEGAR,DAGING,,,,,,,,,25.254666666666665,,,25.065714285714286,,,,,,,,25.92083333333333,,,,,
1376,DAGING KERBAU IMPORT (INDIA) * (RUMP),1kg,BARANGAN SEGAR,DAGING,,,,,,,,,25.2,,,25.2,,,,,,,,27.9,,,,,
1377,DAGING KERBAU IMPORT (INDIA) * (BLADE),1kg,BARANGAN SEGAR,DAGING,,,,,,,,,25.279374999999998,,,25.222499999999997,,,,,,,,25.57785714285714,,,,,
1378,DAGING KERBAU IMPORT (INDIA) * (CHUCK),1kg,BARANGAN SEGAR,DAGING,,,,,,,,,25.089,,,24.312857142857144,,,,,,,,23.746,,,,,
1379,DAGING BABI (PERUT / BELLY),1kg,BARANGAN SEGAR,DAGING,,,,,,,,,49.044285714285714,,,47.74615384615385,,,,,,,,46.19,,,,,
1380,DAGING BABI (DAGING & LEMAK / LEAN & FAT),1kg,BARANGAN SEGAR,DAGING,,,,,,,,,39.496,,,39.251999999999995,,,,,,,,36.565,,,,,
1391,UDANG PUTIH BESAR/BANANA PRAWN (BERAT ANTARA 41 EKOR HINGGA 60 EKOR SEKILOGRAM),1kg,BARANGAN SEGAR,BAHAN LAUT,,,,,,,,,40.89,,,44.34,,,,,,,,40.84,,,,,
1422,KACANG DAL (AUSTRALIA),1kg,BARANGAN KERING,KACANG,,,,,,,,,6.500842105263159,,,6.550333333333333,,,,,,,,6.501190476190477,,,,,
1432,DAGING LEMBU TEMPATAN (BAHAGIAN 2 DAGING PEJAL (KECUALI BATANG PINANG - TENDERLOIN),1kg,BARANGAN SEGAR,DAGING,,,,,,,,,44.945,,,45.4225,,,,,,,,43.99,,,,,
1436,IKAN KERISI (ANTARA 5 HINGGA 10 EKOR SEKILOGRAM),1kg,BARANGAN SEGAR,BAHAN LAUT,14.879310344827585,14.563823529411765,15.122,14.955,15.181927710843372,14.960476190476191,14.916,14.97087912087912,15.209868421052633,15.457076923076924,15.024157303370787,15.161807228915663,15.314810126582277,15.27974025974026,15.124936708860758,15.504444444444445,15.972702702702703,15.509622641509434,15.620689655172415,15.568840579710145,15.646984126984126,15.637846153846155,15.881060606060608,15.570461538461537,15.271025641025643
1437,IKAN SIAKAP (ANTARA 2 HINGGA 4 EKOR SEKILOGRAM),1kg,BARANGAN SEGAR,BAHAN LAUT,,,,,,,,,23.086666666666666,,,23.495555555555555,,,,,,,,23.10941176470588,,,,,
1438,IKAN TENGGIRI BATANG (KEPINGAN),1kg,BARANGAN SEGAR,BAHAN LAUT,,,,,,,,,51.7915,,,51.56439393939394,,,,,,,,48.71396226415094,,,,,
1440,BAWANG BESAR IMPORT (INDIA),1kg,BARANGAN KERING,BAWANG,2.9337142857142857,2.767857142857143,2.614757281553398,2.64030303030303,2.637169811320755,2.6218348623853207,2.624311926605505,2.6254954954954957,2.554732142857143,2.5743636363636364,2.55990990990991,2.5110185185185183,2.5505714285714287,2.5736274509803923,2.5292,2.460945945945946,2.346862745098039,2.3888349514563108,2.4279411764705885,2.4311458333333333,2.4795000000000003,2.614519230769231,2.527358490566038,2.4866990291262137,2.5052830188679245
1441,BAWANG BESAR IMPORT (CHINA),1kg,BARANGAN KERING,BAWANG,2.6727272727272724,2.6475,2.468928571428571,2.46037037037037,2.516296296296296,2.526666666666667,2.5517391304347825,2.6117391304347826,2.532631578947368,2.567619047619048,2.661578947368421,2.6557894736842105,2.7884210526315787,2.7710526315789474,2.6757894736842105,2.772307692307692,2.6553846153846155,2.665714285714286,2.600909090909091,2.7126666666666663,2.655625,2.85625,2.905,2.8426666666666667,2.7985714285714285
1442,BAWANG KECIL MERAH BIASA IMPORT (INDIA),1kg,BARANGAN KERING,BAWANG,3.595625,3.3827586206896556,3.11375,3.2245977011494253,3.3122471910112363,3.254175824175824,3.2607954545454545,3.2384444444444447,3.2495698924731187,3.2590625,3.5382608695652173,3.670927835051547,3.754239130434783,3.7646153846153845,3.9495789473684213,4.063823529411764,4.121666666666666,4.060652173913044,4.0058510638297875,3.951318681318681,3.873033707865168,3.7506451612903224,3.5290625,3.536082474226804,3.5618367346938777
1443,BAWANG KECIL MERAH IMPORT (CHINA),1kg,BARANGAN KERING,BAWANG,,,,,,,,,3.5,,,,5.285,5.285,6.99,6.99,5.49,5.49,5.49,5.49,4.626666666666667,6.99,6.99,6.44,6.44
1458,KUBIS BULAT IMPORT (BEIJING),1kg,BARANGAN SEGAR,SAYUR-SAYURAN,4.130454545454546,4.158125,4.137872340425532,4.162783505154639,4.148627450980392,4.070792079207921,4.0424509803921564,4.031010101010101,3.9681188118811885,3.973269230769231,3.9736000000000002,3.930294117647059,3.9907476635514016,3.998415841584158,4.043809523809523,3.9523188405797107,4.066236559139785,4.072323232323233,4.0278125000000005,4.101274509803922,4.0941584158415845,4.086153846153847,4.03950495049505,3.8938461538461535,3.835252525252525
1475,IKAN BAWAL PUTIH (ANTARA 2 HINGGA 5 EKOR SEKILOGRAM),1kg,BARANGAN SEGAR,BAHAN LAUT,46.8,46.8,47.53333333333333,51.08,55.7,54.4,53.31428571428571,52.871428571428574,54.4,52.275,52.1375,47.457142857142856,41.894999999999996,41.891999999999996,41.891999999999996,41.89,41.894999999999996,41.894999999999996,50.698,54.26333333333333,47.23333333333333,46.94444444444444,47.71666666666667,50.598571428571425,50.26125
1476,IKAN KEMBUNG (ANTARA 8 HINGGA 12 EKOR SEKILOGRAM),1kg,BARANGAN SEGAR,BAHAN LAUT,14.084999999999999,14.613636363636363,14.78391304347826,14.788571428571428,15.945652173913043,15.95,15.037222222222223,15.502272727272727,15.513684210526316,15.539473684210526,15.747499999999999,15.383,14.72764705882353,14.715294117647058,14.94047619047619,16.70388888888889,15.9932,16.589583333333334,16.359615384615385,16.46814814814815,16.4304,16.218,15.952272727272726,15.975652173913044,16.048181818181817
1477,IKAN MABUNG (ANTARA 6 HINGGA 10 EKOR SEKILOGRAM),1kg,BARANGAN SEGAR,BAHAN LAUT,19.27230769230769,19.218095238095238,19.17720588235294,18.955142857142857,19.13686567164179,19.051470588235293,19.04872727272727,18.87851851851852,18.60622641509434,18.51456140350877,18.805555555555557,18.755714285714284,18.889666666666663,19.228518518518516,19.002166666666664,18.965625,18.95225806451613,18.574142857142856,18.66894736842105,18.482068965517243,18.423636363636362,18.35085714285714,17.664,17.20901408450704,17.548133333333332
1479,BROKOLI,1kg,BARANGAN SEGAR,SAYUR-SAYURAN,,,,,,,,,11.200769230769232,,,10.711333333333332,,,,,,,,10.985714285714286,,,,,
1481,KUBIS BUNGA (CAULIFLOWER),1kg,BARANGAN SEGAR,SAYUR-SAYURAN,7.068048780487805,6.96469387755102,6.49327868852459,6.135289256198347,6.062983870967742,5.4581967213114755,5.302521739130435,5.276666666666666,5.698717948717949,5.587310924369747,5.6865853658536585,5.618373983739838,5.611428571428572,5.570631578947369,5.623406593406593,5.119764705882353,5.044561403508772,4.995803571428572,5.145625,5.153027522935781,5.02908256880734,5.075299145299145,4.973805309734514,4.949017857142857,4.922946428571429
1483,MEE KUNING BASAH (PELBAGAI JENAMA),+-450g,BARANGAN SEGAR,MEE/KUETIAU,,,,,,,,,1.7219417475728156,,,1.714271844660194,,,,,,,,1.7104040404040406,,,,,
1489,ASAM JAWA (BERBIJI) PELBAGAI JENAMA,200 g,BARANGAN BERBUNGKUS,REMPAH RATUS (BERBUNGKUS),,,,,,,,,1.4029591836734692,,,1.4010309278350517,,,,,,,,1.4208045977011494,,,,,
1492,BERAS PULUT THAILAND (BIASA) PELBAGAI JENAMA,1kg,BARANGAN BERBUNGKUS,BERAS,,,,,,,,,,,,6.99,,,,,,,,,,,,,
1507,COCA COLA (TIN),320 ml,MINUMAN,TERSEDIA MINUM,,,,,,,,,1.9867307692307692,,,1.9830188679245282,,,,,,,,1.9663265306122448,,,,,
1515,HEINZ FARLEY RUSKS (ORIGINAL),120 g,SUSU DAN BARANGAN BAYI,MAKANAN BAYI,,,,,,,,,8.971470588235293,,,8.970277777777778,,,,,,,,9.301764705882352,,,,,
1517,HEINZ APPLE PUREE,110 g,SUSU DAN BARANGAN BAYI,MAKANAN BAYI,,,,,,,,,7.742258064516129,,,7.729705882352941,,,,,,,,7.728857142857143,,,,,
1524,BERUS GIGI COLGATE (ZIG ZAG - SOFT),1 batang,PRODUK KEBERSIHAN,PENJAGAAN DIRI,,,,,,,,,4.565478260869565,,,4.571652173913043,,,,,,,,4.560714285714286,,,,,
1525,BERUS GIGI ORAL B (COMPLETE EASY CLEAN - SOFT),1 batang,PRODUK KEBERSIHAN,PENJAGAAN DIRI,,,,,,,,,4.664285714285715,,,4.671428571428571,,,,,,,,4.676190476190476,,,,,
1539,SABUN PENCUCI KUAT HARIMAU (LEMON),400 g,PRODUK KEBERSIHAN,PENJAGAAN RUMAH,,,,,,,,,2.721323529411765,,,2.7201351351351355,,,,,,,,2.719718309859155,,,,,
1544,SERBUK NASI GORENG CINA ADABI,17 g,BARANGAN BERBUNGKUS,REMPAH RATUS (BERBUNGKUS),,,,,,,,,1.4706849315068495,,,1.4646666666666666,,,,,,,,1.4687671232876711,,,,,
1545,PERENCAH NASI GORENG IKAN BILIS SERI AJI,26G,BARANGAN BERBUNGKUS,REMPAH RATUS (BERBUNGKUS),,,,,,,,,1.3808653846153844,,,1.3863106796116504,,,,,,,,1.3825490196078432,,,,,
1547,PEPSI COLA (TIN),320 ml,MINUMAN,TERSEDIA MINUM,,,,,,,,,1.8590721649484534,,,1.8559405940594058,,,,,,,,1.8642424242424243,,,,,
1550,PAHA AYAM (CHICKEN DRUMSTICK),1kg,BARANGAN SEGAR,AYAM,,,,,,,,,14.645377358490567,,,14.763800000000002,,,,,,,,14.863917525773195,,,,,
1551,DADA AYAM (CHICKEN KEEL) (1KG),1kg,BARANGAN SEGAR,AYAM,,,,,,,,,13.040297029702971,,,13.056237623762376,,,,,,,,13.150212765957445,,,,,
1552,THIGH AYAM,1kg,BARANGAN SEGAR,AYAM,,,,,,,,,10.38968085106383,,,10.659021739130434,,,,,,,,10.793516483516484,,,,,
1553,WHOLE LEG AYAM,1kg,BARANGAN SEGAR,AYAM,,,,,,,,,14.240603448275863,,,13.829137931034483,,,,,,,,14.119038461538462,,,,,
1554,IKAN MERAH (KEPINGAN),1kg,BARANGAN SEGAR,BAHAN LAUT,,,,,,,,,64.17578125,,,64.48532258064516,,,,,,,,64.28423076923076,,,,,
1555,UDANG PUTIH/VANNAMEI (TERNAK) (ANTARA 41 HINGGA 60 EKOR SEKILOGRAM),1kg,BARANGAN SEGAR,BAHAN LAUT,31.933793103448277,30.44135135135135,29.30621052631579,29.701320754716978,29.5119,29.614392523364483,29.96301886792453,30.37,29.408514851485148,29.72366336633663,30.746355140186918,30.345871559633025,30.128686868686867,29.9039,29.883047619047616,29.858985507246377,28.547790697674415,28.33758620689655,29.16,28.940631578947364,29.21366666666667,29.5079381443299,29.588846153846152,29.751308411214954,30.312929292929294
1556,BAYAM HIJAU,1kg,BARANGAN SEGAR,SAYUR-SAYURAN,5.928695652173913,5.076666666666666,4.874,4.790114942528736,4.875108695652174,4.884536082474227,4.806774193548387,4.905473684210526,4.91438202247191,4.9057894736842105,4.927676767676767,4.808469387755102,4.7864130434782615,4.852934782608696,4.836483516483517,4.737164179104478,4.962567567567568,5.541081081081081,5.596056338028169,4.835,4.7746249999999995,5.055882352941176,5.064022988505747,4.849222222222222,5.104044943820225
1558,SAWI HIJAU,1kg,BARANGAN SEGAR,SAYUR-SAYURAN,5.8342857142857145,5.4601999999999995,4.581195652173913,4.667474747474747,4.607777777777778,4.657878787878788,4.413333333333333,4.4748,4.47530612244898,4.434343434343434,4.599714285714286,4.660857142857143,4.688396226415094,4.660093457943925,4.52290909090909,4.507831325301205,4.4046315789473685,4.549428571428572,4.566960784313725,4.627450980392157,4.692135922330097,4.754077669902912,4.744411764705882,4.7161904761904765,4.677087378640777
1559,KANGKUNG,1kg,BARANGAN SEGAR,SAYUR-SAYURAN,5.625925925925926,5.239032258064516,4.800888888888888,4.727979797979798,4.617849462365591,4.781122448979591,4.6823404255319145,4.736428571428571,4.706868686868687,4.709583333333334,4.768173076923077,4.7970707070707075,4.843917525773196,4.82505376344086,4.632823529411765,4.35313725490196,5.015,5.232835820895523,5.293968253968254,4.745569620253164,4.944342105263158,4.7628571428571425,4.638604651162791,4.629438202247191,4.697717391304348
1560,KAILAN,1kg,BARANGAN SEGAR,SAYUR-SAYURAN,7.684166666666667,6.714285714285714,7.133658536585366,6.366216216216216,6.382173913043478,6.319574468085106,5.709183673469388,5.839574468085106,6.164893617021277,6.229787234042553,7.045740740740741,7.277547169811322,6.915869565217391,7.049555555555556,6.915952380952381,7.991851851851852,6.432777777777778,6.728333333333334,6.823488372093024,6.784999999999999,6.985609756097562,7.120697674418604,6.601860465116279,6.511739130434783,7.311914893617022
1562,UDANG KERING,100 g,BARANGAN KERING,HASIL LAUT KERING,,,,,,,,,7.521309523809523,,,7.465365853658536,,,,,,,,7.447848101265823,,,,,
1563,SOTONG KERING (SAIZ SERDAHANA),1kg,BARANGAN KERING,HASIL LAUT KERING,,,,,,,,,77.20703703703704,,,77.8996,,,,,,,,78.87896551724138,,,,,
1564,BAWANG PUTIH IMPORT (CHINA),1kg,BARANGAN KERING,BAWANG,8.2864,8.334285714285715,8.309473684210525,7.842619047619047,7.7332824427480915,7.693565891472868,7.6503125,7.646230769230769,7.720839694656489,7.700074626865671,7.477388059701493,7.438880597014926,7.31963503649635,7.259202898550725,7.337801418439717,7.827387387387388,7.769352517985612,7.73944055944056,7.682391304347827,7.80969465648855,7.808106060606061,7.616136363636364,7.5637209302325585,7.487938931297711,7.46496183206107
1568,SERBUK KARI IKAN ADABI,250 g,BARANGAN BERBUNGKUS,REMPAH RATUS (BERBUNGKUS),,,,,,,,,6.622950819672131,,,6.615042735042735,,,,,,,,6.601964285714286,,,,,
1570,SERBUK KARI AYAM DAN DAGING ADABI,250 g,BARANGAN BERBUNGKUS,REMPAH RATUS (BERBUNGKUS),,,,,,,,,6.450545454545454,,,6.447155963302753,,,,,,,,6.557362637362638,,,,,
1572,SERBUK KARI DAGING BABAS,250 g,BARANGAN BERBUNGKUS,REMPAH RATUS (BERBUNGKUS),,,,,,,,,6.108527131782946,,,6.13425,,,,,,,,6.101916666666667,,,,,
1577,SERBUK PERENCAH SUP ADABI,250 g,BARANGAN BERBUNGKUS,REMPAH RATUS (BERBUNGKUS),,,,,,,,,9.066636363636363,,,9.054615384615385,,,,,,,,8.963052631578947,,,,,
1581,BERAS CAP RAMBUTAN (SST5%),10 kg,BARANGAN BERBUNGKUS,BERAS,,,,,,,,,26.0,,,26.0,,,,,,,,26.0,,,,,
1582,BERAS CAP JASMINE (SST5%),10 kg,BARANGAN BERBUNGKUS,BERAS,,,,,,,,,26.0,,,26.0,,,,,,,,26.0,,,,,
1583,BERAS SUPER CAP JATI TWR  5% (IMPORT),10 kg,BARANGAN BERBUNGKUS,BERAS,,,,,,,29.88,29.88,32.88426229508197,,,32.67762711864407,,,,,,29.45,29.45,34.62129032258064,,,,,
1585,BIHUN KERING IMPORT (CAP BINTANG),400 g,BARANGAN BERBUNGKUS,BIHUN,,,,,,,,,3.7185263157894735,,,3.7004123711340204,,,,,,,,3.688265306122449,,,,,
1588,GULA MERAH LEMBUT (PELBAGAI JENAMA),+- 500g,BARANGAN BERBUNGKUS,GULA,,,,,,,,,3.418793103448276,,,3.337017543859649,,,,,,,,3.5498275862068964,,,,,
1589,GULA PUTIH BERTAPIS KASAR (PELBAGAI JENAMA),1kg,BARANGAN BERBUNGKUS,GULA,,,,,,,,,2.85,,,2.85,,,,,,,,2.85,,,,,
1590,GULA PUTIH BERTAPIS HALUS (PELBAGAI JENAMA),1kg,BARANGAN BERBUNGKUS,GULA,,,,,,,,,2.95,,,2.95,,,,,,,,2.95,,,,,
1595,MINYAK JAGUNG CAP DAISY,2 kg,BARANGAN BERBUNGKUS,MINYAK DAN LEMAK,,,,,,,,,27.35798076923077,,,27.88764705882353,,,,,,,,27.947999999999997,,,,,
1596,MINYAK JAGUNG CAP MAZOLA,2 kg,BARANGAN BERBUNGKUS,MINYAK DAN LEMAK,,,,,,,,,29.236,,,28.838333333333335,,,,,,,,29.996,,,,,
1597,MINYAK JAGUNG CAP VECORN,2 kg,BARANGAN BERBUNGKUS,MINYAK DAN LEMAK,,,,,,,,,29.540833333333335,,,29.69128205128205,,,,,,,,29.512564102564102,,,,,
1598,MINYAK MASAK SEBATIAN CAP HELANG,2 kg,BARANGAN BERBUNGKUS,MINYAK DAN LEMAK,,,,,,,,,16.047217391304347,,,16.044181818181816,,,,,,,,16.025384615384617,,,,,
1600,MINYAK MASAK SEBATIAN CAP PISAU,2 kg,BARANGAN BERBUNGKUS,MINYAK DAN LEMAK,,,,,,,,,15.826831683168317,,,15.843300970873786,,,,,,,,15.802580645161289,,,,,
1601,MINYAK MASAK TULEN CAP BURUH,2 kg,BARANGAN BERBUNGKUS,MINYAK DAN LEMAK,,,,,,,,,13.101120689655172,,,13.065267857142857,,,,,,,,13.070549450549452,,,,,
1602,MINYAK MASAK TULEN CAP VESAWIT,2 kg,BARANGAN BERBUNGKUS,MINYAK DAN LEMAK,,,,,,,,,13.256708860759494,,,13.2544,,,,,,,,13.262599999999999,,,,,
1603,MINYAK SAPI CAP WINDMILL GHEEBLEND,400 g,BARANGAN BERBUNGKUS,MINYAK DAN LEMAK,,,,,,,,,18.990377358490566,,,19.126464646464648,,,,,,,,19.324516129032258,,,,,
1604,ASAM JAWA (TIDAK BERBIJI) ADABI,200 g,BARANGAN BERBUNGKUS,REMPAH RATUS (BERBUNGKUS),,,,,,,,,4.930416666666667,,,4.9458,,,,,,,,4.983448275862069,,,,,
1605,GARAM HALUS BIASA (PELBAGAI JENAMA),+-350g,BARANGAN BERBUNGKUS,REMPAH RATUS (BERBUNGKUS),,,,,,,,,0.9068817204301076,,,0.8966666666666667,,,,,,,,0.8995555555555554,,,,,
1606,MENTEGA KACANG HALUS LADY'S CHOICE,500 g,BARANGAN BERBUNGKUS,SAPUAN (SPREADS),,,,,,,,,16.02340206185567,,,15.93943396226415,,,,,,,,16.997363636363637,,,,,
1610,SANTAN KELAPA JENAMA M&S,500 ml,BARANGAN BERBUNGKUS,SANTAN (KOTAK),,,,,,,,,8.21891089108911,,,8.20656862745098,,,,,,,,8.282233009708737,,,,,
1611,SANTAN KELAPA JENAMA KARA,200 ml,BARANGAN BERBUNGKUS,SANTAN (KOTAK),,,,,,,,,3.897627118644068,,,3.893421052631579,,,,,,,,3.8047706422018353,,,,,
1612,SANTAN KELAPA JENAMA HARMUNI,200 ml,BARANGAN BERBUNGKUS,SANTAN (KOTAK),,,,,,,,,4.038317757009346,,,4.037962962962963,,,,,,,,4.020560747663551,,,,,
1613,ESEN STAR BRAND 'PELBAGAI PERISA',25 ml,BARANGAN BERBUNGKUS,ESEN DAN RAGI,,,,,,,,,2.6809909909909906,,,2.6741964285714284,,,,,,,,2.6512962962962963,,,,,
1615,MENTEGA ANCHOR (SALTED),227g,BARANGAN BERBUNGKUS,MENTEGA,,,,,,,,,14.528318584070798,,,14.68,,,,,,,,14.680777777777777,,,,,
1619,SUSU TEPUNG SEGERA DUTCHLADY (BIASA ),600 g,BARANGAN BERBUNGKUS,KRIMER DAN SUSU TEPUNG,,,,,,,,,19.757692307692306,,,19.71723684210526,,,,,,,,19.717894736842105,,,,,
1628,NESTLE CERELAC GANDUM DAN MADU - KOTAK,225g,SUSU DAN BARANGAN BAYI,MAKANAN BAYI,,,,,,,,,9.576859504132232,,,9.667661290322581,,,,,,,,9.563247863247865,,,,,
1630,BERUS GIGI COLGATE (TWISTER - SOFT),1 batang,PRODUK KEBERSIHAN,PENJAGAAN DIRI,,,,,,,,,4.9560344827586205,,,4.956779661016949,,,,,,,,4.945833333333334,,,,,
1635,NESTLE COFFEE-MATE,450 g,MINUMAN,BAHAN-BAHAN MINUMAN,,,,,,,,,9.86909090909091,,,9.846568627450981,,,,,,,,9.820384615384615,,,,,
1650,TEH LIPTON (UNCANG),100 beg,MINUMAN,BAHAN-BAHAN MINUMAN,,,,,,,,,,,,,,,,,,,,14.779661016949152,,,,,
1651,YEO'S SOYA (KOTAK),250 ml,MINUMAN,TERSEDIA MINUM,,,,,,,,,1.1,,,1.1,,,,,,,,1.0999999999999999,,,,,
1804,KEPAK AYAM (CHICKEN WING) (1KG),1kg,BARANGAN SEGAR,AYAM,,,,,,,,,15.302845528455284,,,15.29016393442623,,,,,,,,15.522758620689656,,,,,
1819,LENGKUAS,1kg,BARANGAN SEGAR,SAYUR-SAYURAN,9.42046511627907,9.322407407407407,8.81873949579832,8.899915254237289,8.893898305084745,8.94008547008547,8.910854700854701,8.868099173553718,8.763760683760685,8.76025641025641,8.824444444444445,8.860508474576271,8.957413793103449,8.927391304347827,8.925315315315316,8.846666666666666,8.832127659574468,8.848105263157896,8.867604166666666,8.693366336633664,8.752641509433962,8.873928571428571,8.79203539823009,8.75713043478261,8.74271186440678
1822,BERAS SUPER SPECIAL TEMPATAN SABAH RICE VAGAS TOKOU,10 kg,BARANGAN BERBUNGKUS,BERAS,,,,,,,,,27.72142857142857,,,27.734,,,,,,,,27.69333333333333,,,,,
1823,BERAS TQR SABAH CAP TKC 5%,10 kg,BARANGAN BERBUNGKUS,BERAS,,,,,,,,,33.99666666666667,,,33.99666666666667,,,,,,,,33.9975,,,,,
1824,BERAS SUPER HUMA CAP KELISA EMAS (SABAH),10 kg,BARANGAN BERBUNGKUS,BERAS,,,,,,,,,32.99545454545455,,,32.995000000000005,,,,,,,,32.99625,,,,,
1825,BERAS SUPER CAP ANGGUR SAZARICE 5% (IMPORT THAILAND),10 kg,BARANGAN BERBUNGKUS,BERAS,,,,,,,,,28.401304347826088,,,28.396818181818183,,,,,,,,28.403333333333332,,,,,
1826,BERAS SUPER CAP RODA SAZARICE 5% (IMPORT THAILAND),10 kg,BARANGAN BERBUNGKUS,BERAS,,,,,,,,,28.211428571428574,,,28.211428571428574,,,,,,,,28.23166666666667,,,,,
1827,"TEPUNG GANDUM NGP (BERBUNGKUS, CAP MUHIBAH)",1kg,BARANGAN BERBUNGKUS,TEPUNG,,,,,,,,,3.28,,,3.2305555555555556,,,,,,,,3.2,,,,,
1832,BERAS CAP GOLDEN SARAWAK (SST5%),10 kg,BARANGAN BERBUNGKUS,BERAS,,,,,,,,,28.0,,,28.0,,,,,,,,28.0,,,,,
1833,BERAS PREMIUM CAP UNCLE TAN,10 kg,BARANGAN BERBUNGKUS,BERAS,,,,,,,,,31.0,,,31.0,,,,,,,,31.0,,,,,
1849,TEPUNG NAIK SENDIRI CAP 'BLUE KEY',1kg,BARANGAN BERBUNGKUS,TEPUNG,,,,,,,,,4.597857142857143,,,4.566282051282052,,,,,,,,4.71,,,,,
1852,DESA FRESH MILK (KOTAK),1 liter,MINUMAN,TERSEDIA MINUM,,,,,,,,,,,,,,,,,,,,7.3025,,,,,
1854,KORDIAL F&N SUN VALLEY (GRENADINE),2 liter,MINUMAN,BAHAN-BAHAN MINUMAN,,,,,,,,,,,,,,,,,,,,12.245000000000001,,,,,
1870,"TEPUNG GANDUM NGP (BERBUNGKUS, CAP  FAIZA)",1kg,BARANGAN BERBUNGKUS,TEPUNG,,,,,,,,,3.5850549450549454,,,3.577126436781609,,,,,,,,3.539518072289156,,,,,
1872,MAYONIS SEBENAR LADY'S CHOICE,220ml,BARANGAN BERBUNGKUS,SAPUAN (SPREADS),,,,,,,,,7.601574074074073,,,7.621711711711711,,,,,,,,7.601212121212121,,,,,
1876,PELEMBUT PAKAIAN - DOWNY (PREMIUM PARFUM PASSION),800ml,PRODUK KEBERSIHAN,PENJAGAAN RUMAH,,,,,,,,,12.120102040816326,,,12.162244897959184,,,,,,,,12.10020618556701,,,,,
1879,SEVEN UP LEMON & LIME (TIN),320ml,MINUMAN,TERSEDIA MINUM,,,,,,,,,1.8270454545454546,,,1.8248863636363637,,,,,,,,1.8402247191011236,,,,,
1899,CILI KERING KERINTING (BERTANGKAI/TIDAK BERTANGKAI),1kg,BARANGAN KERING,CILI KERING,,,,,,,,,17.182330097087377,,,17.16018867924528,,,,,,,,17.411743119266053,,,,,
1900,CILI KERING LEPER (BERTANGKAI/TIDAK BERTANGKAI),1kg,BARANGAN KERING,CILI KERING,,,,,,,,,19.07425925925926,,,19.333076923076923,,,,,,,,18.981875,,,,,
1904,DUMEX DUGRO 3 (1-3 TAHUN) PERISA ASLI (850G),850g,SUSU DAN BARANGAN BAYI,SUSU BAYI,,,,,,,,,26.388861788617884,,,26.277846153846152,,,,,,,,26.094923076923077,,,,,
1913,DAGING LEMBU IMPORT (BLOCK),1kg,BARANGAN SEGAR,DAGING,,,,,,,,,33.059999999999995,,,31.652142857142856,,,,,,,,32.86277777777778,,,,,
1914,DAGING KERBAU IMPORT (INDIA) (BLOCK),1kg,BARANGAN SEGAR,DAGING,,,,,,,,,22.822456140350877,,,22.983124999999998,,,,,,,,23.1231914893617,,,,,
1915,IKAN JENAHAK (KEPINGAN),1kg,BARANGAN SEGAR,BAHAN LAUT,,,,,,,,,52.08453333333333,,,53.38313432835821,,,,,,,,51.83851351351352,,,,,
1916,IKAN DEMUDUK/CUPAK/CERMIN (b	$ 3 EKOR SEKILOGRAM),1kg,BARANGAN SEGAR,BAHAN LAUT,25.506249999999998,27.944,32.152093023255816,32.048478260869565,32.959767441860464,33.495555555555555,33.42333333333333,33.247142857142855,33.430638297872335,33.894864864864864,34.19,34.150263157894734,34.4540625,34.1878125,34.658,34.732142857142854,34.364374999999995,33.939,34.20304347826087,34.08038461538461,35.338095238095235,36.218333333333334,36.358695652173914,35.824230769230766,34.126
1921,IKAN TILAPIA MERAH (ANTARA 2 HINGGA 5 EKOR SEKILOGRAM),1kg,BARANGAN SEGAR,IKAN DARAT,17.2,17.25551724137931,17.34186440677966,17.281290322580645,17.31709677419355,17.169310344827586,17.185084745762712,17.138275862068966,17.25516129032258,17.234375,17.177936507936508,17.28873015873016,17.42016129032258,17.35876923076923,17.349253731343286,17.450294117647058,17.39840909090909,17.334130434782608,17.225,17.41754716981132,17.567777777777778,17.413333333333334,17.421499999999998,17.21372549019608,17.181489361702127
1923,TERUNG BULAT,1kg,BARANGAN SEGAR,SAYUR-SAYURAN,,,,,,,,,8.672784810126583,,,8.108441558441559,,,,,,,,8.288985507246377,,,,,
1926,CILI AKAR HIJAU,1kg,BARANGAN SEGAR,SAYUR-SAYURAN,14.505217391304347,13.641874999999999,13.748484848484848,13.5407,13.324141414141414,13.073619047619047,12.896732673267326,12.891470588235295,12.888514851485148,13.097745098039216,12.276213592233008,12.22388349514563,12.019705882352941,12.12105769230769,12.087425742574256,12.742857142857142,12.523695652173913,12.499473684210527,12.64163043478261,12.4037,12.457473684210527,12.229130434782608,12.338888888888889,12.3434375,12.170520833333335
1927,CILI AKAR MERAH,1kg,BARANGAN SEGAR,SAYUR-SAYURAN,27.385384615384616,27.415641025641026,26.86679611650485,26.037378640776698,25.198712871287125,25.23533980582524,24.660299999999996,25.119215686274508,25.092828282828282,25.0418,22.684077669902912,21.93942857142857,21.284141414141416,21.370808080808082,21.566999999999997,21.64428571428571,21.151363636363637,21.31,21.161494252873563,21.276999999999997,21.302886597938144,21.560306122448978,21.53237623762376,20.576176470588234,21.120927835051546
1928,LIMAU KASTURI,1kg,BARANGAN SEGAR,SAYUR-SAYURAN,6.453863636363637,6.499824561403509,6.374824561403509,6.367565217391304,6.336017699115044,6.417719298245614,6.5978260869565215,6.663826086956522,6.734220183486238,6.783603603603604,7.134504504504504,7.365431034482759,7.5533636363636365,7.549363636363637,7.610194174757281,7.700317460317461,7.859358974358974,7.87,7.759655172413794,7.818369565217393,7.8348387096774195,8.032079207920793,8.037040816326531,7.9501,8.228715596330275
1929,SANTAN KELAPA SEGAR (PEKAT),1kg,BARANGAN SEGAR,KELAPA,,,,,,,,,12.668571428571429,,,12.668571428571429,,,,,,,,11.975714285714286,,,,,
1931,BAWANG BESAR IMPORT (PAKISTAN),1kg,BARANGAN KERING,BAWANG,1.9,2.045,2.32,2.1266666666666665,2.1266666666666665,2.045,2.045,2.5566666666666666,2.5566666666666666,2.5566666666666666,2.5566666666666666,1.89,2.08,2.08,2.08,,1.9,1.9,1.9,1.79,1.79,1.9566666666666668,2.0233333333333334,2.09,2.02
1937,MINYAK MASAK TULEN CAP SAJI,1kg,BARANGAN BERBUNGKUS,MINYAK DAN LEMAK,,,,,,,,,6.9,,,6.9,,,,,,,,6.9,,,,,
1938,MINYAK MASAK TULEN CAP SAJI,2 kg,BARANGAN BERBUNGKUS,MINYAK DAN LEMAK,,,,,,,,,13.288157894736841,,,13.287692307692309,,,,,,,,13.28857142857143,,,,,
1939,MINYAK MASAK TULEN CAP SAJI,5 kg,BARANGAN BERBUNGKUS,MINYAK DAN LEMAK,,,,,,,,,30.65211538461538,,,30.671683168316832,,,,,,,,30.83359550561797,,,,,
1940,MINYAK MASAK TULEN CAP ALIF,1kg,BARANGAN BERBUNGKUS,MINYAK DAN LEMAK,,,,,,,,,6.900000000000001,,,6.9,,,,,,,,6.9,,,,,
1941,MINYAK MASAK TULEN CAP ALIF,2 kg,BARANGAN BERBUNGKUS,MINYAK DAN LEMAK,,,,,,,,,13.300000000000002,,,13.300000000000002,,,,,,,,13.300000000000002,,,,,
1942,MINYAK MASAK TULEN CAP ALIF,5 kg,BARANGAN BERBUNGKUS,MINYAK DAN LEMAK,,,,,,,,,30.06523809523809,,,30.008095238095237,,,,,,,,30.312857142857144,,,,,
1944,KACANG SOYA (IMPORT),1kg,BARANGAN KERING,KACANG,,,,,,,,,9.32,,,9.218101265822785,,,,,,,,9.419487179487179,,,,,
1947,SERBUK PENAIK ROYAL (TIN),113g,BARANGAN BERBUNGKUS,ESEN DAN RAGI,,,,,,,,,6.55710843373494,,,6.575357142857143,,,,,,,,6.5761111111111115,,,,,
1951,BERAS SUPER CAP 3A BOY (IMPORT),10 kg,BARANGAN BERBUNGKUS,BERAS,,,,,,,,,30.0975,,,30.054285714285715,,,,,,,,30.25714285714286,,,,,
1953,KRIMER MANIS PEKAT CAP SAJI,500 g,BARANGAN BERBUNGKUS,KRIMER DAN SUSU TEPUNG,,,,,,,,,3.3211363636363633,,,3.3208333333333333,,,,,,,,3.2952325581395345,,,,,
1955,YOGURT MARIGOLD (LOW FAT) (STRAWBERRY),130g,MINUMAN,TERSEDIA MINUM,,,,,,,,,2.815943396226415,,,2.8186666666666667,,,,,,,,2.8327941176470586,,,,,
1960,SUSU SEGAR KURMA FARM FRESH,700 g,MINUMAN,TERSEDIA MINUM,,,,,,,,,8.900149253731344,,,8.862037037037037,,,,,,,,8.6472,,,,,
1963,REFILL ANMUM ESSENTIAL LANGKAH 4 PERISA ASLI (TANPA GULA TAMBAHAN) - KOTAK,550 g,SUSU DAN BARANGAN BAYI,SUSU BAYI,,,,,,,,,35.60595238095238,,,35.54858823529412,,,,,,,,35.69373493975903,,,,,
1964,QUAKER OATS INSTANT OATMEALS,1kg,MINUMAN,BAHAN-BAHAN MINUMAN,,,,,,,,,11.208775510204083,,,11.273541666666667,,,,,,,,11.377619047619048,,,,,
1966,MILNA BISKUT RUSK (ASLI),130g,SUSU DAN BARANGAN BAYI,MAKANAN BAYI,,,,,,,,,7.76,,,7.782191780821918,,,,,,,,7.782631578947369,,,,,
1976,MAGGI MI SEGERA PERISA KARI,5 X 79g,BARANGAN BERBUNGKUS,MI SEGERA,,,,,,,,,4.835873015873016,,,4.9360937499999995,,,,,,,,4.849147286821705,,,,,
1984,SYAMPU HEAD & SHOULDERS (SMOOTH & SILKY),330 ml,PRODUK KEBERSIHAN,PENJAGAAN DIRI,,,,,,,,,17.03829268292683,,,17.067741935483873,,,,,,,,17.010080645161292,,,,,
1987,DEODORAN NIVEA MAN (BLACK & WHITE INVISIBLE - ORIGINAL),150 ml,PRODUK KEBERSIHAN,PENJAGAAN DIRI,,,,,,,,,18.41371794871795,,,18.300394736842104,,,,,,,,18.18329268292683,,,,,
1988,DEODORAN NIVEA (EXTRA BRIGHTENING),150 ml,PRODUK KEBERSIHAN,PENJAGAAN DIRI,,,,,,,,,20.862340425531915,,,20.90010869565217,,,,,,,,20.932168674698794,,,,,
1989,DEODORAN REXONA MEN (SPORT DEFENSE),50 ml,PRODUK KEBERSIHAN,PENJAGAAN DIRI,,,,,,,,,11.91267441860465,,,11.725609756097562,,,,,,,,11.625061728395062,,,,,
1990,DEODORAN REXONA (POWDER DRY BRIGHTENING),50 ml,PRODUK KEBERSIHAN,PENJAGAAN DIRI,,,,,,,,,10.527027027027026,,,10.402777777777779,,,,,,,,10.7809375,,,,,
1992,SABUN SERBUK ATTACK (AROMA FRESH + COLOUR),800 g,PRODUK KEBERSIHAN,PENJAGAAN RUMAH,,,,,,,,,10.688947368421053,,,10.688947368421053,,,,,,,,10.721666666666668,,,,,
1998,PENCUCI PELBAGAI GUNA DETTOL (LAVENDER),2.5 liter,PRODUK KEBERSIHAN,PENJAGAAN RUMAH,,,,,,,,,23.92727272727273,,,23.938888888888886,,,,,,,,24.221621621621622,,,,,
1999,PENCUCI PELBAGAI GUNA MR MUSCLE (LAVENDER),2 liter,PRODUK KEBERSIHAN,PENJAGAAN RUMAH,,,,,,,,,13.106476190476192,,,13.138796296296297,,,,,,,,13.125728155339806,,,,,
2000,PENCUCI PELBAGAI GUNA AJAX FABULOSO (LAVENDER),2 liter,PRODUK KEBERSIHAN,PENJAGAAN RUMAH,,,,,,,,,13.68048780487805,,,13.714621848739496,,,,,,,,13.683428571428571,,,,,
2001,DUMEX DUPRO 2 (RUMUSAN SUSULAN),850g,SUSU DAN BARANGAN BAYI,SUSU BAYI,,,,,,,,,29.340243902439024,,,29.32983193277311,,,,,,,,29.359115044247787,,,,,
2002,PELUNTUR CLOROX (ORIGINAL),1 liter,PRODUK KEBERSIHAN,PENJAGAAN RUMAH,,,,,,,,,4.894070796460177,,,4.887767857142856,,,,,,,,4.878691588785046,,,,,
2003,BIHUN KERING IMPORT (PELBAGAI JENAMA),400 g,BARANGAN BERBUNGKUS,BIHUN,,,,,,,,,4.4191666666666665,,,4.406153846153846,,,,,,,,4.337692307692308,,,,,
2009,DUTCH LADY 123 (BIASA),850g,SUSU DAN BARANGAN BAYI,SUSU BAYI,,,,,,,,,25.34533834586466,,,25.58823529411765,,,,,,,,24.94116788321168,,,,,
2010,DUTCH LADY 456 (BIASA),850g,SUSU DAN BARANGAN BAYI,SUSU BAYI,,,,,,,,,25.55240310077519,,,25.609699248120297,,,,,,,,25.034160583941606,,,,,
2011,KIUB SUP TOM YAM (MAGGI),6 X 10g,BARANGAN BERBUNGKUS,REMPAH RATUS (BERBUNGKUS),,,,,,,,,3.1869026548672568,,,3.1956410256410255,,,,,,,,3.1801941747572817,,,,,
2014,ENFAGROW A+ MIND PRO LANGKAH 3 VANILA (KOTAK),500 g,SUSU DAN BARANGAN BAYI,SUSU BAYI,,,,,,,,,57.378365384615385,,,57.3316,,,,,,,,57.2686,,,,,
2019,NESCAFE 3 IN 1 ORIGINAL (AROMATIC & BALANCED),25 x 18g,MINUMAN,BAHAN-BAHAN MINUMAN,,,,,,,,,14.035855855855855,,,14.08809090909091,,,,,,,,13.965546875000001,,,,,
2020,YOGURT LACTEL (FAT FREE) (STRAWBERRY),130g,MINUMAN,TERSEDIA MINUM,,,,,,,,,2.829320388349515,,,2.8284000000000002,,,,,,,,2.787857142857143,,,,,
