item_code,item,unit,item_group,item_category,2026-01-01,2026-01-02,2026-01-03,2026-01-04,2026-01-05,2026-01-06,2026-01-07,2026-01-08,2026-01-09,2026-01-10,2026-01-11,2026-01-12,2026-01-13,2026-01-14,2026-01-15,2026-01-16,2026-01-17,2026-01-18,2026-01-19,2026-01-20,2026-01-21,2026-01-22,2026-01-23,2026-01-24,2026-01-25,2026-01-26,2026-01-27,2026-01-28,2026-01-29,2026-01-30,2026-01-31
1,AYAM BERSIH - STANDARD,1kg,BARANGAN SEGAR,AYAM,9.821973684210526,10.050625,10.07188340807175,10.082660550458716,10.103315217391303,10.098256880733945,10.107747747747748,10.116044444444444,10.116858407079645,10.133555555555557,10.118918918918919,10.113333333333333,10.126108597285068,10.115162790697676,10.108243243243244,10.077162162162162,10.125680473372782,10.09421568627451,10.116182795698926,10.112262443438913,10.122072072072072,10.132633928571428,10.113201754385965,10.111982378854625,10.125837104072398,10.132291666666667,10.157702702702704,10.166222222222222,10.169647577092512,10.164776785714285,10.147792792792792
2,AYAM BERSIH - SUPER,1kg,BARANGAN SEGAR,AYAM,11.433333333333332,11.833333333333334,11.856,11.90625,11.907307692307693,11.841379310344827,11.846333333333332,11.837931034482759,11.825806451612904,11.8371875,11.8434375,11.87857142857143,11.812903225806451,11.785862068965518,11.9,11.876666666666667,11.862068965517242,11.82258064516129,11.899655172413794,11.856666666666666,11.831935483870968,11.845161290322581,11.856250000000001,11.80967741935484,11.828125,11.88241379310345,11.819354838709677,11.8746875,11.806451612903226,11.83939393939394,11.754838709677419
9,DAGING KAMBING BEBIRI IMPORT BERTULANG (MUTTON) (AUSTRALIA - KOTAK),1kg,BARANGAN SEGAR,DAGING,,,,34.0,32.86666666666667,,,,,,35.0,33.0625,,,,,,35.0,33.285714285714285,,,,,,35.0,33.1875,,,34.285714285714285,,
10,DAGING KAMBING BEBIRI IMPORT BERTULANG (MUTTON) (NEW ZEALAND - KOTAK),1kg,BARANGAN SEGAR,DAGING,,,,34.5,31.6,,,,,,36.5,31.6,,,,,,36.2,31.6,,,,,,36.2,31.0,,,33.888888888888886,,
11,DAGING KAMBING BEBIRI IMPORT TANPA TULANG (MUTTON) (TIDAK TERMASUK PAHA - AUSTRALIA),1kg,BARANGAN SEGAR,DAGING,,,,47.0,45.0,,,,,,46.0,45.0,,,,,,47.0,45.142857142857146,,,,,,47.0,45.142857142857146,,,46.733333333333334,,
12,DAGING KAMBING BEBIRI IMPORT TANPA TULANG (MUTTON) (TIDAK TERMASUK PAHA - NEW ZEALAND),1kg,BARANGAN SEGAR,DAGING,,,,47.0,,,,,35.0,,46.0,,,,,,,47.0,40.5,,,,,,47.0,40.5,,,44.833333333333336,,
14,DAGING KERBAU IMPORT (INDIA) * (TOP SIDE),1kg,BARANGAN SEGAR,DAGING,,,,23.714285714285715,23.257575757575758,,,,,,23.666666666666668,23.36764705882353,,,,,,23.714285714285715,23.328125,,,,,,23.714285714285715,23.56451612903226,,,23.840425531914892,,
19,PISANG EMAS,1kg,BARANGAN SEGAR,BUAH-BUAHAN,,,,,,,,,,,,,,,,,,,,,,,,,,,,,7.5,,
21,TEMBIKAI MERAH TANPA BIJI,1kg,BARANGAN SEGAR,BUAH-BUAHAN,,,,,,,,,,,,,,,,,,,,,,,,,,,,,4.5,,
27,ANGGUR MERAH BERBIJI,1kg,BARANGAN SEGAR,BUAH-BUAHAN,,,,,,,,,,,,,,,,,,,,,,,,,,,,,23.0,,
38,JAMBU BATU BERBIJI,1kg,BARANGAN SEGAR,BUAH-BUAHAN,,,,,,,,,,,,,,,,,,,,,,,,,,6.0,,,,,
39,JAMBU BATU TANPA BIJI,1kg,BARANGAN SEGAR,BUAH-BUAHAN,,,,,,,,,,,,,,,,,,,,,,,,,,,,,9.0,,
43,IKAN BAWAL HITAM (ANTARA 2 HINGGA 5 EKOR SEKILOGRAM),1kg,BARANGAN SEGAR,BAHAN LAUT,,,,29.11111111111111,27.311933333333332,,,,26.0,,28.0,27.456000000000003,,,,,,28.09090909090909,27.61551948051948,,,,,,27.2,27.125,,,27.332307692307694,,
47,IKAN CENCARU (ANTARA 4 HINGGA 6 EKOR SEKILOGRAM),1kg,BARANGAN SEGAR,BAHAN LAUT,11.330645161290322,11.46888888888889,11.461827956989248,11.466847826086957,11.355244755244755,11.561016949152542,11.597191011235957,11.463690476190477,11.655555555555557,11.583243243243244,11.707567567567567,11.597028985507245,11.597752808988764,11.731073446327684,11.711111111111112,11.629000000000001,11.666037735849057,11.491145833333334,11.371515151515151,11.418226600985221,11.279802955665026,11.40507614213198,11.342028985507246,11.329951690821257,11.334020618556702,11.18625,11.378974358974359,11.516019417475729,11.395169082125605,11.310952380952381,11.385929648241207
52,KEPALA IKAN JENAHAK,1kg,BARANGAN SEGAR,BAHAN LAUT,,,,,,,,,,,,,,,,,,,,,,,,,,,,,33.0,,
55,IKAN KEMBUNG KECIL/PELALING (ANTARA 10 HINGGA 18 EKOR SEKILOGRAM),1kg,BARANGAN SEGAR,BAHAN LAUT,13.65,15.201041666666667,15.316521739130435,15.410784313725491,14.383333333333333,14.43828947368421,14.648,15.301020408163266,15.394059405940594,15.387068965517242,15.334821428571429,14.870270270270272,14.872527472527473,14.931958762886598,14.762962962962964,14.853543307086614,15.071134020618558,14.688793103448276,14.386516853932585,14.875229357798165,14.911764705882353,14.72659574468085,15.111904761904762,15.334065934065935,15.00909090909091,14.502564102564103,14.999,14.601869158878506,15.232380952380954,15.114444444444445,15.75340909090909
64,KEPALA IKAN MERAH,1kg,BARANGAN SEGAR,BAHAN LAUT,,,,,,,,,,,,,,,,,,,,,,,,,,,,,36.0,,
69,IKAN SELAR KUNING (b	% 11 EKOR SEKILOGRAM),1kg,BARANGAN SEGAR,BAHAN LAUT,12.95,14.94,14.763793103448275,14.514814814814814,14.262500000000001,13.925531914893616,14.551785714285714,14.6875,14.52,15.011627906976743,15.085714285714285,15.11111111111111,15.286842105263156,14.333333333333334,15.250980392156862,14.299999999999999,14.464406779661017,13.80892857142857,13.456410256410255,13.99016393442623,13.76,13.908928571428572,13.81551724137931,14.148214285714285,14.329629629629629,13.241935483870968,13.625423728813558,13.718032786885246,13.750847457627119,13.463157894736842,14.598181818181818
70,IKAN SELAR PELATA (≤ 7 EKOR SEKILOGRAM),1kg,BARANGAN SEGAR,BAHAN LAUT,18.113636363636363,18.08985507246377,18.02910447761194,18.236184210526318,17.625,17.779605263157894,17.97948717948718,17.911678832116788,18.05763888888889,18.02537313432836,18.0,17.871951219512194,18.312213740458017,18.148226950354612,17.69074074074074,17.905847953216377,17.884172661870505,17.681818181818183,17.335658914728683,17.55090909090909,17.52528735632184,17.332571428571427,17.47919075144509,17.482584269662922,17.795541401273887,17.777391304347827,18.103448275862068,17.64407894736842,17.597887323943663,17.725333333333335,17.674834437086094
88,IKAN KELI (ANTARA 2 HINGGA 5 EKOR SEKILOGRAM),1kg,BARANGAN SEGAR,IKAN DARAT,10.535714285714286,10.412403100775194,10.3765625,10.384962406015038,10.330555555555556,10.40074074074074,10.438970588235295,10.358646616541353,10.38102189781022,10.42,10.341044776119404,10.348571428571427,10.256934306569343,10.338848920863308,10.358955223880596,10.326666666666666,10.184905660377357,10.329411764705883,10.350943396226416,10.354887218045112,10.320289855072463,10.366165413533835,10.311363636363636,10.324060150375939,10.319259259259258,10.330555555555556,10.26590909090909,10.293430656934307,10.315328467153286,10.296268656716418,10.360144927536233
92,CILI HIJAU,1kg,BARANGAN SEGAR,SAYUR-SAYURAN,14.418604651162791,13.944723618090451,14.086538461538462,14.331683168316832,14.35672514619883,14.20388349514563,14.078048780487805,14.236180904522612,14.2725,14.226600985221674,14.232142857142858,14.31547619047619,14.3375,14.373684210526315,14.16751269035533,14.172413793103448,14.144508670520231,14.160526315789474,14.302395209580839,14.115,14.039800995024876,13.938775510204081,13.892857142857142,13.851282051282052,13.81675392670157,13.895705521472392,13.82010582010582,13.911917098445596,13.938461538461539,13.864321608040202,13.982142857142858
93,CILI MERAH - KULAI,1kg,BARANGAN SEGAR,SAYUR-SAYURAN,18.013698630136986,19.46629213483146,19.724137931034484,19.627906976744185,19.7987012987013,19.937142857142856,20.147727272727273,20.179775280898877,20.257142857142856,20.417142857142856,20.74705882352941,20.78481012658228,20.94311377245509,20.918079096045197,20.75977653631285,20.763440860215052,20.882758620689657,20.63095238095238,20.31547619047619,20.337016574585636,20.18716577540107,20.07650273224044,19.89516129032258,19.973118279569892,19.72159090909091,19.557692307692307,19.791208791208792,19.85082872928177,19.76984126984127,19.756756756756758,19.82941176470588
94,CILI MERAH - MINYAK,1kg,BARANGAN SEGAR,SAYUR-SAYURAN,18.5,18.059055118110237,18.096,18.37007874015748,18.61881188118812,18.891666666666666,18.842307692307692,19.032,19.106060606060606,18.984615384615385,19.17829457364341,18.91919191919192,19.4390243902439,19.09633027522936,19.214285714285715,19.41891891891892,19.488888888888887,19.642857142857142,19.601190476190474,19.86190476190476,19.642857142857142,19.92924528301887,19.92718446601942,19.963541666666668,19.79,19.25974025974026,19.022988505747126,18.989473684210527,19.352631578947367,19.14851485148515,19.297029702970296
95,HALIA BASAH (TUA),1kg,BARANGAN SEGAR,SAYUR-SAYURAN,10.344827586206897,11.036881720430108,11.042563176895307,11.006556776556776,11.170619834710743,11.058357664233576,11.079673913043477,11.058357664233576,11.07910071942446,11.126317689530685,11.061301115241635,11.029124999999999,11.011963636363637,11.030932835820895,10.98101818181818,11.045806451612902,11.12110599078341,11.10387351778656,11.084628099173553,10.97098901098901,10.991897810218978,10.937608695652173,10.897007299270072,10.92043956043956,10.884684014869888,11.03325,10.975762081784387,10.937153284671531,10.964057971014492,10.874927536231883,10.93511111111111
96,KACANG BENDI,1kg,BARANGAN SEGAR,SAYUR-SAYURAN,10.97887323943662,10.611627906976745,10.62423076923077,10.445173745173745,10.330222222222224,10.2109375,10.098814229249012,10.119047619047619,10.054435483870968,10.113545816733067,10.04655870445344,9.995515695067265,9.947876447876448,9.999224806201552,10.01264367816092,9.997368421052633,9.845192307692308,9.87061224489796,10.001298701298703,9.967045454545456,9.932442748091603,10.003076923076923,9.776153846153846,9.778988326848248,9.72170542635659,9.711158798283261,9.72889733840304,9.66865671641791,9.680152671755724,9.732432432432432,9.675294117647057
97,KACANG BUNCIS,1kg,BARANGAN SEGAR,SAYUR-SAYURAN,14.775,14.20381974248927,14.327543103448274,14.690221238938053,15.161375661375661,15.287946428571429,15.021645021645021,14.783549783549784,14.5609243697479,14.251028806584362,13.98936170212766,13.69368932038835,13.499585062240664,13.542016806722689,13.3130081300813,13.39917695473251,13.598984771573605,13.696581196581196,14.045454545454545,14.342323651452283,14.453061224489796,14.84349593495935,14.705394190871369,14.80812244897959,14.717531380753137,14.47882629107981,14.396300813008128,14.309015748031495,14.130395256916994,13.658730158730158,13.506024096385541
98,KACANG PANJANG,1kg,BARANGAN SEGAR,SAYUR-SAYURAN,10.64935064935065,10.22983870967742,10.167330677290837,10.14516129032258,9.974770642201834,9.942913385826772,9.9296875,9.893700787401574,9.914342629482071,9.914342629482071,9.873983739837398,9.809090909090909,9.900398406374501,9.959839357429718,9.804347826086957,9.796153846153846,9.703791469194313,9.5850622406639,9.659247787610619,9.575250965250964,9.392,9.306772908366534,9.197628458498023,9.115686274509804,9.07991967871486,9.087053571428571,9.074509803921568,8.912213740458014,8.91891891891892,8.93407843137255,8.7812109375
101,KELAPA BIJI,1 biji,BARANGAN SEGAR,KELAPA,,,,3.4375,3.348,,,,,,3.5,3.346753246753247,,,,,,3.5,3.344736842105263,,,,,,3.45,3.353164556962025,,,3.3565656565656568,,
102,KELAPA PARUT,1kg,BARANGAN SEGAR,KELAPA,,,,11.909090909090908,11.963571428571429,,,,12.0,,12.1,12.01376811594203,,,,,,11.818181818181818,11.963829787234044,,,,,,11.909090909090908,11.942957746478873,,12.0,11.861676646706588,,
103,SANTAN KELAPA SEGAR (BIASA),1kg,BARANGAN SEGAR,KELAPA,,,,12.666666666666666,14.152439024390244,,,,,,13.222222222222221,14.146341463414634,,,,,,13.090909090909092,14.095238095238095,,,,,,13.2,13.988235294117647,,,13.714285714285714,,
104,KUBIS BULAT IMPORT (CHINA),1kg,BARANGAN SEGAR,SAYUR-SAYURAN,4.155172413793103,4.262130177514793,4.276608187134503,4.3071856287425145,4.357676056338028,4.312280701754386,4.249425287356321,4.302272727272728,4.265168539325843,4.265340909090909,4.277325581395349,4.375496688741722,4.312222222222222,4.311436781609195,4.291564245810055,4.278833333333333,4.276739130434783,4.252732919254658,4.346137931034483,4.314310344827586,4.288895348837209,4.255497076023392,4.235536723163841,4.271453488372092,4.281265060240964,4.389115646258504,4.27125748502994,4.262359550561798,4.259770114942529,4.258100558659218,4.277094972067039
105,KUBIS BULAT (TEMPATAN),1kg,BARANGAN SEGAR,SAYUR-SAYURAN,6.076923076923077,6.328571428571428,6.286231884057971,6.318181818181818,6.333333333333333,6.358778625954199,6.368115942028985,6.2972027972027975,6.2846715328467155,6.2913669064748206,6.317164179104478,6.219327731092437,6.312,6.288,6.334586466165414,6.359848484848484,6.538135593220339,6.507936507936508,6.364406779661017,6.37593984962406,6.325581395348837,6.251937984496124,6.301587301587301,6.23828125,6.256,6.178260869565217,6.318897637795276,6.27109375,6.27593984962406,6.253383458646617,6.223076923076923
108,KUNYIT HIDUP,1kg,BARANGAN SEGAR,SAYUR-SAYURAN,10.265060240963855,10.918287937743191,10.887692307692308,10.878125,11.105309734513275,10.850194552529183,10.818287937743191,10.859689922480621,10.906923076923078,10.850194552529183,10.791666666666666,11.024017467248909,10.767441860465116,10.776892430278885,10.708045977011494,10.718939393939394,10.706467661691542,10.816170212765957,10.916666666666666,10.698039215686274,10.76484375,10.84046692607004,10.746124031007753,10.787937743190662,10.74901185770751,10.98898678414097,10.79233870967742,10.76070038910506,10.82295719844358,10.73015873015873,10.772727272727273
109,LOBAK MERAH,1kg,BARANGAN SEGAR,SAYUR-SAYURAN,5.028409090909091,5.236162361623617,5.191881918819188,5.231800766283525,5.226293103448276,5.191287878787879,5.185393258426966,5.205555555555556,5.222846441947565,5.260223048327138,5.280534351145038,5.25,5.19589552238806,5.276717557251908,5.234317343173432,5.189138576779026,5.223809523809524,5.218367346938775,5.182773109243698,5.202247191011236,5.238970588235294,5.250943396226415,5.236940298507463,5.1943656716417905,5.1425475285171105,5.161844262295082,5.128694029850746,5.147773722627737,5.139157509157509,5.144981412639405,5.143445692883895
113,TIMUN,1kg,BARANGAN SEGAR,SAYUR-SAYURAN,4.4476744186046515,4.420902527075813,4.445652173913044,4.440520446096654,4.54,4.456877323420074,4.418978102189781,4.449280575539569,4.451094890510949,4.41546762589928,4.42910447761194,4.4365853658536585,4.41326164874552,4.442435424354244,4.404301075268817,4.4075539568345325,4.431531531531531,4.422868217054263,4.377959183673469,4.402583025830258,4.366917293233082,4.279622641509434,4.284469696969697,4.28594696969697,4.243256704980843,4.167768240343348,4.169809160305344,4.166628352490421,4.129305019305019,4.138093385214008,4.113794466403162
114,TOMATO,1kg,BARANGAN SEGAR,SAYUR-SAYURAN,6.3882352941176475,6.2874509803921566,6.231325301204819,6.1987394957983195,6.321612903225806,6.30196,6.346059479553903,6.65231046931408,7.1840070921985815,7.693558718861209,8.161054545454546,8.440791666666666,8.593713235294118,8.786574803149605,8.854192307692308,8.986156716417911,8.982333333333333,8.988418803418803,8.954954545454545,8.681884615384615,8.211486988847582,7.854074074074074,7.450735294117647,7.050373134328358,6.944656488549619,6.865145228215767,6.845588235294118,6.8791208791208796,7.113669064748201,7.340501792114695,7.590579710144928
118,TELUR AYAM GRED A (BERAT 65.0 GM HINGGA 69.9 GM SEBIJI),10 biji,BARANGAN SEGAR,TELUR,,,,,,,,,,,,,,,,,,,4.7,,,,,,,4.7,,,4.7,,
119,TELUR AYAM GRED B (BERAT 60.0 GM HINGGA 64.9 GM),10 biji,BARANGAN SEGAR,TELUR,,,,,,,,,,,,4.6,,,,,,,4.5,,,,,,,4.5,,,4.5,,
120,TELUR AYAM GRED C (BERAT 55.0 GM HINGGA 59.9 GM SEBIJI),10 biji,BARANGAN SEGAR,TELUR,,,,,,,,,,,,4.5,,,,,,,4.4,,,,,,,4.4,,,4.4,,
129,BAWANG BESAR KUNING/HOLLAND,1kg,BARANGAN KERING,BAWANG,4.524390243902439,4.726278195488722,4.743854961832061,4.729604743083004,4.780219298245614,4.746908396946565,4.768383458646617,4.7812359550561805,4.836981132075471,4.819847328244275,4.8223529411764705,4.859565217391305,4.8171102661596965,4.77272373540856,4.760526315789473,4.762781954887219,4.79047619047619,4.791769547325103,4.849565217391305,4.833707865168539,4.866176470588235,4.83962962962963,4.859851301115241,4.843445692883895,4.830566037735848,4.840343347639485,4.787832699619772,4.822471910112359,4.825912408759124,4.820149253731343,4.826315789473684
131,BAWANG KECIL MERAH ROSE IMPORT (INDIA),1kg,BARANGAN KERING,BAWANG,10.915384615384616,11.38471337579618,11.535294117647059,11.698692810457517,11.666666666666666,11.841780821917808,11.915753424657535,11.879285714285714,12.052554744525548,12.116546762589929,12.118939393939394,12.103125,12.454166666666667,12.439823008849558,12.518487394957983,12.53448275862069,12.808163265306122,12.724545454545455,12.701204819277109,13.223148148148148,13.074311926605503,13.250943396226415,13.528703703703703,13.505555555555555,13.669158878504673,13.62159090909091,13.763106796116505,13.91132075471698,13.978703703703705,14.085185185185185,14.035238095238096
132,BAWANG KECIL MERAH IMPORT (THAILAND),1kg,BARANGAN KERING,BAWANG,15.019047619047617,14.433636363636364,14.439285714285715,14.497272727272728,14.28641975308642,14.351818181818182,14.268644067796611,14.25983606557377,14.308403361344538,14.21,14.16694214876033,14.21888888888889,14.194957983193278,14.222033898305085,14.166929133858268,14.245669291338583,14.245631067961165,14.2416,14.168627450980393,14.13828125,14.187121212121212,14.164341085271317,14.093846153846155,14.0576,14.032307692307693,13.907920792079208,13.924615384615384,13.90431654676259,13.903649635036496,13.780916030534351,13.80381679389313
180,TEH BOH (UNCANG),100 beg,MINUMAN,BAHAN-BAHAN MINUMAN,,,,16.5,14.811111111111112,,,,,,,,,,,,,,,,,,,,16.0,14.8,,,,,
191,SARDIN CAP AYAM (SOS TOMATO),425 g,BARANGAN BERBUNGKUS,IKAN DALAM TIN,,,,10.705555555555556,10.485593220338982,,,,10.5,,10.705555555555556,10.489565217391304,,,,,,10.685,10.507563025210084,,,,,,10.685,10.49625,,,10.490714285714287,,
193,SARDIN CAP KING CUP (SOS TOMATO),425 g,BARANGAN BERBUNGKUS,IKAN DALAM TIN,,,,,9.024590163934427,,,,,,,8.961666666666668,,,,,,,9.025396825396825,,,,,,,9.033870967741937,,,9.028125,,
205,MARJERIN DAISY,480 g,BARANGAN BERBUNGKUS,SAPUAN (SPREADS),,,,,10.425,,,,,,,10.540000000000001,,,,,,,10.72,,,,,,,10.72,,,10.425,,
206,MARJERIN PLANTA,480 g,BARANGAN BERBUNGKUS,SAPUAN (SPREADS),,,,13.1,12.462068965517243,,,,,,12.966666666666667,12.453846153846154,,,,,,13.1,12.26551724137931,,,,,,12.98,12.355555555555556,,,12.534285714285714,,
214,KICAP LEMAK MANIS CAP KIPAS UDANG,345ml,BARANGAN BERBUNGKUS,KICAP DAN SOS,,,,7.2,6.739393939393939,,,,6.6,,6.977777777777778,6.723308270676692,,,,,,6.944444444444445,6.723134328358209,,,,,,6.944444444444445,6.722142857142857,,7.0,6.752229299363059,,
217,SOS TOMATO MAGGI,325 g,BARANGAN BERBUNGKUS,KICAP DAN SOS,,,,4.516666666666667,4.497826086956522,,,,4.2,,4.466666666666667,4.496739130434783,,,,,,4.4714285714285715,4.502127659574468,,,,,,4.516666666666667,4.472631578947368,,,4.463063063063063,,
218,SOS CILI LIFE,340 g,BARANGAN BERBUNGKUS,KICAP DAN SOS,,,,4.825,4.711904761904762,,,,,,4.625,4.713333333333333,,,,,,4.625,4.708,,,,,,4.625,4.6812499999999995,,,4.686792452830189,,
254,MINYAK MASAK SEBATIAN CAP HELANG,5 kg,BARANGAN BERBUNGKUS,MINYAK DAN LEMAK,,,,35.0,35.260000000000005,,,,,,35.0,35.06,,,,,,35.0,35.06,,,,,,35.0,34.760000000000005,,,34.7875,,
260,MINYAK MASAK SEBATIAN CAP PISAU,5 kg,BARANGAN BERBUNGKUS,MINYAK DAN LEMAK,,,,35.0,35.34444444444445,,,,,,35.0,35.25714285714286,,,,,,35.0,35.4125,,,,,,35.0,35.25714285714286,,,35.1,,
263,MINYAK MASAK TULEN CAP BURUH,5 kg,BARANGAN BERBUNGKUS,MINYAK DAN LEMAK,,,,30.9,30.855555555555554,,,,,,30.9,30.899999999999995,,,,,,30.9,30.866666666666664,,,,,,30.9,30.869230769230764,,,30.87333333333333,,
266,MINYAK MASAK TULEN CAP SERI MURNI,5 kg,BARANGAN BERBUNGKUS,MINYAK DAN LEMAK,,,,,30.86428571428571,,,,,,,30.86428571428571,,,,,,,30.863636363636363,,,,,,30.9,30.866666666666664,,,30.875,,
267,MINYAK MASAK TULEN CAP VESAWIT,1kg,BARANGAN BERBUNGKUS,MINYAK DAN LEMAK,,,,,6.9,,,,,,,6.900000000000001,,,,,,,6.9,,,,,,6.9,6.900000000000001,,,6.9,,
299,LACTOGEN 1 RUMUSAN BAYI (KOTAK),650g,SUSU DAN BARANGAN BAYI,SUSU BAYI,,,,,29.5,,,,,,,29.25,,,,,,,29.25,,,,,,,29.25,,,29.25,,
300,LACTOGEN 2 RUMUSAN SUSULAN (KOTAK),650g,SUSU DAN BARANGAN BAYI,SUSU BAYI,,,,,29.25,,,,,,,29.25,,,,,,,29.25,,,,,,,29.25,,,29.25,,
350,SERBUK KARI IKAN BABAS,250 g,BARANGAN BERBUNGKUS,REMPAH RATUS (BERBUNGKUS),,,,6.423076923076923,6.219108280254777,,,,6.2,,6.392857142857143,6.231481481481482,,,,,,6.3933333333333335,6.237106918238994,,,,,,6.4071428571428575,6.230952380952381,,6.5,6.241450777202072,,
364,SERBUK CILI BABAS,250 g,BARANGAN BERBUNGKUS,REMPAH RATUS (BERBUNGKUS),,,,7.7700000000000005,7.598198198198199,,,,,,7.709090909090909,7.578761061946903,,,,,,7.733333333333333,7.576576576576577,,,,,,7.7727272727272725,7.588888888888889,,8.0,7.5849315068493155,,
365,SERBUK KUNYIT CAMPURAN (SEBATIAN) ADABI,250 g,BARANGAN BERBUNGKUS,REMPAH RATUS (BERBUNGKUS),,,,7.25,7.3283582089552235,,,,,,7.333333333333333,7.338709677419355,,,,,,7.357142857142857,7.315151515151515,,,,,,7.383333333333333,7.333333333333333,,8.5,7.33125,,
368,KACANG TANAH (IMPORT),1kg,BARANGAN KERING,KACANG,,,,9.090909090909092,9.10253164556962,,,,8.0,,8.791666666666666,9.085093167701864,,,,,,9.038461538461538,9.089570552147238,,,,,,8.923076923076923,9.093373493975903,,9.0,9.093684210526316,,
716,CILI API/PADI HIJAU,1kg,BARANGAN SEGAR,SAYUR-SAYURAN,,,,25.375,30.35483870967742,,,,20.0,,24.75,30.794117647058822,,,,,,26.0,30.705882352941178,,,,,,25.142857142857142,30.214285714285715,,,29.614035087719298,,
845,SOTONG (≥ 6 EKOR SEKILOGRAM),1kg,BARANGAN SEGAR,BAHAN LAUT,33.51923076923077,34.61149425287356,34.398742138364774,34.75921052631579,34.1775,34.7895061728395,34.68705882352941,34.40958083832335,34.24451428571429,34.83475609756098,35.119018404907976,34.404310344827586,34.99303797468354,34.92484472049689,34.90473372781065,34.97386363636363,34.8793388429752,35.23806451612903,34.562400000000004,34.895302013422814,35.093125,34.94355828220859,34.82781065088757,34.791304347826085,34.71225806451613,34.33969465648855,34.51794871794872,34.68867924528302,34.306508875739645,33.841520467836254,33.792073170731705
847,KETAM RENJONG/BUNGA (ANTARA 5 HINGGA 8 EKOR SEKILOGRAM),1kg,BARANGAN SEGAR,BAHAN LAUT,38.94117647058823,37.96630434782609,37.375247524752474,37.132183908045974,35.9375,36.965591397849465,37.348453608247425,37.639,37.74485981308411,38.09791666666667,38.093333333333334,37.529508196721316,38.10957446808511,37.733333333333334,38.203061224489794,36.807843137254906,37.77111111111111,37.76534653465347,37.32,37.136263736263736,37.64392523364486,38.170370370370364,38.18653846153846,38.24901960784314,38.15483870967742,37.822535211267606,37.76274509803922,38.28857142857143,38.19519230769231,38.086111111111116,37.5302752293578
849,UDANG PUTIH KECIL (b	% 61 EKOR SEKILOGRAM),1kg,BARANGAN SEGAR,BAHAN LAUT,,,,,,,,,,,,,,,,,,,,,,,,,,,,,29.0,,
850,UDANG HARIMAU (ANTARA 20 HINGGA 30 EKOR SEKILOGRAM),1kg,BARANGAN SEGAR,BAHAN LAUT,,,,36.5,39.556,,,,,,35.3,41.605555555555554,,,,,,39.0,41.545,,,,,,37.0,40.705882352941174,,,39.88928571428572,,
861,UBI KENTANG HOLLAND,1kg,BARANGAN KERING,UBI KENTANG,4.33,4.4660714285714285,4.456363636363636,4.446296296296296,4.409756097560976,4.522,4.492452830188679,4.525454545454545,4.5946428571428575,4.5754716981132075,4.486538461538462,4.395238095238095,4.5092592592592595,4.5,4.508196721311475,4.504918032786885,4.547826086956522,4.537704918032787,4.506521739130435,4.5508474576271185,4.581666666666666,4.541379310344827,4.516666666666667,4.531034482758621,4.505,4.432558139534883,4.552631578947368,4.560344827586207,4.5423728813559325,4.568965517241379,4.57037037037037
883,KRIMER MANIS BERVITAMIN CAP F&N,500 g,BARANGAN BERBUNGKUS,KRIMER DAN SUSU TEPUNG,,,,4.5600000000000005,4.396153846153846,,,,4.3,,4.529999999999999,4.385526315789474,,,,,,4.527272727272727,4.401219512195122,,,,,,4.555555555555555,4.368604651162791,,,4.422881355932203,,
884,KRIMER MANIS CAP GOLD COIN,500 g,BARANGAN BERBUNGKUS,KRIMER DAN SUSU TEPUNG,,,,,3.4833333333333334,,,,3.5,,,3.4799999999999995,,,,,,,3.461111111111111,,,,,,,3.472972972972973,,,3.473684210526316,,
904,BERAS SUPER CAP RAMBUTAN 5% (IMPORT),10 kg,BARANGAN BERBUNGKUS,BERAS,,,,,36.1,,,,,,,36.1,,,,,,,36.1,,,,,,,36.1,,,36.1,,
910,KORDIAL F&N (SIRAP ROS),2 liter,MINUMAN,BAHAN-BAHAN MINUMAN,,,,13.7,12.407142857142858,,,,,,,,,,,,,,,,,,,,13.0,12.335714285714287,,,,,
917,"TEPUNG GANDUM NGP (BERBUNGKUS, CAP SAUH)",1kg,BARANGAN BERBUNGKUS,TEPUNG,,,,3.358333333333333,3.4955223880597015,,,,3.4,,3.358333333333333,3.4881481481481478,,,,,,3.369230769230769,3.491970802919708,,,,,,3.3461538461538463,3.486231884057971,,3.2,3.4869565217391303,,
918,MINYAK MASAK PAKET (PELBAGAI JENAMA),1kg,BARANGAN BERBUNGKUS,MINYAK DAN LEMAK,,,,2.5,2.5,,,,2.5,,2.5,2.5,,,,,,2.5,2.5,,,,,,2.5,2.5,,,2.5,,
929,NESCAFE CLASSIC (PAKET),200 g,MINUMAN,BAHAN-BAHAN MINUMAN,,,,23.625,22.290243902439023,,,,,,,,,,,,,,,,,,,,23.380000000000003,22.357142857142858,,,,,
1070,SOS CILI MAGGI,340 g,BARANGAN BERBUNGKUS,KICAP DAN SOS,,,,4.566666666666666,4.692380952380953,,,,4.5,,4.5,4.676923076923076,,,,,,4.6,4.691818181818182,,,,,,4.625,4.684403669724771,,,4.680303030303031,,
1091,MINYAK MASAK SEBATIAN CAP HELANG,1kg,BARANGAN BERBUNGKUS,MINYAK DAN LEMAK,,,,,8.915000000000001,,,,,,,9.233333333333334,,,,,,,8.700000000000001,,,,,,,8.333333333333334,,,8.575,,
1093,MINYAK MASAK SEBATIAN CAP PISAU,1kg,BARANGAN BERBUNGKUS,MINYAK DAN LEMAK,,,,8.5,8.930769230769231,,,,,,8.5,8.930769230769231,,,,,,8.5,8.930769230769231,,,,,,8.5,8.9,,,8.9,,
1094,MINYAK MASAK TULEN CAP BURUH,1kg,BARANGAN BERBUNGKUS,MINYAK DAN LEMAK,,,,6.9,6.9,,,,,,6.900000000000001,6.9,,,,,,6.9,6.900000000000001,,,,,,6.9,6.9,,,6.9,,
1095,MINYAK MASAK TULEN CAP VESAWIT,5 kg,BARANGAN BERBUNGKUS,MINYAK DAN LEMAK,,,,30.9,30.9,,,,,,30.9,30.9,,,,,,30.9,30.9,,,,,,30.9,30.9,,,30.9,,
1100,MINYAK MASAK TULEN CAP SERI MURNI,1kg,BARANGAN BERBUNGKUS,MINYAK DAN LEMAK,,,,,6.9,,,,,,,6.9,,,,,,,6.9,,,,,,6.9,6.9,,,6.9,,
1101,MINYAK MASAK TULEN CAP SERI MURNI,2 kg,BARANGAN BERBUNGKUS,MINYAK DAN LEMAK,,,,13.3,13.3,,,,13.3,,13.3,13.3,,,,,,13.3,13.3,,,,,,13.3,13.3,,,13.3,,
1109,TELUR AYAM GRED A,30 biji,BARANGAN SEGAR,TELUR,14.614285714285714,14.854782608695652,14.896747967479675,14.881739130434783,14.967368421052633,14.875652173913045,14.843442622950821,14.838524590163933,14.77328244274809,14.815348837209303,14.807258064516128,14.829787234042554,14.722314049586778,14.751666666666667,14.690322580645162,14.662307692307692,14.633,14.54655172413793,14.643877551020408,14.472807017543861,14.494166666666667,14.470588235294118,14.451666666666666,14.412820512820513,14.393749999999999,14.509890109890108,14.416037735849056,14.314545454545454,14.352586206896552,14.337391304347825,14.362727272727273
1110,TELUR AYAM GRED B,30 biji,BARANGAN SEGAR,TELUR,14.130769230769232,14.254687500000001,14.345238095238095,14.294444444444444,14.333333333333334,14.295384615384616,14.238931297709923,14.248148148148148,14.168085106382978,14.18661971830986,14.178676470588234,14.227619047619049,14.11111111111111,14.10567375886525,14.118881118881118,14.0843537414966,14.023688524590165,13.945454545454545,14.027777777777779,13.919285714285715,13.871621621621621,13.89432624113475,13.8431654676259,13.89618320610687,13.890839694656488,13.936363636363637,13.7984375,13.8,13.7453125,13.727777777777778,13.7728
1111,TELUR AYAM GRED C,30 biji,BARANGAN SEGAR,TELUR,13.492,13.625531914893617,13.741808510638299,13.720104166666667,13.737974683544303,13.651020408163264,13.612499999999999,13.61122448979592,13.591089108910891,13.63265306122449,13.627450980392156,13.610843373493976,13.570297029702969,13.518367346938774,13.462857142857144,13.457281553398058,13.375903614457831,13.2989010989011,13.298795180722891,13.20721649484536,13.214,13.185294117647059,13.15576923076923,13.168367346938776,13.153535353535354,13.258139534883721,13.167924528301887,13.087128712871287,13.085046728971962,13.105555555555556,13.173737373737374
1128,LADA BENGGALA HIJAU (CAPSICUM),1kg,BARANGAN SEGAR,SAYUR-SAYURAN,,,,14.181818181818182,14.206827586206895,,,,15.0,,13.846153846153847,14.046912751677851,,,,,,14.071428571428571,13.960718954248364,,,,,,13.692307692307692,13.999936305732483,,16.0,13.783783783783784,,
1131,UBI KENTANG IMPORT (CHINA),1kg,BARANGAN KERING,UBI KENTANG,3.7859375,3.875784753363229,3.8859728506787334,3.9041474654377883,3.9380952380952383,3.911764705882353,3.8946188340807173,3.9075221238938056,3.953125,3.9504504504504503,3.9472972972972977,4.0010309278350515,3.9292792792792794,3.9279279279279278,3.915929203539823,3.903930131004367,3.950793650793651,3.9341463414634146,3.968877551020408,3.9475336322869956,3.96,3.9386363636363635,3.9573991031390134,3.961682242990654,3.954028436018957,3.994270833333333,3.9570135746606336,3.9533632286995517,3.9600896860986547,3.955,3.9547945205479453
1132,LIMAU NIPIS,1kg,BARANGAN SEGAR,BUAH-BUAHAN,7.333333333333333,7.504,7.478174603174603,7.473469387755102,7.5636363636363635,7.471887550200803,7.476470588235294,7.414396887159533,7.469111969111969,7.452471482889734,7.468627450980392,7.566964285714286,7.396414342629482,7.469635627530365,7.470355731225297,7.488188976377953,7.394472361809045,7.517391304347826,7.609865470852018,7.517441860465116,7.546332046332046,7.596153846153846,7.647104247104247,7.654296875,7.677235772357723,7.79269406392694,7.857723577235772,7.828740157480315,7.939516129032258,8.002057613168724,7.89344262295082
1135,KICAP MANIS ADABI,340ml,BARANGAN BERBUNGKUS,KICAP DAN SOS,,,,,5.3304347826086955,,,,,,,5.365217391304348,,,,,,,5.381818181818182,,,,,,5.5,5.352173913043478,,,5.380769230769231,,
1138,SOS TIRAM MAGGI,340 g,BARANGAN BERBUNGKUS,KICAP DAN SOS,,,,6.1375,6.115591397849462,,,,5.8,,6.0375,6.116145833333333,,,,,,6.088888888888889,6.090104166666666,,,,,,6.1625,6.086111111111111,,,6.087280701754386,,
1142,SARDIN CAP ADABI (SOS TOMATO DENGAN CILI),425 g,BARANGAN BERBUNGKUS,IKAN DALAM TIN,,,,9.8,9.53076923076923,,,,,,,9.452,,,,,,9.8,9.507407407407406,,,,,,9.25,9.460714285714285,,,9.431034482758621,,
1145,NESTLE CERELAC BERAS - TIN,500 g,SUSU DAN BARANGAN BAYI,MAKANAN BAYI,,,,,17.8,,,,,,,17.8,,,,,,,17.8,,,,,,,17.8,,,17.8,,
1151,SANTAN KELAPA JENAMA AYAM BRAND,1 liter,BARANGAN BERBUNGKUS,SANTAN (KOTAK),,,,16.333333333333332,16.40892857142857,,,,,,16.25,16.416363636363634,,,,,,16.333333333333332,16.347368421052632,,,,,,16.5,16.305263157894736,,16.0,16.34516129032258,,
1367,DAGING PAHA KAMBING BEBIRI IMPORT BERTULANG  (MUTTON) (AUSTRALIA),1kg,BARANGAN SEGAR,DAGING,,,,37.714285714285715,37.888888888888886,,,,,,37.8,37.6,,,,,,38.166666666666664,37.5,,,,,,38.166666666666664,37.45454545454545,,,38.3,,
1368,DAGING PAHA KAMBING BEBIRI IMPORT BERTULANG (MUTTON) (NEW ZEALAND),1kg,BARANGAN SEGAR,DAGING,,,,38.25,39.5,,,,38.0,,37.0,38.5,,,,,,37.6,38.5,,,,,,37.6,38.5,,,38.0,,
1369,DAGING KAMBING TEMPATAN BERTULANG,1kg,BARANGAN SEGAR,DAGING,,,,50.0,56.15384615384615,,,,,,,56.285714285714285,,,,,,50.0,56.15384615384615,,,,,,,55.416666666666664,,,57.588235294117645,,
1372,DAGING LEMBU IMPORT (CHUCKTENDER),1kg,BARANGAN SEGAR,DAGING,,,,,,,,,,,,45.0,,,,,,,45.0,,,,,,,45.0,,,45.0,,
1373,DAGING LEMBU IMPORT (KNUCKLE),1kg,BARANGAN SEGAR,DAGING,,,,,48.0,,,,,,,,,,,,,,,,,,,,,,,,48.0,,
1375,DAGING KERBAU IMPORT (INDIA) * (SILVERSIDE),1kg,BARANGAN SEGAR,DAGING,,,,22.5,21.526315789473685,,,,,,22.666666666666668,21.57894736842105,,,,,,22.5,21.5,,,,,,22.5,21.45,,,21.625,,
1376,DAGING KERBAU IMPORT (INDIA) * (RUMP),1kg,BARANGAN SEGAR,DAGING,,,,22.5,20.72222222222222,,,,,,22.666666666666668,20.85,,,,,,22.5,20.85,,,,,,22.5,20.9375,,,21.458333333333332,,
1377,DAGING KERBAU IMPORT (INDIA) * (BLADE),1kg,BARANGAN SEGAR,DAGING,,,,21.25,21.291666666666668,,,,,,21.666666666666668,21.192307692307693,,,,,,21.25,21.25,,,,,,21.25,21.192307692307693,,,21.205882352941178,,
1378,DAGING KERBAU IMPORT (INDIA) * (CHUCK),1kg,BARANGAN SEGAR,DAGING,,,,23.0,23.0,,,,,,24.0,23.0,,,,,,23.0,23.0,,,,,,23.0,23.666666666666668,,,23.4,,
1379,DAGING BABI (PERUT / BELLY),1kg,BARANGAN SEGAR,DAGING,,,,43.0,38.266666666666666,,,,43.0,,43.0,37.233333333333334,,,,,,43.0,37.46875,,,,,,43.0,37.74193548387097,,,39.04545454545455,,
1380,DAGING BABI (DAGING & LEMAK / LEAN & FAT),1kg,BARANGAN SEGAR,DAGING,,,,35.333333333333336,31.161290322580644,,,,31.0,,35.333333333333336,30.9375,,,,,,35.333333333333336,31.0,,,,,,35.333333333333336,31.08823529411765,,,31.428571428571427,,
1391,UDANG PUTIH BESAR/BANANA PRAWN (BERAT ANTARA 41 EKOR HINGGA 60 EKOR SEKILOGRAM),1kg,BARANGAN SEGAR,BAHAN LAUT,,,,45.5,36.5,,,,,,,39.76923076923077,,,,,,47.0,42.714285714285715,,,,,,42.0,41.3125,,,43.30434782608695,,
1396,KUBIS BULAT IMPORT (INDONESIA),1kg,BARANGAN SEGAR,SAYUR-SAYURAN,,,,,4.428571428571429,,,,,,,4.555555555555555,,,,,,,4.5,,,,,,,4.3125,,,4.428571428571429,,
1400,BAWANG PERAI (LEEK) IMPORT,1kg,BARANGAN SEGAR,SAYUR-SAYURAN,,,,,18.0,,,,,,,,,,,,,,,,,,,,,,,,,,
1412,KUBIS PANJANG CHINA - BESAR,1kg,BARANGAN SEGAR,SAYUR-SAYURAN,,,,,6.0,,,,,,,,,,,,,,6.0,,,,,,,,,,,,
1422,KACANG DAL (AUSTRALIA),1kg,BARANGAN KERING,KACANG,,,,5.144444444444444,4.929292929292929,,,,,,5.144444444444444,4.9425742574257425,,,,,,5.2299999999999995,4.929411764705882,,,,,,5.13,4.949504950495049,,,4.953658536585366,,
1431,DAGING LEMBU TEMPATAN (BAHAGIAN 1 DAGING PAHA (KECUALI BATANG PINANG - TENDERLOIN),1kg,BARANGAN SEGAR,DAGING,,,,38.5,34.10843373493976,,,,39.0,,38.5,34.275,,,,,,38.5,34.264367816091955,,,,,,38.5,34.22727272727273,,,34.351063829787236,,
1432,DAGING LEMBU TEMPATAN (BAHAGIAN 2 DAGING PEJAL (KECUALI BATANG PINANG - TENDERLOIN),1kg,BARANGAN SEGAR,DAGING,,,,38.0,33.41891891891892,,,,38.0,,38.0,33.52054794520548,,,,,,38.0,33.61038961038961,,,,,,37.0,33.373333333333335,,,34.03529411764706,,
1436,IKAN KERISI (ANTARA 5 HINGGA 10 EKOR SEKILOGRAM),1kg,BARANGAN SEGAR,BAHAN LAUT,15.76595744680851,16.0656,16.067613636363635,16.16779661016949,15.64318181818182,16.253757225433528,16.378651685393258,16.43657142857143,16.557471264367816,16.780625,16.61842105263158,15.925,16.67278911564626,16.554054054054053,16.5,16.444512195121952,16.728169014084507,16.253757225433528,15.542753623188407,16.273446327683615,16.178804347826087,16.342268041237112,16.2895,16.262244897959185,16.216042780748662,15.672435897435898,16.2427807486631,16.28756218905473,16.21776649746193,16.304663212435234,16.173684210526314
1437,IKAN SIAKAP (ANTARA 2 HINGGA 4 EKOR SEKILOGRAM),1kg,BARANGAN SEGAR,BAHAN LAUT,,,,20.444444444444443,20.685314685314687,,,,20.0,,20.8,20.901459854014597,,,,,,21.0,21.45820895522388,,,,,,21.153846153846153,21.526,,18.0,21.489071038251367,,
1438,IKAN TENGGIRI BATANG (KEPINGAN),1kg,BARANGAN SEGAR,BAHAN LAUT,,,,45.2,43.29090909090909,,,,40.0,,48.333333333333336,41.93181818181818,,,,,,43.666666666666664,42.45454545454545,,,,,,45.857142857142854,41.36923076923077,,,42.704081632653065,,
1440,BAWANG BESAR IMPORT (INDIA),1kg,BARANGAN KERING,BAWANG,4.363934426229508,4.4972972972972975,4.518385650224215,4.51924882629108,4.526344086021506,4.523181818181818,4.507929515418502,4.5520000000000005,4.533333333333333,4.539013452914799,4.592201834862386,4.5931578947368426,4.545291479820628,4.53972602739726,4.511894273127753,4.532751091703057,4.5540106951871655,4.568396226415095,4.5696335078534025,4.549130434782609,4.5588235294117645,4.523605150214593,4.521794871794872,4.50174672489083,4.524107142857143,4.549479166666667,4.519555555555556,4.475536480686695,4.526808510638298,4.522608695652174,4.482666666666667
1441,BAWANG BESAR IMPORT (CHINA),1kg,BARANGAN KERING,BAWANG,3.875,4.166666666666667,4.15,4.34375,4.333333333333333,4.0625,4.21875,4.388888888888889,4.294117647058823,4.138888888888889,4.421052631578948,4.285714285714286,4.333333333333333,4.46875,4.388888888888889,4.2894736842105265,4.461538461538462,4.475,4.475,4.422222222222222,4.617647058823529,4.7,4.5,4.529411764705882,4.5625,4.5625,4.625,4.6,4.594117647058823,4.5058823529411764,4.573333333333333
1442,BAWANG KECIL MERAH BIASA IMPORT (INDIA),1kg,BARANGAN KERING,BAWANG,4.855769230769231,5.512096774193548,5.4765625,5.564,5.595726495726496,5.657175572519084,5.6875182481751825,5.583507462686567,5.556131386861314,5.686691176470588,5.7214074074074075,5.595833333333333,5.695419847328244,5.741353383458647,5.785401459854015,5.752857142857143,5.937894736842106,5.910924369747899,5.778048780487805,5.801398601398602,5.845454545454546,5.8374999999999995,5.888811188811189,5.894405594405594,5.826470588235294,5.9147286821705425,5.930769230769231,5.96986301369863,5.9156462585034015,6.020805369127517,6.027083333333334
1443,BAWANG KECIL MERAH IMPORT (CHINA),1kg,BARANGAN KERING,BAWANG,5.0,5.875,5.875,5.857142857142857,5.25,5.833333333333333,6.0,5.833333333333333,5.6,5.6,5.6,6.0,6.166666666666667,7.333333333333333,6.833333333333333,7.111111111111111,7.333333333333333,6.777777777777778,7.444444444444445,8.11111111111111,8.333333333333334,7.909090909090909,8.444444444444445,8.333333333333334,8.333333333333334,8.833333333333334,8.285714285714286,8.222222222222221,8.4,8.333333333333334,8.11111111111111
1444,BAWANG KECIL MERAH IMPORT (MYANMAR),1kg,BARANGAN KERING,BAWANG,,7.8,7.8,7.8,,7.4,7.4,7.4,7.4,7.4,7.4,,7.4,7.4,7.4,7.4,7.4,7.4,,7.8,7.8,7.8,7.8,7.8,7.8,,7.8,7.8,7.8,7.8,7.8
1458,KUBIS BULAT IMPORT (BEIJING),1kg,BARANGAN SEGAR,SAYUR-SAYURAN,6.1103896103896105,6.203056768558952,6.176086956521739,6.168888888888889,6.247397959183673,6.178995633187773,6.128217391304348,6.133144104803494,6.103852813852814,6.090865800865801,6.1125108225108225,6.1421319796954315,6.071428571428571,6.043136363636363,5.985127118644068,6.006313559322034,5.9598395721925135,6.065990566037736,6.0,6.046255506607929,6.060042918454935,6.044052863436123,5.995575221238938,5.993243243243243,5.985321100917431,5.998923076923076,5.9944999999999995,5.994524886877828,5.965113122171945,5.960233644859813,5.983899082568807
1475,IKAN BAWAL PUTIH (ANTARA 2 HINGGA 5 EKOR SEKILOGRAM),1kg,BARANGAN SEGAR,BAHAN LAUT,45.333333333333336,47.41842105263158,46.64411764705883,46.945945945945944,43.41578947368421,46.693023255813955,48.13243243243244,47.39090909090909,47.64102564102564,47.1219512195122,49.4054054054054,49.1578947368421,50.028125,48.63870967741936,49.084848484848486,49.6741935483871,49.05588235294118,50.27272727272727,50.88235294117647,50.78125,49.16388888888889,48.94358974358974,48.2475,50.31707317073171,50.34146341463415,50.95416666666667,49.888888888888886,49.854166666666664,49.37857142857143,48.85476190476191,49.81315789473685
1476,IKAN KEMBUNG (ANTARA 8 HINGGA 12 EKOR SEKILOGRAM),1kg,BARANGAN SEGAR,BAHAN LAUT,17.875,17.70795620437956,17.761029411764707,17.685606060606062,17.235576923076923,17.539823008849556,17.38738738738739,17.34297520661157,17.736583333333332,17.26524193548387,17.366293103448275,17.55923076923077,17.530390625,17.22531746031746,17.30138888888889,17.288367346938774,17.232704918032788,17.271360544217686,17.05873015873016,17.377702702702702,17.566666666666666,17.16141891891892,17.195448717948718,17.351610738255033,17.563956834532373,17.51177966101695,17.57965034965035,17.499261744966443,17.62770833333333,17.775100671140937,17.848954248366013
1477,IKAN MABUNG (ANTARA 6 HINGGA 10 EKOR SEKILOGRAM),1kg,BARANGAN SEGAR,BAHAN LAUT,17.714285714285715,18.92753623188406,19.165384615384617,19.31866666666667,18.3975,19.08122448979592,18.790000000000003,18.746774193548386,19.021212121212123,19.49264705882353,19.549206349206347,19.555555555555557,19.557377049180328,19.756756756756758,19.906666666666666,19.416666666666668,19.156626506024097,18.955555555555556,18.703125,19.101176470588236,18.95744680851064,18.586868686868687,18.622448979591837,18.83495145631068,18.94736842105263,19.03174603174603,19.402298850574713,19.21868131868132,19.0752688172043,19.02021276595745,19.36470588235294
1479,BROKOLI,1kg,BARANGAN SEGAR,SAYUR-SAYURAN,,,,13.818181818181818,13.928921568627452,,,,,,13.321428571428571,13.527093596059114,,,,,,12.266666666666667,13.363585858585857,,,,,,11.233333333333333,13.005129533678755,,9.0,12.78236111111111,,
1481,KUBIS BUNGA (CAULIFLOWER),1kg,BARANGAN SEGAR,SAYUR-SAYURAN,10.948863636363637,10.92318352059925,10.925888888888888,10.879661654135338,10.855042372881355,10.510648854961833,10.514723247232471,10.53899628252788,10.38615671641791,10.36064885496183,10.31956862745098,10.409871244635193,10.242424242424242,10.166023166023166,10.157955390334571,10.059887640449437,9.951875,9.953020408163264,9.911551724137931,9.848,9.797204724409449,9.78592,9.695139442231076,9.716518218623483,9.648677685950414,9.65972602739726,9.678196721311476,9.676307053941908,9.761142857142858,9.590553191489361,9.706810344827586
1483,MEE KUNING BASAH (PELBAGAI JENAMA),+-450g,BARANGAN SEGAR,MEE/KUETIAU,,,,1.7857142857142858,1.8197986577181207,,,,1.8,,1.8125,1.8136986301369864,,,,,,1.85,1.8179999999999998,,,,,,1.7857142857142858,1.8215686274509804,,2.0,1.8261627906976745,,
1550,PAHA AYAM (CHICKEN DRUMSTICK),1kg,BARANGAN SEGAR,AYAM,,,,16.571428571428573,15.704081632653061,,,,16.5,,16.571428571428573,15.849019607843136,,,,,,16.285714285714285,15.91132075471698,,,,,,16.333333333333332,15.854000000000001,,16.0,15.963492063492064,,
1551,DADA AYAM (CHICKEN KEEL) (1KG),1kg,BARANGAN SEGAR,AYAM,,,,15.571428571428571,14.97936507936508,,,,,,15.5,14.984722222222224,,,,,,15.571428571428571,14.991176470588236,,,,,,15.625,15.045833333333333,,,15.025925925925925,,
1552,THIGH AYAM,1kg,BARANGAN SEGAR,AYAM,,,,15.833333333333334,15.15,,,,,,15.75,15.238095238095237,,,,,,15.833333333333334,15.23913043478261,,,,,,15.833333333333334,15.278260869565216,,,15.292592592592591,,
1553,WHOLE LEG AYAM,1kg,BARANGAN SEGAR,AYAM,,,,16.05,15.844086021505376,,,,,,16.055555555555557,15.832608695652173,,,,,,16.05,15.860416666666666,,,,,,16.05,15.864646464646464,,,15.959649122807019,,
1554,IKAN MERAH (KEPINGAN),1kg,BARANGAN SEGAR,BAHAN LAUT,,,,48.625,46.0,,,,40.0,,48.833333333333336,44.38095238095238,,,,,,52.833333333333336,45.76744186046512,,,,,,52.0,45.0625,,,46.507936507936506,,
1555,UDANG PUTIH/VANNAMEI (TERNAK) (ANTARA 41 HINGGA 60 EKOR SEKILOGRAM),1kg,BARANGAN SEGAR,BAHAN LAUT,32.36065573770492,33.090624999999996,33.423152709359606,33.355555555555554,33.08888888888889,33.488832487309644,33.36887755102041,32.985789473684214,33.18290155440415,33.19119170984456,32.98615384615385,32.750340136054426,33.04,33.133870967741935,33.18666666666667,32.89514563106796,33.28024691358024,33.09633507853403,33.24472049689441,33.1026455026455,32.91065989847716,33.16954314720812,33.00725388601036,32.96340206185567,32.99148936170213,32.985416666666666,33.40216216216216,33.06943005181347,33.031979695431474,33.15380710659898,33.15204081632653
1556,BAYAM HIJAU,1kg,BARANGAN SEGAR,SAYUR-SAYURAN,6.440476190476191,6.284020618556701,6.274619289340101,6.12041884816754,6.133333333333334,6.032828282828283,5.93,5.896019900497512,5.85771144278607,5.806467661691542,5.814285714285714,5.888484848484849,5.84375,5.7686170212765955,5.767821782178217,5.680295566502463,5.701219512195122,5.633333333333334,5.6420118343195265,5.603960396039604,5.5344827586206895,5.5073891625615765,5.480487804878049,5.5,5.402564102564103,5.485549132947977,5.473429951690822,5.431279620853081,5.373809523809523,5.355450236966824,5.398571428571429
1558,SAWI HIJAU,1kg,BARANGAN SEGAR,SAYUR-SAYURAN,6.813253012048193,7.036046511627907,7.0544401544401545,7.012015503875968,6.982666666666666,6.723754789272031,6.557854406130268,6.355769230769231,6.261811023622047,6.181818181818182,6.221544715447155,6.207762557077626,6.114457831325301,6.115853658536586,6.024793388429752,6.042857142857143,6.0390625,5.916666666666667,5.992957746478873,6.025,5.911522633744856,5.897540983606557,5.817622950819672,5.777083333333334,5.728510638297872,5.753521126760563,5.715189873417722,5.764583333333333,5.766528925619835,5.738888888888889,5.760593220338983
1559,KANGKUNG,1kg,BARANGAN SEGAR,SAYUR-SAYURAN,7.184210526315789,6.1645569620253164,6.207264957264957,6.101293103448276,6.0911330049261085,5.976190476190476,5.904255319148936,5.941101694915254,5.798739495798319,5.748333333333333,5.7493506493506485,5.876732673267326,5.852813852813853,5.783842794759825,5.6613043478260865,5.654935622317597,5.629834254143646,5.542654028436019,5.748756218905473,5.6645569620253164,5.603813559322034,5.5886075949367084,5.575313807531381,5.551063829787234,5.540888888888889,5.61219512195122,5.536480686695279,5.489583333333333,5.464285714285714,5.430084745762712,5.518143459915612
1560,KAILAN,1kg,BARANGAN SEGAR,SAYUR-SAYURAN,9.618055555555555,9.93142857142857,10.008522727272727,10.011764705882353,9.961783439490446,9.880555555555556,9.557065217391305,9.26923076923077,8.981081081081081,8.888586956521738,8.663978494623656,8.588414634146341,8.486338797814208,8.35752688172043,8.328947368421053,8.22279792746114,8.098639455782314,8.188622754491018,8.076023391812866,7.978835978835979,7.997354497354498,7.888888888888889,7.823834196891192,7.734375,7.653225806451613,7.652046783625731,7.587628865979381,7.5875,7.51530612244898,7.5,7.5879396984924625
1564,BAWANG PUTIH IMPORT (CHINA),1kg,BARANGAN KERING,BAWANG,11.421666666666665,11.272078431372549,11.239603174603175,11.243643724696355,11.211171171171172,11.262371541501977,11.266076923076923,11.295708812260536,11.33596899224806,11.308093385214008,11.32611111111111,11.186964285714286,11.316984126984128,11.353415637860083,11.270393700787402,11.320465116279069,11.24221153846154,11.272345679012345,11.306666666666667,11.255390625,11.292200772200772,11.227265625,11.23390625,11.201120000000001,11.22072,11.201727272727274,11.224621513944223,11.226461538461539,11.213282442748092,11.209333333333333,11.215793650793652
1568,SERBUK KARI IKAN ADABI,250 g,BARANGAN BERBUNGKUS,REMPAH RATUS (BERBUNGKUS),,,,6.711111111111111,6.774074074074075,,,,6.5,,6.711111111111111,6.781132075471698,,,,,,6.74,6.796330275229358,,,,,,6.800000000000001,6.790825688073394,,6.8,6.805426356589147,,
1570,SERBUK KARI AYAM DAN DAGING ADABI,250 g,BARANGAN BERBUNGKUS,REMPAH RATUS (BERBUNGKUS),,,,6.75,6.808256880733945,,,,6.5,,6.722222222222222,6.7972222222222225,,,,,,6.7272727272727275,6.802702702702703,,,,,,6.7700000000000005,6.799107142857143,,6.8,6.795454545454546,,
1572,SERBUK KARI DAGING BABAS,250 g,BARANGAN BERBUNGKUS,REMPAH RATUS (BERBUNGKUS),,,,6.423076923076923,6.228104575163399,,,,6.2,,6.392857142857143,6.235220125786164,,,,,,6.426666666666667,6.245,,,,,,6.423076923076923,6.240963855421687,,6.5,6.2510309278350515,,
1577,SERBUK PERENCAH SUP ADABI,250 g,BARANGAN BERBUNGKUS,REMPAH RATUS (BERBUNGKUS),,,,8.966666666666667,9.120792079207922,,,,9.3,,8.944444444444445,9.132,,,,,,8.95,9.151401869158878,,,,,,9.077777777777778,9.152380952380952,,8.5,9.128688524590164,,
1585,BIHUN KERING IMPORT (CAP BINTANG),400 g,BARANGAN BERBUNGKUS,BIHUN,,,,4.228571428571429,3.976470588235294,,,,,,4.144444444444444,3.964772727272727,,,,,,4.144444444444444,3.9609195402298853,,,,,,4.071428571428571,3.973333333333333,,4.5,3.959090909090909,,
1589,GULA PUTIH BERTAPIS KASAR (PELBAGAI JENAMA),1kg,BARANGAN BERBUNGKUS,GULA,,,,2.85,2.85,,,,2.85,,2.85,2.85,,,,,,2.8500000000000005,2.85,,,,,,2.8500000000000005,2.85,,2.85,2.85,,
1590,GULA PUTIH BERTAPIS HALUS (PELBAGAI JENAMA),1kg,BARANGAN BERBUNGKUS,GULA,,,,,2.95,,,,,,,2.95,,,,,,2.95,2.95,,,,,,2.95,2.95,,,2.95,,
1598,MINYAK MASAK SEBATIAN CAP HELANG,2 kg,BARANGAN BERBUNGKUS,MINYAK DAN LEMAK,,,,16.5,16.55,,,,,,16.5,16.5,,,,,,16.5,16.55,,,,,,16.5,16.28,,,16.316666666666666,,
1600,MINYAK MASAK SEBATIAN CAP PISAU,2 kg,BARANGAN BERBUNGKUS,MINYAK DAN LEMAK,,,,16.666666666666668,16.691666666666666,,,,,,16.5,16.608333333333334,,,,,,17.0,16.608333333333334,,,,,,16.2,16.608333333333334,,,16.64,,
1601,MINYAK MASAK TULEN CAP BURUH,2 kg,BARANGAN BERBUNGKUS,MINYAK DAN LEMAK,,,,13.300000000000002,13.291666666666666,,,,13.3,,13.300000000000002,13.291666666666666,,,,,,13.3,13.29090909090909,,,,,,13.3,13.292307692307693,,,13.295238095238094,,
1602,MINYAK MASAK TULEN CAP VESAWIT,2 kg,BARANGAN BERBUNGKUS,MINYAK DAN LEMAK,,,,13.3,13.300000000000002,,,,,,13.3,13.300000000000002,,,,,,13.3,13.3,,,,,,13.3,13.300000000000002,,,13.300000000000002,,
1610,SANTAN KELAPA JENAMA M&S,500 ml,BARANGAN BERBUNGKUS,SANTAN (KOTAK),,,,,8.73076923076923,,,,,,,8.721428571428572,,,,,,,8.516666666666666,,,,,,,8.661538461538461,,,8.5375,,
1611,SANTAN KELAPA JENAMA KARA,200 ml,BARANGAN BERBUNGKUS,SANTAN (KOTAK),,,,4.2,4.26986301369863,,,,,,4.2,4.254901960784314,,,,,,4.184615384615385,4.258441558441558,,,,,,4.245454545454546,4.26258064516129,,4.2,4.26043956043956,,
1612,SANTAN KELAPA JENAMA HARMUNI,200 ml,BARANGAN BERBUNGKUS,SANTAN (KOTAK),,,,4.3,3.8,,,,,,4.3,3.8,,,,,,4.3,3.8,,,,,,4.3,4.15,,,4.2,,
1628,NESTLE CERELAC GANDUM DAN MADU - KOTAK,225g,SUSU DAN BARANGAN BAYI,MAKANAN BAYI,,,,,9.8,,,,,,,9.8,,,,,,,9.8,,,,,,,9.8,,,9.8,,
1650,TEH LIPTON (UNCANG),100 beg,MINUMAN,BAHAN-BAHAN MINUMAN,,,,15.75,16.355555555555554,,,,,,,,,,,,,,,,,,,,15.7,16.369999999999997,,,,,
1804,KEPAK AYAM (CHICKEN WING) (1KG),1kg,BARANGAN SEGAR,AYAM,,,,16.3,15.670877192982456,,,,17.0,,16.35,15.660666666666666,,,,,,16.318181818181817,15.68575,,,,,,16.227272727272727,15.67272,,16.0,15.771830985915493,,
1819,LENGKUAS,1kg,BARANGAN SEGAR,SAYUR-SAYURAN,9.232558139534884,10.328076923076924,10.308846153846154,10.276984126984127,10.359111111111112,10.263706563706565,10.305000000000001,10.356923076923078,10.380459770114943,10.327586206896552,10.234251968503937,10.353982300884956,10.21042471042471,10.217131474103585,10.195402298850574,10.189655172413794,10.298507462686567,10.225738396624472,10.309417040358744,10.117760617760618,10.227099236641221,10.223076923076922,10.240384615384615,10.255813953488373,10.220472440944881,10.31578947368421,10.23076923076923,10.164638783269963,10.160227272727273,10.148659003831419,10.208984375
1825,BERAS SUPER CAP ANGGUR SAZARICE 5% (IMPORT THAILAND),10 kg,BARANGAN BERBUNGKUS,BERAS,,,,,30.0,,,,,,,30.0,,,,,,,30.0,,,,,,,30.0,,,30.0,,
1826,BERAS SUPER CAP RODA SAZARICE 5% (IMPORT THAILAND),10 kg,BARANGAN BERBUNGKUS,BERAS,,,,,30.0,,,,,,,30.0,,,,,,,30.0,,,,,,,30.0,,,30.0,,
1827,"TEPUNG GANDUM NGP (BERBUNGKUS, CAP MUHIBAH)",1kg,BARANGAN BERBUNGKUS,TEPUNG,,,,,4.1000000000000005,,,,,,,4.1000000000000005,,,,,,,4.15,,,,,,,4.15,,,4.15,,
1833,BERAS PREMIUM CAP UNCLE TAN,10 kg,BARANGAN BERBUNGKUS,BERAS,,,,,31.0,,,,,,,31.0,,,,,,,31.0,,,,,,,31.0,,,31.0,,
1854,KORDIAL F&N SUN VALLEY (GRENADINE),2 liter,MINUMAN,BAHAN-BAHAN MINUMAN,,,,,13.0,,,,,,,,,,,,,,,,,,,,,13.0,,,,,
1870,"TEPUNG GANDUM NGP (BERBUNGKUS, CAP  FAIZA)",1kg,BARANGAN BERBUNGKUS,TEPUNG,,,,4.0,3.878947368421053,,,,,,4.0,3.922222222222222,,,,,,4.0,3.9578947368421056,,,,,,3.8,3.922222222222222,,,3.9565217391304346,,
1899,CILI KERING KERINTING (BERTANGKAI/TIDAK BERTANGKAI),1kg,BARANGAN KERING,CILI KERING,,,,24.0,22.843971631205672,,,,18.0,,24.4,23.219594594594593,,,,,,24.727272727272727,23.22635135135135,,,,,,24.90909090909091,23.091836734693878,,20.0,23.295321637426902,,
1900,CILI KERING LEPER (BERTANGKAI/TIDAK BERTANGKAI),1kg,BARANGAN KERING,CILI KERING,,,,30.0,23.991639344262296,,,,,,30.0,24.158166666666666,,,,,,30.0,23.912539682539684,,,,,,30.0,23.958852459016395,,,24.27597014925373,,
1904,DUMEX DUGRO 3 (1-3 TAHUN) PERISA ASLI (850G),850g,SUSU DAN BARANGAN BAYI,SUSU BAYI,,,,,30.5,,,,,,,30.5,,,,,,,30.5,,,,,,,30.5,,,30.5,,
1914,DAGING KERBAU IMPORT (INDIA) (BLOCK),1kg,BARANGAN SEGAR,DAGING,,,,21.333333333333332,22.799,,,,,,21.0,22.899,,,,,,21.333333333333332,23.09,,,,,,21.333333333333332,23.09,,,22.642142857142858,,
1915,IKAN JENAHAK (KEPINGAN),1kg,BARANGAN SEGAR,BAHAN LAUT,,,,46.8,46.53061224489796,,,,36.0,,44.0,47.023809523809526,,,,,,45.8,47.075,,,,,,42.5,47.78048780487805,,,47.41538461538462,,
1916,IKAN DEMUDUK/CUPAK/CERMIN (b	$ 3 EKOR SEKILOGRAM),1kg,BARANGAN SEGAR,BAHAN LAUT,28.3,27.896153846153847,27.76265060240964,27.87721518987342,27.127692307692307,27.807692307692307,28.60987654320988,28.189473684210526,28.328048780487805,28.090243902439024,27.839024390243903,27.341666666666665,27.919753086419753,28.017441860465116,28.020652173913046,27.740000000000002,27.68169014084507,27.760824742268042,26.571428571428573,27.0,27.760227272727274,27.76666666666667,27.852325581395352,27.803333333333335,27.423863636363638,27.051515151515154,27.582278481012658,27.58409090909091,27.498876404494382,27.476666666666667,27.4816091954023
1919,UDANG PUTIH BESAR (ANTARA 20 HINGGA 30 EKOR SEKILOGRAM),1kg,BARANGAN SEGAR,BAHAN LAUT,,,,64.5,61.53846153846154,,,,,,,58.42857142857143,,,,,,,60.9,,,,,,,62.0,,,60.84615384615385,,
1921,IKAN TILAPIA MERAH (ANTARA 2 HINGGA 5 EKOR SEKILOGRAM),1kg,BARANGAN SEGAR,IKAN DARAT,16.20408163265306,16.72222222222222,16.8062015503876,16.759541984732824,17.04494382022472,16.868,16.852272727272727,16.933333333333334,16.853383458646615,16.844444444444445,16.950375939849625,17.155913978494624,16.980916030534353,16.898496240601503,16.98134328358209,16.942446043165468,17.09259259259259,17.04306569343066,16.92156862745098,16.896428571428572,16.844202898550726,16.826771653543307,16.854074074074074,16.985507246376812,16.940298507462686,16.907608695652176,16.834645669291337,16.861194029850747,16.988321167883214,16.91278195488722,16.782978723404256
1923,TERUNG BULAT,1kg,BARANGAN SEGAR,SAYUR-SAYURAN,,,,9.714285714285714,9.452755905511811,,,,8.0,,10.1,9.24609375,,,,,,10.363636363636363,9.057692307692308,,,,,,10.0,8.94890510948905,,,8.829192546583851,,
1926,CILI AKAR HIJAU,1kg,BARANGAN SEGAR,SAYUR-SAYURAN,16.531645569620252,15.995475113122172,15.895454545454545,15.805555555555555,15.88563829787234,15.717592592592593,15.551569506726457,15.557522123893806,15.464285714285714,15.31637168141593,15.254587155963304,15.185185185185185,15.016279069767442,15.064814814814815,15.167857142857143,15.230701754385965,15.092528735632184,15.201435406698565,15.403553299492385,15.198237885462555,15.231277533039648,15.039823008849558,14.93362831858407,14.94273127753304,14.913636363636364,14.883838383838384,14.835555555555555,14.813333333333333,14.821917808219178,14.695852534562212,14.743119266055047
1927,CILI AKAR MERAH,1kg,BARANGAN SEGAR,SAYUR-SAYURAN,29.14516129032258,29.462962962962962,29.69811320754717,29.962962962962962,30.282608695652176,30.691296296296294,31.34140243902439,31.951746987951807,31.687437499999998,31.745159235668787,32.02574193548387,31.96153846153846,32.30718954248366,32.32876712328767,32.07096774193548,31.833333333333332,31.95,31.774647887323944,31.55223880597015,31.275,30.862275449101798,30.654545454545456,30.246987951807228,29.561728395061728,29.00632911392405,28.805755395683452,28.593939393939394,28.01169590643275,27.570552147239265,27.188,27.10322580645161
1928,LIMAU KASTURI,1kg,BARANGAN SEGAR,SAYUR-SAYURAN,7.348837209302325,6.880597014925373,6.937269372693727,6.868421052631579,7.014767932489452,6.897358490566037,6.883882783882783,6.878388278388278,6.89,6.854578754578754,6.811111111111111,6.995726495726496,6.869318181818182,6.867816091954023,6.8332075471698115,6.885606060606061,6.662019230769231,6.820408163265306,6.982905982905983,6.776951672862453,6.854347826086956,6.842335766423357,6.762589928057554,6.813138686131387,6.840909090909091,6.976793248945148,6.926691729323308,6.968773234200743,6.951851851851852,6.958955223880597,6.920973782771536
1929,SANTAN KELAPA SEGAR (PEKAT),1kg,BARANGAN SEGAR,KELAPA,,,,16.142857142857142,16.263551401869158,,,,15.0,,16.666666666666668,16.302912621359223,,,,,,16.285714285714285,16.307766990291263,,,,,,16.285714285714285,16.314423076923077,,16.0,16.308064516129033,,
1931,BAWANG BESAR IMPORT (PAKISTAN),1kg,BARANGAN KERING,BAWANG,4.333333333333333,4.5,4.444444444444445,4.5,4.555555555555555,4.4,4.222222222222222,4.2727272727272725,4.3,4.318181818181818,4.25,4.208333333333333,4.291666666666667,4.115384615384615,4.038461538461538,4.0,3.9,4.111111111111111,4.166666666666667,4.108333333333333,4.027272727272727,4.181818181818182,4.125,4.2,4.1,4.166666666666667,4.153846153846154,4.083333333333333,4.0,4.0,4.0
1937,MINYAK MASAK TULEN CAP SAJI,1kg,BARANGAN BERBUNGKUS,MINYAK DAN LEMAK,,,,6.9,6.9,,,,,,6.900000000000001,6.9,,,,,,6.900000000000001,6.9,,,,,,6.900000000000001,6.9,,,6.9,,
1938,MINYAK MASAK TULEN CAP SAJI,2 kg,BARANGAN BERBUNGKUS,MINYAK DAN LEMAK,,,,13.300000000000002,13.3,,,,,,13.300000000000002,13.300000000000002,,,,,,13.300000000000002,13.300000000000002,,,,,,13.3,13.3,,,13.3,,
1939,MINYAK MASAK TULEN CAP SAJI,5 kg,BARANGAN BERBUNGKUS,MINYAK DAN LEMAK,,,,30.899999999999995,30.9,,,,,,30.899999999999995,30.9,,,,,,30.899999999999995,30.900000000000002,,,,,,30.899999999999995,30.900000000000002,,,30.9,,
1940,MINYAK MASAK TULEN CAP ALIF,1kg,BARANGAN BERBUNGKUS,MINYAK DAN LEMAK,,,,,6.9,,,,,,,6.9,,,,,,,6.9,,,,,,,6.9,,,6.9,,
1942,MINYAK MASAK TULEN CAP ALIF,5 kg,BARANGAN BERBUNGKUS,MINYAK DAN LEMAK,,,,,30.9,,,,,,,30.9,,,,,,,30.9,,,,,,,30.9,,,30.9,,
1951,BERAS SUPER CAP 3A BOY (IMPORT),10 kg,BARANGAN BERBUNGKUS,BERAS,,,,,30.45,,,,,,,30.45,,,,,,,30.266666666666666,,,,,,,30.266666666666666,,,30.266666666666666,,
1953,KRIMER MANIS PEKAT CAP SAJI,500 g,BARANGAN BERBUNGKUS,KRIMER DAN SUSU TEPUNG,,,,3.5800000000000005,3.541509433962264,,,,,,3.5,3.5326923076923076,,,,,,3.5,3.526923076923077,,,,,,3.5200000000000005,3.5156862745098034,,3.5,3.5189655172413796,,
1963,REFILL ANMUM ESSENTIAL LANGKAH 4 PERISA ASLI (TANPA GULA TAMBAHAN) - KOTAK,550 g,SUSU DAN BARANGAN BAYI,SUSU BAYI,,,,,37.0,,,,,,,37.0,,,,,,,,,,,,,,37.0,,,,,
1966,MILNA BISKUT RUSK (ASLI),130g,SUSU DAN BARANGAN BAYI,MAKANAN BAYI,,,,,7.8,,,,,,,7.8,,,,,,,7.8,,,,,,,7.8,,,7.8,,
1976,MAGGI MI SEGERA PERISA KARI,5 X 79g,BARANGAN BERBUNGKUS,MI SEGERA,,,,5.533333333333333,5.574747474747475,,,,5.3,,5.642857142857143,5.5549019607843135,,,,,,5.622222222222223,5.576190476190476,,,,,,5.566666666666666,5.574999999999999,,,5.588709677419355,,
2001,DUMEX DUPRO 2 (RUMUSAN SUSULAN),850g,SUSU DAN BARANGAN BAYI,SUSU BAYI,,,,,29.5,,,,,,,29.5,,,,,,,29.5,,,,,,,29.5,,,29.5,,
2003,BIHUN KERING IMPORT (PELBAGAI JENAMA),400 g,BARANGAN BERBUNGKUS,BIHUN,,,,,4.0,,,,,,,4.0,,,,,,,4.0,,,,,,,4.0,,,4.0,,
2009,DUTCH LADY 123 (BIASA),850g,SUSU DAN BARANGAN BAYI,SUSU BAYI,,,,,24.9,,,,,,,24.9,,,,,,,24.9,,,,,,,24.9,,,24.9,,
2010,DUTCH LADY 456 (BIASA),850g,SUSU DAN BARANGAN BAYI,SUSU BAYI,,,,,29.349999999999998,,,,,,,28.066666666666663,,,,,,,28.066666666666663,,,,,,,28.066666666666663,,,28.066666666666663,,
