item_code,item,unit,item_group,item_category,2025-12-01,2025-12-02,2025-12-03,2025-12-04,2025-12-05,2025-12-06,2025-12-07,2025-12-08,2025-12-09,2025-12-10,2025-12-11,2025-12-12,2025-12-13,2025-12-14,2025-12-15,2025-12-16,2025-12-17,2025-12-18,2025-12-19,2025-12-20,2025-12-21,2025-12-22,2025-12-23,2025-12-24,2025-12-26,2025-12-27,2025-12-28,2025-12-29,2025-12-30,2025-12-31
1,AYAM BERSIH - STANDARD,1kg,BARANGAN SEGAR,AYAM,8.550505747126437,8.584507042253522,8.58278422273782,8.588083140877599,8.575058275058275,8.5626179245283,8.59460465116279,8.621543778801843,8.608402777777778,8.598429561200923,8.558765743073048,8.47431279620853,8.43909090909091,8.405721040189125,8.427249999999999,8.307867298578199,8.20978102189781,8.11915,8.071880108991826,8.033563218390805,8.046564245810057,8.018062827225132,8.028948717948717,8.02269801980198,8.108605769230769,8.134116161616163,8.207135802469136,8.25568129330254,8.400952380952381,8.494953703703704
2,AYAM BERSIH - SUPER,1kg,BARANGAN SEGAR,AYAM,11.272530120481928,11.241790123456791,11.214355828220858,11.232392638036808,11.244596273291926,11.212250000000001,11.194074074074074,11.210545454545455,11.21857142857143,11.227547169811322,11.247283950617284,11.216134969325154,11.23611111111111,11.242732919254658,11.245963855421687,11.236280487804878,11.231951219512196,11.181509433962264,11.191518987341771,11.18935064935065,11.196143790849673,11.187875,11.169210526315789,10.865132743362832,11.142564102564103,11.179350649350651,11.165000000000001,11.179415584415585,11.185320512820514,11.176582278481014
9,DAGING KAMBING BEBIRI IMPORT BERTULANG (MUTTON) (AUSTRALIA - KOTAK),1kg,BARANGAN SEGAR,DAGING,32.870000000000005,,,,,,,33.17537634408602,,,,,,,32.90154929577464,33.859545454545454,,,,,,33.202234042553194,,,,,,,,
10,DAGING KAMBING BEBIRI IMPORT BERTULANG (MUTTON) (NEW ZEALAND - KOTAK),1kg,BARANGAN SEGAR,DAGING,35.4,,,,,,,35.4,,,,,,,,35.89,,,,,,35.89,,,,,,,,
11,DAGING KAMBING BEBIRI IMPORT TANPA TULANG (MUTTON) (TIDAK TERMASUK PAHA - AUSTRALIA),1kg,BARANGAN SEGAR,DAGING,43.934375,,,,,,,44.103125,,,,,,,43.484117647058824,41.25,,,,,,42.730000000000004,,,,,,,,
12,DAGING KAMBING BEBIRI IMPORT TANPA TULANG (MUTTON) (TIDAK TERMASUK PAHA - NEW ZEALAND),1kg,BARANGAN SEGAR,DAGING,41.6,,,,,,,41.6,,,,,,,,41.6,,,,,,41.6,,,,,,,,
14,DAGING KERBAU IMPORT (INDIA) * (TOP SIDE),1kg,BARANGAN SEGAR,DAGING,23.739857142857144,,,,,,,23.78855172413793,,,,,,,23.901626016260163,22.681052631578947,,,,,,23.764857142857142,,,,,,,,
16,BETIK BIASA,1kg,BARANGAN SEGAR,BUAH-BUAHAN,5.734451612903226,,,,,,,5.674788732394366,,,,,,,6.091944444444445,6.8,,,,,,6.345793103448276,,,,,,,,
18,PISANG BERANGAN,1kg,BARANGAN SEGAR,BUAH-BUAHAN,7.050648148148149,,,,,,,7.113448275862068,,,,,,,7.062807017543859,,,,,,,7.164711538461538,,,,,,,,
19,PISANG EMAS,1kg,BARANGAN SEGAR,BUAH-BUAHAN,7.497872340425532,,,,,,,7.423846153846155,,,,,,,7.4568518518518525,,,,,,,7.5761290322580646,,,,,,,,
20,TEMBIKAI MERAH BERBIJI,1kg,BARANGAN SEGAR,BUAH-BUAHAN,5.578035714285714,,,,,,,5.474786324786324,,,,,,,5.5291150442477885,6.5,,,,,,5.66122641509434,,,,,,,,
21,TEMBIKAI MERAH TANPA BIJI,1kg,BARANGAN SEGAR,BUAH-BUAHAN,4.753483146067416,,,,,,,4.798491620111732,,,,,,,4.6386111111111115,,,,,,,4.286863905325444,,,,,,,,
22,DRAGON FRUIT MERAH,1kg,BARANGAN SEGAR,BUAH-BUAHAN,10.318403361344538,,,,,,,10.476864406779661,,,,,,,10.633673469387757,9.99,,,,,,10.852752293577982,,,,,,,,
24,TEMBIKAI SUSU,1kg,BARANGAN SEGAR,BUAH-BUAHAN,6.676756756756757,,,,,,,6.976642857142857,,,,,,,6.843493150684932,,,,,,,6.6713281250000005,,,,,,,,
25,NENAS BIASA (JOSAPINE/MORRIS/SARAWAK),1 biji,BARANGAN SEGAR,BUAH-BUAHAN,4.618188405797102,,,,,,,4.644444444444444,,,,,,,4.662689655172414,,,,,,,4.698881118881119,,,,,,,,
26,ANGGUR HIJAU BERBIJI,1kg,BARANGAN SEGAR,BUAH-BUAHAN,21.9,,,,,,,19.366666666666667,,,,,,,21.0225,,,,,,,21.0225,,,,,,,,
27,ANGGUR MERAH BERBIJI,1kg,BARANGAN SEGAR,BUAH-BUAHAN,10.968449197860963,,,,,,,10.79785046728972,,,,,,,11.024974874371859,10.479375,,,,,,10.866764705882353,,,,,,,,
31,LAI KUNING (SAIZ M),1 biji,BARANGAN SEGAR,BUAH-BUAHAN,1.9602898550724637,,,,,,,1.9106410256410256,,,,,,,1.8167142857142857,2.86,,,,,,1.925068493150685,,,,,,,,
38,JAMBU BATU BERBIJI,1kg,BARANGAN SEGAR,BUAH-BUAHAN,7.575979381443299,,,,,,,7.549032258064517,,,,,,,7.694457831325301,8.594999999999999,,,,,,7.722842105263159,,,,,,,,
39,JAMBU BATU TANPA BIJI,1kg,BARANGAN SEGAR,BUAH-BUAHAN,11.004625,,,,,,,11.272112676056338,,,,,,,11.33448717948718,10.4625,,,,,,11.25,,,,,,,,
43,IKAN BAWAL HITAM (ANTARA 2 HINGGA 5 EKOR SEKILOGRAM),1kg,BARANGAN SEGAR,BAHAN LAUT,26.694347826086954,,,,,,,27.004041095890408,,,,,,,27.371115537848603,26.14309523809524,,,,,,26.8875,,,,,,25.8,,
47,IKAN CENCARU (ANTARA 4 HINGGA 6 EKOR SEKILOGRAM),1kg,BARANGAN SEGAR,BAHAN LAUT,10.208225352112676,10.27392156862745,10.264146341463416,10.339016393442623,10.278641304347826,10.126657534246576,10.193186813186813,10.291379310344828,10.439861878453039,10.394027027027029,10.32486404833837,10.431634349030471,10.405925925925926,10.296943699731903,10.564309210526316,10.555879120879121,10.54853591160221,10.394217877094972,10.376584022038568,10.433361111111111,10.37655462184874,10.303306233062331,10.349051490514906,10.227651933701658,10.037158469945355,9.991731843575419,9.978184357541899,10.153005617977529,10.22014619883041,10.259508670520232
52,KEPALA IKAN JENAHAK,1kg,BARANGAN SEGAR,BAHAN LAUT,26.039076923076923,,,,,,,26.201052631578946,,,,,,,26.378461538461536,26.38642857142857,,,,,,26.362517482517482,,,,,,,,
55,IKAN KEMBUNG KECIL/PELALING (ANTARA 10 HINGGA 18 EKOR SEKILOGRAM),1kg,BARANGAN SEGAR,BAHAN LAUT,14.077218934911244,14.603111111111112,15.172089552238807,15.245355450236966,15.009691629955947,15.113448275862067,14.982057613168724,15.099915254237288,14.872918454935622,14.784056224899599,14.395229357798165,14.616059322033898,14.632916666666667,14.667407407407406,14.79945205479452,14.713895348837209,14.569393939393938,14.72640243902439,14.803801169590642,14.904476744186047,14.846549707602337,14.813652694610779,15.216176470588236,15.1225,15.125921787709498,15.109621621621622,15.290384615384616,15.1885,15.005491329479767,15.188415300546449
64,KEPALA IKAN MERAH,1kg,BARANGAN SEGAR,BAHAN LAUT,30.46985507246377,,,,,,,30.022789115646262,,,,,,,30.202983870967742,29.16,,,,,,29.35297872340426,,,,,,,,
69,IKAN SELAR KUNING (b	% 11 EKOR SEKILOGRAM),1kg,BARANGAN SEGAR,BAHAN LAUT,12.176909090909092,12.18123188405797,12.23717105263158,12.42305389221557,12.25005347593583,12.309082125603865,12.284162436548224,12.4201775147929,12.479438202247191,12.704972972972973,12.401858974358975,12.549137931034483,12.414624277456648,12.134754098360656,12.76007874015748,12.280848484848486,12.35110465116279,12.537764705882353,12.435792682926829,12.272958579881658,12.508496732026144,12.436564417177914,12.351962025316455,12.459615384615384,12.29216560509554,12.224539473684212,12.278714285714285,12.495786163522013,12.632599999999998,12.793515151515154
70,IKAN SELAR PELATA (≤ 7 EKOR SEKILOGRAM),1kg,BARANGAN SEGAR,BAHAN LAUT,17.882421524663677,17.962555066079297,17.9885593220339,18.147131147540982,18.316485355648535,18.601311475409837,18.36030534351145,18.145116279069764,18.29928838951311,17.98635379061372,18.14579365079365,18.246338983050848,18.266145833333333,18.351743772241992,19.016379310344828,18.486857142857144,18.61184668989547,18.513993055555556,18.562937293729373,18.686040268456374,18.56459731543624,18.690821428571425,18.948284671532846,18.831363636363633,18.687490774907747,18.351007194244605,17.99696113074205,18.044727891156462,17.86390070921986,18.189432624113476
88,IKAN KELI (ANTARA 2 HINGGA 5 EKOR SEKILOGRAM),1kg,BARANGAN SEGAR,IKAN DARAT,10.2384984984985,10.245157232704402,10.153323076923076,10.165810397553516,10.20808383233533,10.215,10.24510447761194,10.240547112462005,10.255636942675158,10.198176100628931,10.16609756097561,10.124770642201835,10.132567975830817,10.154075235109719,10.12755172413793,10.027743902439024,10.128776758409787,10.113222891566265,9.99877245508982,9.983816568047338,10.006615853658538,10.053810975609757,10.00918831168831,10.021324921135648,9.977044025157234,9.971557632398753,9.88188679245283,9.978018292682927,9.947115384615385,9.855727554179566
92,CILI HIJAU,1kg,BARANGAN SEGAR,SAYUR-SAYURAN,12.222566371681417,12.181521252796422,12.228891402714932,12.268133333333333,12.349375,12.384391891891893,12.447074829931973,12.546430155210642,12.605199115044249,12.62691466083151,12.703293838862558,12.586089743589744,12.466211453744494,12.515842450765863,12.645958005249343,12.495115207373273,12.343294930875576,12.310067567567568,12.240337837837838,12.218863636363636,12.261412300683372,12.290799999999999,12.339633027522936,12.291129411764707,12.428177777777778,12.520315315315317,12.583099547511313,12.704379232505643,12.78986301369863,12.89793721973094
93,CILI MERAH - KULAI,1kg,BARANGAN SEGAR,SAYUR-SAYURAN,18.00228813559322,17.968264462809916,18.50821138211382,18.508872180451128,18.506249999999998,18.58646153846154,18.746015037593985,19.43186567164179,19.49533333333333,19.745851851851853,20.124094488188973,20.039770992366414,20.09950354609929,20.239280575539567,20.669741379310345,20.401510791366906,20.525744680851062,20.402898550724636,20.266142857142857,20.355724637681156,20.649117647058823,20.500758620689652,15.126330935251799,15.084961832061069,15.072753623188406,15.08589928057554,16.377286821705425,17.416762589928055,17.92530201342282,18.580199999999998
94,CILI MERAH - MINYAK,1kg,BARANGAN SEGAR,SAYUR-SAYURAN,16.655650969529084,16.815320334261838,17.063602150537633,17.290965147453083,17.55708762886598,17.876692506459946,17.97539240506329,18.271116751269034,18.520283505154637,18.90374025974026,19.240026809651475,19.231291139240504,19.216153846153844,19.208280871670702,19.39585915492958,19.372607594936706,19.539776119402983,19.639378109452736,19.56152119700748,19.521654501216545,19.416682926829267,19.40282555282555,15.278503562945367,15.254880382775122,15.212419354838708,15.206658823529411,16.769663212435233,17.459059139784944,17.962383561643833,18.542392473118277
95,HALIA BASAH (TUA),1kg,BARANGAN SEGAR,SAYUR-SAYURAN,8.782270450751252,8.775213675213676,8.790017094017093,8.75633043478261,8.741228070175438,8.691035714285713,8.659570661896243,8.729470989761092,8.759549393414211,8.819220103986137,8.789354838709677,8.87933962264151,8.90916030534351,8.896423220973784,9.009408284023669,8.86233676975945,8.810626086956523,8.795536028119507,8.787033747779752,8.765027027027028,8.847536231884058,8.830527210884354,8.837388316151204,8.722773722627737,8.735276816608996,8.72303602058319,8.73839590443686,8.768026981450253,8.790617495711835,8.801868686868687
96,KACANG BENDI,1kg,BARANGAN SEGAR,SAYUR-SAYURAN,11.658260869565218,11.793741007194244,12.071409090909091,12.361593533487298,12.494109589041097,12.61251700680272,12.809183673469386,12.851662817551965,12.804942263279445,12.849473684210526,12.79918414918415,12.824085106382977,12.805772532188842,12.624252136752135,12.631464019851117,12.25017094017094,11.701136842105264,11.49993762993763,11.257494692144373,11.008291666666668,10.960627615062762,10.969240246406573,10.878877338877338,10.956333333333333,10.937542016806722,10.957191489361703,11.048185654008439,10.943092783505156,10.947928870292886,10.823897959183673
97,KACANG BUNCIS,1kg,BARANGAN SEGAR,SAYUR-SAYURAN,12.603601694915254,12.933090128755364,13.401763440860215,13.958793859649123,14.548207343412527,15.205833333333333,15.635675675675675,16.087176470588236,16.47136574074074,16.495756880733943,16.661362530413626,16.74673469387755,16.89368794326241,17.00669099756691,16.680509915014163,17.233449131513648,17.33993039443155,17.157545454545453,16.79135440180587,16.229249448123618,15.596349557522124,14.716630196936542,14.475399568034556,14.432409090909092,13.835255319148935,13.875957894736842,13.94210970464135,13.994724576271187,14.129296375266525,14.128267223382045
98,KACANG PANJANG,1kg,BARANGAN SEGAR,SAYUR-SAYURAN,9.966461538461537,10.152698412698413,10.490639269406394,10.736139534883721,10.979818594104309,11.051330376940134,11.064545454545454,11.176138392857142,11.227126948775057,11.208464912280702,11.032191142191143,11.271546391752578,11.317368421052631,11.338201284796575,11.469017632241814,11.165064655172413,11.007336152219874,10.909120171673822,11.000395604395605,11.10503355704698,11.289318181818182,11.398899297423888,11.577582159624413,11.946990291262136,11.687472283813747,11.653658008658008,11.672172043010754,11.628543046357617,11.548013245033113,11.376228813559322
101,KELAPA BIJI,1 biji,BARANGAN SEGAR,KELAPA,3.668266666666667,,,,,,,3.6559722222222226,,,,,,,3.5566666666666666,3.8004545454545453,,,,,,3.619718309859155,,,,,,,,
102,KELAPA PARUT,1kg,BARANGAN SEGAR,KELAPA,13.760833333333332,,,,,,,13.6325,,,,,,,13.899285714285714,12.99,,,,,,13.783076923076923,,,,,,,,
103,SANTAN KELAPA SEGAR (BIASA),1kg,BARANGAN SEGAR,KELAPA,9.200495867768595,,,,,,,9.206209677419354,,,,,,,9.146972477064221,9.441333333333334,,,,,,9.272083333333335,,,,,,,,
104,KUBIS BULAT IMPORT (CHINA),1kg,BARANGAN SEGAR,SAYUR-SAYURAN,3.310236559139785,3.2925820568927793,3.2772826086956526,3.2678091106290674,3.269048672566372,3.284398249452954,3.318089887640449,3.3492656587473,3.344194260485651,3.317313769751693,3.247897310513448,3.2156689342403633,3.21295871559633,3.2491383219954653,3.3388295165394406,3.301163793103448,3.3167903930131004,3.2983080260303685,3.2750776053215076,3.270616740088106,3.2920131291028447,3.3058134490238613,3.200174291938998,3.1931512605042016,3.2008677685950415,3.1921966527196655,3.2774468085106383,3.327354166666667,3.3407855626326963,3.3456503198294247
105,KUBIS BULAT (TEMPATAN),1kg,BARANGAN SEGAR,SAYUR-SAYURAN,5.640112781954887,5.69434456928839,5.789776119402985,6.0157677902621725,6.15625,6.236343283582089,6.237728937728938,6.344423791821562,6.312076923076924,6.276346153846154,6.35605577689243,6.479962264150943,6.495175097276265,6.522681992337165,6.430796460176991,6.513083003952569,6.49078125,6.422432432432433,6.4352734375,6.502355212355213,6.502364341085272,6.58094696969697,6.598097165991903,6.992692307692308,6.546938775510204,6.484040816326531,6.472685950413224,6.374112903225806,6.407350427350428,6.471836734693877
108,KUNYIT HIDUP,1kg,BARANGAN SEGAR,SAYUR-SAYURAN,9.446902485659656,9.425096899224807,9.411247563352827,9.366954022988507,9.38287619047619,9.384038461538461,9.341501901140685,9.392000000000001,9.395220729366603,9.382163187855786,9.408548387096776,9.353011363636364,9.38758095238095,9.367794676806083,9.539195652173913,9.336444866920152,9.340150093808631,9.29232380952381,9.305237191650853,9.341833648393195,9.33,9.408710280373832,9.397727272727273,9.251819960861058,9.365946462715106,9.37965909090909,9.359398496240601,9.418745318352059,9.400350194552528,9.378638941398867
109,LOBAK MERAH,1kg,BARANGAN SEGAR,SAYUR-SAYURAN,3.5912038834951456,3.5868072289156627,3.6317588932806326,3.678141414141414,3.6707676767676767,3.6487499999999997,3.653127572016461,3.655559845559846,3.661566037735849,3.6783114446529086,3.6332459677419355,3.619092627599244,3.60117202268431,3.6148794063079777,3.7534897959183673,3.7137862318840584,3.7905860805860803,3.815111111111111,3.848805970149254,3.8715779816513765,3.9245405405405402,3.977553571428571,3.9101065719360566,3.894722222222222,3.94575389948007,3.943508771929825,4.023045774647888,4.064506065857886,4.080672566371681,4.037508591065292
113,TIMUN,1kg,BARANGAN SEGAR,SAYUR-SAYURAN,3.68663101604278,3.7989179755671905,3.9359965337954943,4.074852173913043,4.291494661921709,4.423580470162749,4.531428571428572,4.6825283018867925,4.745198487712665,4.784666666666667,4.645910852713178,4.625626134301271,4.558548387096774,4.531477477477478,4.456985743380856,4.401127012522362,4.231136363636364,4.08229537366548,3.934072727272728,3.8550749063670415,3.8300189753320684,3.8313035714285717,3.752576576576576,3.724233870967742,3.695478723404255,3.6860701754385965,3.7173451327433633,3.7108492201039858,3.694578947368421,3.689679054054054
114,TOMATO,1kg,BARANGAN SEGAR,SAYUR-SAYURAN,6.5700349650349645,6.565236427320491,6.517820738137083,6.4843630017452005,6.553923611111111,6.68103690685413,6.783922942206655,6.963074204946996,6.9223333333333334,6.804671280276817,6.615692883895131,6.507771739130435,6.430884476534296,6.336353982300885,6.305182926829269,6.221684587813621,6.212490974729242,6.144954296160877,6.111011235955057,6.118146718146718,6.134044943820225,6.092702702702703,5.2393090909090905,5.19088,5.273646616541353,5.278781431334623,5.680574712643678,5.798500948766604,5.887337278106509,5.858838582677166
129,BAWANG BESAR KUNING/HOLLAND,1kg,BARANGAN KERING,BAWANG,3.164767441860465,3.1806621392190153,3.1831534569983138,3.190942760942761,3.1336993243243243,3.1274745762711866,3.1220642978003386,3.1839899833055094,3.167,3.1717206132879046,3.144330275229358,3.0931111111111114,3.0890051457975987,3.10247892074199,3.155828571428571,3.141825795644891,3.158621848739496,3.1228885135135136,3.1005119453924914,3.0894664371772804,3.095589743589744,3.1135462184873948,3.2095016611295684,3.1581768953068594,3.212139303482587,3.210182421227197,3.176700854700855,3.1836622073578593,3.1893728813559323,3.253719298245614
131,BAWANG KECIL MERAH ROSE IMPORT (INDIA),1kg,BARANGAN KERING,BAWANG,8.700808625336927,8.741842818428186,8.78484126984127,8.88716535433071,8.889688311688312,8.933812010443864,8.971227154046998,9.040558510638299,9.038930481283423,9.161340482573728,9.205626822157434,9.279424657534248,9.301385869565218,9.30241847826087,9.459614147909969,9.468674033149172,9.496338797814207,9.529565217391305,9.583787465940054,9.621226158038148,9.673668478260868,9.721045576407507,9.771323943661972,9.802603174603176,9.947569832402234,9.969972144846798,10.02272988505747,10.044092219020174,10.072930513595166,10.084939393939393
132,BAWANG KECIL MERAH IMPORT (THAILAND),1kg,BARANGAN KERING,BAWANG,12.175172413793105,12.144107142857143,12.121525423728812,12.064333333333334,12.045409836065573,12.098709677419356,11.984754098360655,12.109666666666667,12.058524590163936,12.025737704918033,12.179056603773585,12.204736842105264,12.266440677966102,12.29050847457627,12.264693877551021,12.38758064516129,12.32688524590164,12.396393442622951,12.415303030303031,12.498507462686566,12.525223880597016,12.837976190476192,12.867176470588236,12.921704545454547,12.924479166666666,13.030582524271846,13.040673076923078,13.080535714285716,13.105963302752295,13.068879310344828
180,TEH BOH (UNCANG),100 beg,MINUMAN,BAHAN-BAHAN MINUMAN,,,,,,,,,,,,,,,,,,,,,,14.183378684807256,,,,,,,,
191,SARDIN CAP AYAM (SOS TOMATO),425 g,BARANGAN BERBUNGKUS,IKAN DALAM TIN,10.324474153297682,,,,,,,10.323772563176895,,,,,,,10.337270875763748,10.224583333333335,,,,,,10.32688432835821,,,,,,9.9,,
193,SARDIN CAP KING CUP (SOS TOMATO),425 g,BARANGAN BERBUNGKUS,IKAN DALAM TIN,9.391613756613756,,,,,,,9.391973333333334,,,,,,,9.396637426900584,9.245333333333333,,,,,,9.3982722513089,,,,,,,,
201,JEM STRAWBERI LADY'S CHOICE,400 g,BARANGAN BERBUNGKUS,SAPUAN (SPREADS),9.39200668896321,,,,,,,9.394635761589404,,,,,,,9.384524714828897,9.455813953488372,,,,,,9.40066889632107,,,,,,,,
203,MAINLAND CHESDALE CHEDDAR CHEESE SPREAD 12 CHEDDAR,250 g,BARANGAN BERBUNGKUS,SAPUAN (SPREADS),12.663409563409564,,,,,,,12.563247863247865,,,,,,,12.524024390243902,12.187758620689655,,,,,,12.433010752688173,,,,,,,,
205,MARJERIN DAISY,480 g,BARANGAN BERBUNGKUS,SAPUAN (SPREADS),9.39218142548596,,,,,,,9.380044150110376,,,,,,,9.393556701030928,9.331166666666666,,,,,,9.373289183222958,,,,,,8.99,,
206,MARJERIN PLANTA,480 g,BARANGAN BERBUNGKUS,SAPUAN (SPREADS),11.263144475920681,,,,,,,11.075369318181819,,,,,,,11.111423841059603,10.820333333333334,,,,,,11.051353591160222,,,,,,,,
214,KICAP LEMAK MANIS CAP KIPAS UDANG,345ml,BARANGAN BERBUNGKUS,KICAP DAN SOS,6.74634765625,,,,,,,6.7332995951417,,,,,,,6.74940366972477,6.70421052631579,,,,,,6.735546875,,,,,,,,
217,SOS TOMATO MAGGI,325 g,BARANGAN BERBUNGKUS,KICAP DAN SOS,4.1474128440366975,,,,,,,4.145496323529412,,,,,,,4.144074074074074,4.1686764705882355,,,,,,4.148369565217392,,,,,,,,
218,SOS CILI LIFE,340 g,BARANGAN BERBUNGKUS,KICAP DAN SOS,4.520646551724138,,,,,,,4.51161220043573,,,,,,,4.530152671755726,4.367460317460317,,,,,,4.513676148796499,,,,,,,,
221,DRINHO SOYA (KOTAK),250 ml,MINUMAN,TERSEDIA MINUM,1.095,,,,,,,1.1,,,,,,,1.1111111111111112,1.0,,,,,,1.1157894736842104,,,,,,,,
224,SUSU SEGAR DUTCH LADY,1 liter,MINUMAN,TERSEDIA MINUM,,,,,,,,,,,,,,,,,,,,,,8.555966101694915,,,,,,,,
226,YEO'S LAICI (KOTAK),250 ml,MINUMAN,TERSEDIA MINUM,1.1890909090909092,,,,,,,1.2046875,,,,,,,1.1947999999999999,1.295,,,,,,1.2051724137931032,,,,,,,,
228,COCA COLA (BOTOL),1.5 liter,MINUMAN,TERSEDIA MINUM,4.083571428571428,,,,,,,4.0523514211886305,,,,,,,4.054674556213018,3.9130000000000003,,,,,,4.0299726027397265,,,,,,,,
229,F&N OREN (TIN),325 ml,MINUMAN,TERSEDIA MINUM,1.6817109144542775,,,,,,,1.6772093023255814,,,,,,,1.6726582278481015,1.729189189189189,,,,,,1.676153846153846,,,,,,,,
230,F&N OREN (BOTOL),1.5 liter,MINUMAN,TERSEDIA MINUM,3.458567774936061,,,,,,,3.4311616161616163,,,,,,,3.448789625360231,3.3413333333333335,,,,,,3.4574722222222225,,,,,,,,
232,MIRINDA OREN (BOTOL),1.5 liter,MINUMAN,TERSEDIA MINUM,3.104832041343669,,,,,,,3.078897435897436,,,,,,,3.018882681564246,3.0224242424242425,,,,,,3.009298245614035,,,,,,,,
235,JUS OREN PEEL FRESH (MARIGOLD),1 liter,MINUMAN,TERSEDIA MINUM,6.762440087145969,,,,,,,6.763025751072962,,,,,,,6.784656488549618,6.572567567567567,,,,,,6.764784580498866,,,,,,,,
239,RED BULL (BOTOL),150 ml,MINUMAN,TERSEDIA MINUM,2.4254103343465045,,,,,,,2.4272843450479233,,,,,,,2.4264963503649635,2.4241176470588237,,,,,,2.427151702786378,,,,,,,,
240,LIVITA WITH HONEY (BOTOL),150 ml,MINUMAN,TERSEDIA MINUM,2.1716326530612244,,,,,,,2.1723809523809527,,,,,,,2.1714615384615388,2.1344444444444446,,,,,,2.166830985915493,,,,,,,,
246,MINYAK JAGUNG CAP MAZOLA,1kg,BARANGAN BERBUNGKUS,MINYAK DAN LEMAK,18.887148594377507,,,,,,,18.794612403100775,,,,,,,18.772577777777776,18.822499999999998,,,,,,18.769923076923074,,,,,,,,
254,MINYAK MASAK SEBATIAN CAP HELANG,5 kg,BARANGAN BERBUNGKUS,MINYAK DAN LEMAK,36.502500000000005,,,,,,,36.2921103117506,,,,,,,36.53765333333333,35.08181818181818,,,,,,36.35529556650246,,,,,,37.9,,
260,MINYAK MASAK SEBATIAN CAP PISAU,5 kg,BARANGAN BERBUNGKUS,MINYAK DAN LEMAK,36.11119914346895,,,,,,,35.897055084745766,,,,,,,35.794441687344914,34.626666666666665,,,,,,35.79021377672209,,,,,,,,
263,MINYAK MASAK TULEN CAP BURUH,5 kg,BARANGAN BERBUNGKUS,MINYAK DAN LEMAK,30.71499111900533,,,,,,,30.708625235404895,,,,,,,30.648503253796093,30.49879310344827,,,,,,30.599549019607846,,,,,,30.9,,
266,MINYAK MASAK TULEN CAP SERI MURNI,5 kg,BARANGAN BERBUNGKUS,MINYAK DAN LEMAK,30.76883435582822,,,,,,,30.78178137651822,,,,,,,30.797582417582422,30.646206896551725,,,,,,30.78255859375,,,,,,30.9,,
267,MINYAK MASAK TULEN CAP VESAWIT,1kg,BARANGAN BERBUNGKUS,MINYAK DAN LEMAK,6.88234501347709,,,,,,,6.881626016260163,,,,,,,6.883164179104478,6.877446808510639,,,,,,6.8808533333333335,,,,,,6.9,,
271,MINYAK SAPI CAP QBB,400 g,BARANGAN BERBUNGKUS,MINYAK DAN LEMAK,35.26920353982301,,,,,,,35.34155963302752,,,,,,,35.16637362637363,35.04631578947368,,,,,,35.15176470588235,,,,,,,,
292,UBAT GIGI COLGATE (PUDINA SEGAR),250 g,PRODUK KEBERSIHAN,PENJAGAAN DIRI,14.241929411764705,,,,,,,14.269358669833728,,,,,,,14.265254691689007,14.453125,,,,,,14.28695035460993,,,,,,,,
293,UBAT GIGI DARLIE DOUBLE ACTION (PUDINA ASLI),250 g,PRODUK KEBERSIHAN,PENJAGAAN DIRI,14.379549356223176,,,,,,,14.358606194690266,,,,,,,14.360589743589744,14.344333333333333,,,,,,14.34475161987041,,,,,,,,
295,UBAT GIGI FRESH & WHITE (PUDINA SEGAR),160 g,PRODUK KEBERSIHAN,PENJAGAAN DIRI,6.206869300911854,,,,,,,6.185521472392638,,,,,,,6.176725352112676,6.1402222222222225,,,,,,6.16987951807229,,,,,,,,
299,LACTOGEN 1 RUMUSAN BAYI (KOTAK),650g,SUSU DAN BARANGAN BAYI,SUSU BAYI,28.771809145129225,,,,,,,28.766158415841584,,,,,,,28.786027088036114,28.587500000000002,,,,,,28.761696252465484,,,,,,,,
300,LACTOGEN 2 RUMUSAN SUSULAN (KOTAK),650g,SUSU DAN BARANGAN BAYI,SUSU BAYI,28.77399602385686,,,,,,,28.767690763052208,,,,,,,28.793119266055044,28.606428571428573,,,,,,28.77545638945233,,,,,,27.8,,
350,SERBUK KARI IKAN BABAS,250 g,BARANGAN BERBUNGKUS,REMPAH RATUS (BERBUNGKUS),6.350899830220713,,,,6.39,,,6.350190641247834,,,,,,,6.365,6.2875324675324675,,,,,,6.346876061120543,,,,,,6.3,,
364,SERBUK CILI BABAS,250 g,BARANGAN BERBUNGKUS,REMPAH RATUS (BERBUNGKUS),7.776926994906621,,,,7.59,,,7.777538200339559,,,,,,,7.785172413793104,7.703424657534247,,,,,,7.7718568994889266,,,,,,7.55,,
365,SERBUK KUNYIT CAMPURAN (SEBATIAN) ADABI,250 g,BARANGAN BERBUNGKUS,REMPAH RATUS (BERBUNGKUS),7.212349137931035,,,,,,,7.172714285714286,,,,,,,7.169144144144144,7.0554411764705875,,,,,,7.152450980392157,,,,,,6.9,,
368,KACANG TANAH (IMPORT),1kg,BARANGAN KERING,KACANG,9.358407766990291,,,,,,,9.285357833655706,,,,,,,9.387995545657017,8.671694915254237,,,,,,9.202332657200811,,,,,,8.5,,
716,CILI API/PADI HIJAU,1kg,BARANGAN SEGAR,SAYUR-SAYURAN,29.73041237113402,,,,,,,29.952247191011235,,,,,,,30.03710843373494,30.062105263157893,,,,,,30.19121495327103,,,,,,,,
845,SOTONG (≥ 6 EKOR SEKILOGRAM),1kg,BARANGAN SEGAR,BAHAN LAUT,37.611892857142855,37.93996428571429,38.11248251748252,38.20629370629371,38.19899641577061,38.08472027972028,37.964517241379305,38.06254545454546,37.973951048951044,37.585960264900656,38.11115942028986,37.60931596091205,37.536114864864864,37.61932203389831,37.37715953307393,37.743858520900325,37.60159375,37.26228125,37.214585987261145,37.23267100977199,37.70826530612245,37.1734328358209,37.03098113207547,37.53977186311787,37.4287969924812,37.669563636363634,37.672456140350874,37.53234657039711,37.517741935483876,37.4244982698962
847,KETAM RENJONG/BUNGA (ANTARA 5 HINGGA 8 EKOR SEKILOGRAM),1kg,BARANGAN SEGAR,BAHAN LAUT,37.04008968609865,36.92517543859649,36.40025210084034,36.380460251046024,36.56282051282051,36.56417777777778,36.65511312217195,36.07685185185185,36.09580188679245,36.65049261083743,36.564054054054054,36.246346153846154,36.23625,36.35917050691244,36.42868131868131,36.563574879227055,36.33140186915888,36.27616822429906,36.34938864628821,36.599244444444444,36.69578475336323,36.61168224299065,36.49188679245283,36.73221153846154,36.71352657004831,36.610388349514565,36.5168717948718,36.53490196078431,36.418,36.036748768472904
849,UDANG PUTIH KECIL (b	% 61 EKOR SEKILOGRAM),1kg,BARANGAN SEGAR,BAHAN LAUT,20.662183908045975,,,,,,,20.282291666666666,,,,,,,19.84073684210526,19.796249999999997,,,,,,19.599765625,,,,,,,,
850,UDANG HARIMAU (ANTARA 20 HINGGA 30 EKOR SEKILOGRAM),1kg,BARANGAN SEGAR,BAHAN LAUT,45.92098214285714,,,,,,,45.606153846153845,,,,,,,47.0195,41.19777777777777,,,,,,46.15582524271845,,,,,,,,
861,UBI KENTANG HOLLAND,1kg,BARANGAN KERING,UBI KENTANG,3.3404166666666666,3.3348,3.3468,3.3468,3.365416666666667,3.3788,3.363846153846154,3.3753846153846156,3.419583333333333,3.3816666666666664,3.3603846153846155,3.2988,3.276666666666667,3.276666666666667,3.4142857142857146,3.36125,3.3239285714285716,3.33,3.3239285714285716,3.3544444444444443,3.387307692307692,3.390416666666667,3.344615384615385,3.3113043478260873,3.293636363636364,3.311304347826087,3.3417391304347825,3.3417391304347825,3.2982608695652176,3.297777777777778
869,BIJI SAWI,100 g,BARANGAN BERBUNGKUS,REMPAH RATUS (TIDAK BERBUNGKUS),1.3469318181818184,,,,,,,1.3611481481481482,,,,,,,1.3094392523364486,1.3127659574468085,,,,,,1.355910780669145,,,,,,,,
883,KRIMER MANIS BERVITAMIN CAP F&N,500 g,BARANGAN BERBUNGKUS,KRIMER DAN SUSU TEPUNG,4.184897959183673,,,,,,,4.194328703703704,,,,,,,4.237387640449438,4.124307692307692,,,,,,4.217990654205607,,,,,,,,
884,KRIMER MANIS CAP GOLD COIN,500 g,BARANGAN BERBUNGKUS,KRIMER DAN SUSU TEPUNG,3.449318181818182,,,,,,,3.4252866242038214,,,,,,,3.4533469387755105,3.3954838709677415,,,,,,3.4366006600660066,,,,,,,,
904,BERAS SUPER CAP RAMBUTAN 5% (IMPORT),10 kg,BARANGAN BERBUNGKUS,BERAS,36.732,,,,35.99,,,36.427058823529414,,,,,,,36.43467105263158,36.506,35.99,,,,,36.28983870967742,,37.99,,,,,,
910,KORDIAL F&N (SIRAP ROS),2 liter,MINUMAN,BAHAN-BAHAN MINUMAN,,,,,,,,,,,,,,,,,,,,,,12.113294117647058,,,,,,,,
917,"TEPUNG GANDUM NGP (BERBUNGKUS, CAP SAUH)",1kg,BARANGAN BERBUNGKUS,TEPUNG,3.291953578336557,,,,,,,3.279457364341085,,,,,,,3.2734146341463415,3.17625,,,,,,3.2664077669902913,,,,,,3.2,,
918,MINYAK MASAK PAKET (PELBAGAI JENAMA),1kg,BARANGAN BERBUNGKUS,MINYAK DAN LEMAK,2.5,,,,,,,2.5,,,,,,,2.5,2.5,,,,,,2.5,,,,,,,,
929,NESCAFE CLASSIC (PAKET),200 g,MINUMAN,BAHAN-BAHAN MINUMAN,,,,,,,,,,,,,,,,,,,,,,24.266444954128442,,,,,,,,
992,BERAS CAP JATI (SST5%),10 kg,BARANGAN BERBUNGKUS,BERAS,,,,,,,,,,,,,,,,,,,,,,33.8,,,,,,,,
1070,SOS CILI MAGGI,340 g,BARANGAN BERBUNGKUS,KICAP DAN SOS,4.2161846689895475,,,,,,,4.215248226950354,,,,,,,4.215935613682093,4.214805194805194,,,,,,4.214903339191564,,,,,,4.1,,
1086,MINYAK JAGUNG CAP DAISY,1kg,BARANGAN BERBUNGKUS,MINYAK DAN LEMAK,16.239075268817203,,,,,,,16.210797413793106,,,,,,,16.235012345679014,15.959677419354838,,,,,,16.179695652173912,,,,,,,,
1087,MINYAK JAGUNG CAP DAISY,3 kg,BARANGAN BERBUNGKUS,MINYAK DAN LEMAK,41.9279634464752,,,,,,,41.67236503856041,,,,,,,41.771249999999995,40.524181818181816,,,,,,41.664927536231886,,,,,,,,
1088,MINYAK JAGUNG CAP MAZOLA,3 kg,BARANGAN BERBUNGKUS,MINYAK DAN LEMAK,47.29981012658228,,,,,,,47.106149068322985,,,,,,,47.01650406504065,47.03897435897436,,,,,,46.957875,,,,,,,,
1089,MINYAK JAGUNG CAP VECORN,3 kg,BARANGAN BERBUNGKUS,MINYAK DAN LEMAK,42.80909722222222,,,,,,,42.59057142857143,,,,,,,42.76133333333333,41.800000000000004,,,,,,42.64687943262411,,,,,,,,
1090,MINYAK JAGUNG CAP VECORN,1kg,BARANGAN BERBUNGKUS,MINYAK DAN LEMAK,16.008717948717948,,,,,,,15.952587064676615,,,,,,,15.91100529100529,15.423333333333336,,,,,,15.925148514851486,,,,,,,,
1091,MINYAK MASAK SEBATIAN CAP HELANG,1kg,BARANGAN BERBUNGKUS,MINYAK DAN LEMAK,8.45413043478261,,,,,,,8.448994565217392,,,,,,,8.48506289308176,8.278979591836736,,,,,,8.452307692307691,,,,,,8.7,,
1093,MINYAK MASAK SEBATIAN CAP PISAU,1kg,BARANGAN BERBUNGKUS,MINYAK DAN LEMAK,8.561826923076923,,,,,,,8.561211401425178,,,,,,,8.586628895184136,8.44390625,,,,,,8.565542168674698,,,,,,,,
1094,MINYAK MASAK TULEN CAP BURUH,1kg,BARANGAN BERBUNGKUS,MINYAK DAN LEMAK,6.891911764705883,,,,,,,6.892239130434783,,,,,,,6.892524509803922,6.889193548387096,,,,,,6.892136752136752,,,,,,6.9,,
1095,MINYAK MASAK TULEN CAP VESAWIT,5 kg,BARANGAN BERBUNGKUS,MINYAK DAN LEMAK,30.81329493087558,,,,,,,30.814825174825177,,,,,,,30.8193094629156,30.811702127659576,,,,,,30.81668292682927,,,,,,30.9,,
1100,MINYAK MASAK TULEN CAP SERI MURNI,1kg,BARANGAN BERBUNGKUS,MINYAK DAN LEMAK,6.892548387096775,,,,,,,6.893125,,,,,,,6.893609022556391,6.897777777777779,,,,,,6.893686006825939,,,,,,6.9,,
1101,MINYAK MASAK TULEN CAP SERI MURNI,2 kg,BARANGAN BERBUNGKUS,MINYAK DAN LEMAK,13.227101123595505,,,,,,,13.227241379310346,,,,,,,13.228963855421688,13.179661016949153,,,,,,13.217210743801655,,,,,,12.99,,
1109,TELUR AYAM GRED A,30 biji,BARANGAN SEGAR,TELUR,13.720089820359282,13.724148606811145,13.812483660130718,13.864391891891891,13.891475409836064,13.922875399361022,13.911309904153354,13.937781456953642,13.879021406727828,13.841719197707738,13.889285714285716,13.871081081081082,13.904378378378379,13.885442359249328,13.928888888888888,13.9688,14.010338983050847,14.044657142857144,14.0499173553719,14.068297297297296,14.088632707774797,14.099584487534626,14.115342857142856,14.106573033707866,14.12972602739726,14.097922437673132,14.092479784366578,14.09870786516854,14.09433908045977,14.094943820224719
1110,TELUR AYAM GRED B,30 biji,BARANGAN SEGAR,TELUR,11.518089430894308,11.5110546875,11.5296632996633,11.670487804878048,11.753900293255132,11.855730337078652,11.984918918918918,12.069768786127169,12.383928571428571,12.669232954545453,12.828999999999999,12.846084656084654,12.91201058201058,12.957142857142857,13.131751592356688,13.304230769230768,13.379945945945945,13.43981233243968,13.461386666666666,13.486253369272236,13.527400530503979,13.588815789473685,13.591514360313317,13.626770833333332,13.627175572519082,13.60937655860349,13.617884130982368,13.62555,13.612798982188295,13.592307692307692
1111,TELUR AYAM GRED C,30 biji,BARANGAN SEGAR,TELUR,10.169356435643564,9.99863436123348,9.873616236162361,9.974804270462634,10.121854304635763,10.166797385620916,10.316006825938567,10.459510489510489,10.885871886120995,11.172847222222222,11.474802867383511,11.619455128205129,11.664155844155845,11.81584375,11.968893617021276,12.308846153846154,12.490239726027397,12.672091503267973,12.695145631067962,12.723930817610063,12.788126888217523,12.905396341463415,12.919427710843374,12.970233918128654,13.062742857142858,12.943659942363112,12.971807909604522,13.060313390313391,13.027398843930637,13.028323699421966
1128,LADA BENGGALA HIJAU (CAPSICUM),1kg,BARANGAN SEGAR,SAYUR-SAYURAN,13.359930394431554,,,,9.99,,,13.612699784017279,,,,,,,14.135976190476189,12.580277777777779,,,,,,13.496508264462811,,,,,,22.9,,
1131,UBI KENTANG IMPORT (CHINA),1kg,BARANGAN KERING,UBI KENTANG,2.793833333333333,2.7999367088607596,2.814186046511628,2.8106918238993712,2.8106105263157892,2.8075,2.809527896995708,2.8145877378435515,2.826865671641791,2.825723404255319,2.7597245762711866,2.766831683168317,2.7586363636363638,2.7728402366863905,2.8056291390728476,2.7752848722986245,2.7692563600782782,2.7717092337917486,2.7609580838323353,2.759098360655738,2.763106995884774,2.787263374485597,2.7977519379844957,2.758780487804878,2.7843830570902397,2.7712014787430683,2.7819659735349718,2.7896346153846157,2.822944664031621,2.8005825242718445
1132,LIMAU NIPIS,1kg,BARANGAN SEGAR,BUAH-BUAHAN,7.070247422680413,7.085492662473795,7.1617932489451475,7.163049040511727,7.080506329113924,7.008724279835391,7.000987654320988,7.130502092050209,7.160726495726495,7.062094455852156,7.053938053097346,7.071908713692946,7.047072164948453,7.064537987679671,7.206690647482015,7.14848861283644,7.123278350515464,7.033672199170124,7.001104294478528,7.000329218106996,6.979561586638831,6.945525773195876,6.906575630252101,6.830066518847007,6.954041666666667,6.911855670103093,6.89169387755102,6.931399594320487,6.961083333333334,6.953587174348698
1135,KICAP MANIS ADABI,340ml,BARANGAN BERBUNGKUS,KICAP DAN SOS,5.168133971291867,,,,,,,5.161258741258741,,,,,,,5.174947643979057,5.034807692307693,,,,,,5.157813953488373,,,,,,4.95,,
1138,SOS TIRAM MAGGI,340 g,BARANGAN BERBUNGKUS,KICAP DAN SOS,5.792275229357798,,,,,,,5.7918994413407825,,,,,,,5.795859872611465,5.751846153846154,,,,,,5.784394785847299,,,,,,5.65,,
1142,SARDIN CAP ADABI (SOS TOMATO DENGAN CILI),425 g,BARANGAN BERBUNGKUS,IKAN DALAM TIN,9.616759002770083,,,,,,,9.61036312849162,,,,,,,9.59504854368932,9.645740740740742,,,,,,9.57468493150685,,,,,,9.8,,
1144,MENTEGA KACANG HALUS LADY'S CHOICE,340 g,BARANGAN BERBUNGKUS,SAPUAN (SPREADS),14.929973890339426,,,,,,,15.016963350785339,,,,,,,15.04377049180328,15.161960784313726,,,,,,15.061294117647058,,,,,,,,
1145,NESTLE CERELAC BERAS - TIN,500 g,SUSU DAN BARANGAN BAYI,MAKANAN BAYI,17.474021978021977,,,,,,,17.345691056910567,,,,,,,17.356636155606406,17.064999999999998,,,,,,17.311932938856014,,,,,,16.8,,
1151,SANTAN KELAPA JENAMA AYAM BRAND,1 liter,BARANGAN BERBUNGKUS,SANTAN (KOTAK),16.47107508532423,,,,,,,16.472189655172414,,,,,,,16.482613861386138,16.23777777777778,,,,,,16.434382608695653,,,,,,15.9,,
1153,PERENCAH TOM YAM ADABI,40 g,BARANGAN BERBUNGKUS,REMPAH RATUS (BERBUNGKUS),2.3764285714285713,,,,,,,2.373623188405797,,,,,,,2.3772010869565214,2.375106382978723,,,,,,2.3750714285714287,,,,,,,,
1355,100 PLUS (ORIGINAL),1.5 liter,MINUMAN,TERSEDIA MINUM,3.706046511627907,,,,,,,3.701489841986456,,,,,,,3.65911838790932,3.5668965517241378,,,,,,3.634659340659341,,,,,,,,
1367,DAGING PAHA KAMBING BEBIRI IMPORT BERTULANG  (MUTTON) (AUSTRALIA),1kg,BARANGAN SEGAR,DAGING,35.88909090909091,,,,,,,36.23739130434783,,,,,,,36.176956521739136,36.39333333333334,,,,,,36.006800000000005,,,,,,,,
1368,DAGING PAHA KAMBING BEBIRI IMPORT BERTULANG (MUTTON) (NEW ZEALAND),1kg,BARANGAN SEGAR,DAGING,37.99,,,,,,,37.99,,,,,,,35.9,37.99,,,,,,36.945,,,,,,,,
1370,DAGING LEMBU IMPORT (TOPSIDE),1kg,BARANGAN SEGAR,DAGING,48.026428571428575,,,,,,,47.21545454545455,,,,,,,47.306363636363635,,,,,,,47.38666666666667,,,,,,,,
1371,DAGING LEMBU IMPORT (BLADE),1kg,BARANGAN SEGAR,DAGING,46.419285714285714,,,,,,,46.419285714285714,,,,,,,46.518,,,,,,,46.99071428571428,,,,,,,,
1372,DAGING LEMBU IMPORT (CHUCKTENDER),1kg,BARANGAN SEGAR,DAGING,47.136,,,,,,,48.736000000000004,,,,,,,49.1725,,,,,,,48.918,,,,,,,,
1373,DAGING LEMBU IMPORT (KNUCKLE),1kg,BARANGAN SEGAR,DAGING,48.925714285714285,,,,,,,48.49714285714286,,,,,,,48.524,,,,,,,48.69692307692307,,,,,,,,
1375,DAGING KERBAU IMPORT (INDIA) * (SILVERSIDE),1kg,BARANGAN SEGAR,DAGING,22.952613636363637,,,,,,,23.00788888888889,,,,,,,23.020136986301367,23.084,,,,,,23.169885057471266,,,,,,,,
1376,DAGING KERBAU IMPORT (INDIA) * (RUMP),1kg,BARANGAN SEGAR,DAGING,23.754375,,,,,,,23.640555555555554,,,,,,,24.1334375,21.9225,,,,,,23.814358974358974,,,,,,,,
1377,DAGING KERBAU IMPORT (INDIA) * (BLADE),1kg,BARANGAN SEGAR,DAGING,23.542803738317755,,,,21.99,,,23.64198198198198,,,,,,,23.8425,21.792142857142856,,,,,,23.72038095238095,,,,,,,,
1378,DAGING KERBAU IMPORT (INDIA) * (CHUCK),1kg,BARANGAN SEGAR,DAGING,23.104473684210525,,,,,,,23.430243902439024,,,,,,,23.176333333333332,23.482857142857142,,,,,,23.340123456790124,,,,,,,,
1379,DAGING BABI (PERUT / BELLY),1kg,BARANGAN SEGAR,DAGING,45.82566666666666,,,,,,,45.37677419354839,,,,,,,44.00642857142857,51.696000000000005,,,,,,45.466875,,,,,,,,
1380,DAGING BABI (DAGING & LEMAK / LEAN & FAT),1kg,BARANGAN SEGAR,DAGING,39.730000000000004,,,,,,,39.730000000000004,,,,,,,38.2875,44.4,,,,,,39.010000000000005,,,,,,,,
1391,UDANG PUTIH BESAR/BANANA PRAWN (BERAT ANTARA 41 EKOR HINGGA 60 EKOR SEKILOGRAM),1kg,BARANGAN SEGAR,BAHAN LAUT,43.497,,,,,,,43.26,,,,,,,43.19833333333333,,,,,,,43.538,,,,,,,,
1396,KUBIS BULAT IMPORT (INDONESIA),1kg,BARANGAN SEGAR,SAYUR-SAYURAN,4.052,,,,,,,4.24,,,,,,,3.935,,,,,,,5.88,,,,,,,,
1400,BAWANG PERAI (LEEK) IMPORT,1kg,BARANGAN SEGAR,SAYUR-SAYURAN,13.99,,,,,,,13.99,,,,,,,13.99,,,,,,,10.49,,,,,,,,
1412,KUBIS PANJANG CHINA - BESAR,1kg,BARANGAN SEGAR,SAYUR-SAYURAN,4.49,,,,,,,4.41,,,,,,,4.492,,,,,,,4.826666666666667,,,,,,,,
1419,KACANG DAL BIASA (INDIA),1kg,BARANGAN KERING,KACANG,,,,,,,,,,,,,,,,,,,,,,3.5,,,,,,,,
1420,KACANG DAL MALAVI (INDIA),1kg,BARANGAN KERING,KACANG,,,,,,,,,,,,,,,19.0,,,,,,,19.0,,,,,,,,
1422,KACANG DAL (AUSTRALIA),1kg,BARANGAN KERING,KACANG,5.370981308411215,,,,,,,5.466281755196305,,,,,,,5.555597826086957,4.947333333333334,,,,,,5.340189125295509,,,,,,,,
1431,DAGING LEMBU TEMPATAN (BAHAGIAN 1 DAGING PAHA (KECUALI BATANG PINANG - TENDERLOIN),1kg,BARANGAN SEGAR,DAGING,44.245000000000005,,,,,,,44.245000000000005,,,,,,,44.0,44.49,,,,,,44.245000000000005,,,,,,,,
1432,DAGING LEMBU TEMPATAN (BAHAGIAN 2 DAGING PEJAL (KECUALI BATANG PINANG - TENDERLOIN),1kg,BARANGAN SEGAR,DAGING,40.7225,,,,,,,41.2175,,,,,,,43.945,41.98,,,,,,42.63,,,,,,,,
1436,IKAN KERISI (ANTARA 5 HINGGA 10 EKOR SEKILOGRAM),1kg,BARANGAN SEGAR,BAHAN LAUT,15.635200000000001,15.561574803149606,15.598305785123967,15.646244725738397,15.696293103448276,15.870700389105059,15.85610294117647,15.838037037037038,16.240909090909092,16.064548286604364,15.81385852090032,15.891465517241379,15.944986149584485,15.817182320441988,15.836587837837838,15.701964809384164,15.828059701492537,15.638364779874214,16.11212025316456,16.111017964071856,16.0230625,15.91024647887324,15.823875432525952,16.094793103448275,16.016234567901236,15.793480825958701,15.774037267080745,16.03602523659306,15.883648208469054,16.256531250000002
1437,IKAN SIAKAP (ANTARA 2 HINGGA 4 EKOR SEKILOGRAM),1kg,BARANGAN SEGAR,BAHAN LAUT,19.272262443438915,,,,,,,19.258,,,,,,,19.47845360824742,18.346774193548388,,,,,,19.516146788990824,,,,,,20.99,,
1438,IKAN TENGGIRI BATANG (KEPINGAN),1kg,BARANGAN SEGAR,BAHAN LAUT,51.60700507614213,,,,,,,52.13010152284264,,,,,,,52.04534759358288,51.00368421052631,,,,,,52.392849999999996,,,,,,,,
1440,BAWANG BESAR IMPORT (INDIA),1kg,BARANGAN KERING,BAWANG,3.051381909547739,3.0603299492385787,3.0450381679389316,3.036632653061224,3.0467708333333334,3.0516797900262467,3.0361458333333338,3.059744245524297,3.067157622739018,3.0467191601049866,3.0471587743732593,3.088879551820728,3.0894166666666667,3.085614525139665,3.0866862170087974,3.0492473118279575,3.0422994652406414,3.053474801061008,3.043626943005181,3.0531168831168833,3.051554404145078,3.0397481108312343,3.1251463414634144,3.1319897959183676,3.184372093023256,3.1847044917257685,3.165121359223301,3.1534855769230767,3.1681565656565653,3.162783251231527
1441,BAWANG BESAR IMPORT (CHINA),1kg,BARANGAN KERING,BAWANG,2.339166666666667,2.3699305555555554,2.3736551724137933,2.4184172661870504,2.491911764705882,2.4869852941176473,2.465820895522388,2.4186713286713286,2.4352083333333336,2.4611920529801323,2.510359712230216,2.4674509803921567,2.458774193548387,2.4623417721518988,2.586953125,2.5296178343949043,2.4994871794871796,2.4928220858895704,2.488834355828221,2.516451612903226,2.480320512820513,2.4981707317073174,2.683846153846154,2.6459393939393943,2.746,2.7540963855421685,2.7315625,2.7196951219512195,2.742875,2.6610795454545455
1442,BAWANG KECIL MERAH BIASA IMPORT (INDIA),1kg,BARANGAN KERING,BAWANG,3.343501483679525,3.331369047619048,3.3362275449101797,3.341376146788991,3.313081570996979,3.3544375000000004,3.377570977917981,3.4360450160771703,3.4358333333333335,3.346277602523659,3.328989898989899,3.326335403726708,3.3700316455696204,3.4008280254777072,3.440877192982456,3.4516722408026754,3.461947194719472,3.4399337748344374,3.4190969899665555,3.430136518771331,3.481923076923077,3.421786941580756,3.352956810631229,3.3347231270358306,3.34700325732899,3.359292929292929,3.330718954248366,3.388360655737705,3.4185000000000003,3.408292682926829
1443,BAWANG KECIL MERAH IMPORT (CHINA),1kg,BARANGAN KERING,BAWANG,5.269,5.4725,5.742727272727273,5.888181818181818,5.146428571428571,5.146428571428571,5.273846153846154,5.221666666666668,5.086,5.426000000000001,5.555000000000001,5.271666666666667,5.271666666666667,5.062500000000001,5.4772727272727275,5.154166666666668,5.086,4.986363636363636,4.978181818181818,5.086,5.086,5.305000000000001,5.221666666666668,5.182142857142857,5.273846153846154,5.273846153846154,5.221666666666668,5.367857142857143,5.434375,5.197333333333334
1444,BAWANG KECIL MERAH IMPORT (MYANMAR),1kg,BARANGAN KERING,BAWANG,3.2,3.2,3.2,3.2,3.2,3.2,2.796666666666667,3.2000000000000006,3.2000000000000006,3.2000000000000006,3.2,3.2,2.796666666666667,2.595,3.2,3.2,3.2,3.2,3.2,3.2,3.2,3.2,3.063333333333334,3.095,1.79,,,,,3.2
1445,BERAS CAP FAIZA EMAS (SST5%),10 kg,BARANGAN BERBUNGKUS,BERAS,33.99,,,,,,,,,,,,,,,,,,,,,,,,,,,,,
1458,KUBIS BULAT IMPORT (BEIJING),1kg,BARANGAN SEGAR,SAYUR-SAYURAN,5.004703196347032,5.037045454545455,5.084591611479029,5.057710583153348,5.04254424778761,5.020580357142857,5.047477678571428,5.0931236442516274,5.140169491525423,5.173636363636363,5.1770186335403725,5.182307692307693,5.215473887814314,5.258982725527832,5.353340757238308,5.333065134099617,5.366038834951457,5.372741312741312,5.314109589041096,5.330693641618497,5.346537717601548,5.411624758220503,5.418616600790514,5.420972222222223,5.411630648330059,5.410474308300396,5.417181996086105,5.428992248062015,5.404468937875752,5.370373280943025
1475,IKAN BAWAL PUTIH (ANTARA 2 HINGGA 5 EKOR SEKILOGRAM),1kg,BARANGAN SEGAR,BAHAN LAUT,57.53404761904761,58.79829268292683,56.998292682926824,58.95441860465116,57.873409090909085,58.67818181818182,58.10790697674418,57.01547619047619,57.471000000000004,59.56063829787234,59.37695652173913,59.826800000000006,59.007924528301885,60.90744680851064,60.667,60.244800000000005,60.150625,60.50963636363637,60.122800000000005,60.04019607843138,58.87228070175439,58.696481481481484,60.06294117647059,58.53703703703704,59.800377358490564,59.69075471698113,59.9977358490566,59.2948,61.24581395348837,57.825833333333335
1476,IKAN KEMBUNG (ANTARA 8 HINGGA 12 EKOR SEKILOGRAM),1kg,BARANGAN SEGAR,BAHAN LAUT,16.829574468085106,16.738265306122447,16.961407035175878,16.799255813953486,16.912857142857142,16.846923076923076,16.67883495145631,16.827677725118484,16.78023148148148,16.571365853658538,16.38295918367347,16.410935960591132,16.45483412322275,16.888477157360406,16.394971428571427,17.068069306930692,17.467488372093023,17.47168316831683,17.584647887323943,17.58133027522936,17.637636363636364,17.313492822966506,17.27957142857143,17.309045226130653,17.488457711442784,17.371132075471696,17.122451923076923,17.0086301369863,17.138075117370892,16.93409756097561
1477,IKAN MABUNG (ANTARA 6 HINGGA 10 EKOR SEKILOGRAM),1kg,BARANGAN SEGAR,BAHAN LAUT,19.988054054054054,20.252333333333333,20.331249999999997,20.639777777777777,20.158288770053474,20.203387978142075,19.85020833333333,19.709162011173184,19.583511904761902,19.7391875,20.11061643835616,20.015923566878982,20.50125,20.67983606557377,21.248650306748466,21.03822580645161,20.495656565656564,20.698756218905473,20.31626794258373,20.09121951219512,20.02776699029126,19.969908256880732,20.069261083743843,20.106425120772947,20.09175925925926,19.935288461538462,19.586038647342995,19.401617647058824,19.715916230366492,19.964699999999997
1479,BROKOLI,1kg,BARANGAN SEGAR,SAYUR-SAYURAN,14.164571428571428,,,,10.99,,,14.704444444444444,,,,,,,14.914319248826292,13.507631578947368,,,,,,14.54108870967742,,,,,,14.9,,
1481,KUBIS BUNGA (CAULIFLOWER),1kg,BARANGAN SEGAR,SAYUR-SAYURAN,9.831331719128329,9.890423529411766,9.773838174273859,9.828056680161945,9.850617529880479,9.891302605210422,10.014569138276554,10.240583657587548,10.398173076923078,10.566928838951313,10.729555555555557,10.744905303030304,10.864970873786408,10.895272727272728,11.252009237875289,11.15976143141153,11.14760700389105,11.108754863813228,11.029388145315487,10.922575187969926,10.845239852398525,10.866428571428573,10.698134328358208,10.66132,10.427645951035782,10.486162790697675,10.445355086372361,10.32735459662289,10.325792563600784,10.246563106796117
1483,MEE KUNING BASAH (PELBAGAI JENAMA),+-450g,BARANGAN SEGAR,MEE/KUETIAU,1.7487708333333332,,,,1.69,,,1.7484177215189873,,,,,,,1.74,1.7962500000000001,,,,,,1.7462396694214875,,,,,,,,
1489,ASAM JAWA (BERBIJI) PELBAGAI JENAMA,200 g,BARANGAN BERBUNGKUS,REMPAH RATUS (BERBUNGKUS),1.434864864864865,,,,,,,1.4454567901234567,,,,,,,1.4559759759759758,1.4541666666666666,,,,,,1.4485888077858882,,,,,,,,
1491,BERAS PULUT THAILAND (SUSU) PELBAGAI JENAMA,1kg,BARANGAN BERBUNGKUS,BERAS,7.845000000000001,,,,,,,8.697500000000002,,,,,,,8.818000000000001,,,,,,,8.495000000000001,,,,,,,,
1492,BERAS PULUT THAILAND (BIASA) PELBAGAI JENAMA,1kg,BARANGAN BERBUNGKUS,BERAS,7.52,,,,,,,7.6725,,,,,,,7.678,,,,,,,7.19,,,,,,,,
1507,COCA COLA (TIN),320 ml,MINUMAN,TERSEDIA MINUM,1.945269607843137,,,,,,,1.944806763285024,,,,,,,1.9459773371104814,1.9244444444444444,,,,,,1.9428536585365854,,,,,,,,
1515,HEINZ FARLEY RUSKS (ORIGINAL),120 g,SUSU DAN BARANGAN BAYI,MAKANAN BAYI,8.796753246753248,,,,,,,8.807207792207793,,,,,,,8.780300751879698,8.967272727272727,,,,,,8.806470588235294,,,,,,,,
1517,HEINZ APPLE PUREE,110 g,SUSU DAN BARANGAN BAYI,MAKANAN BAYI,7.649175257731959,,,,,,,7.643854166666666,,,,,,,7.596309523809524,7.8950000000000005,,,,,,7.623052631578947,,,,,,,,
1524,BERUS GIGI COLGATE (ZIG ZAG - SOFT),1 batang,PRODUK KEBERSIHAN,PENJAGAAN DIRI,4.437337278106509,,,,,,,4.427958579881657,,,,,,,4.419411764705883,4.613611111111111,,,,,,4.438144927536232,,,,,,,,
1525,BERUS GIGI ORAL B (COMPLETE EASY CLEAN - SOFT),1 batang,PRODUK KEBERSIHAN,PENJAGAAN DIRI,5.091437908496732,,,,,,,5.093197278911565,,,,,,,5.086641221374046,5.1706666666666665,,,,,,5.098716216216216,,,,,,,,
1539,SABUN PENCUCI KUAT HARIMAU (LEMON),400 g,PRODUK KEBERSIHAN,PENJAGAAN RUMAH,2.7025588235294116,,,,,,,2.6940895522388058,,,,,,,2.69711743772242,2.632307692307692,,,,,,2.6946246246246246,,,,,,,,
1544,SERBUK NASI GORENG CINA ADABI,17 g,BARANGAN BERBUNGKUS,REMPAH RATUS (BERBUNGKUS),1.3907191011235955,,,,,,,1.387914798206278,,,,,,,1.3930909090909092,1.3647368421052632,,,,,,1.3853318584070795,,,,,,,,
1545,PERENCAH NASI GORENG IKAN BILIS SERI AJI,26G,BARANGAN BERBUNGKUS,REMPAH RATUS (BERBUNGKUS),1.4294929577464788,,,,,,,1.427563025210084,,,,,,,1.4315151515151516,1.383,,,,,,1.422363112391931,,,,,,,,
1547,PEPSI COLA (TIN),320 ml,MINUMAN,TERSEDIA MINUM,1.78596256684492,,,,,,,1.7887567567567568,,,,,,,1.7967283950617283,1.7103030303030302,,,,,,1.788125,,,,,,,,
1550,PAHA AYAM (CHICKEN DRUMSTICK),1kg,BARANGAN SEGAR,AYAM,14.646658354114715,,,,11.99,,,14.655523560209424,,,,,,,14.944894894894894,14.526507936507937,,,,,,14.819603960396039,,,,,,12.9,,
1551,DADA AYAM (CHICKEN KEEL) (1KG),1kg,BARANGAN SEGAR,AYAM,13.131349480968858,,,,10.99,,,13.128424657534246,,,,,,,13.224235294117648,12.262439024390243,,,,,,13.286214285714285,,,,,,,,
1552,THIGH AYAM,1kg,BARANGAN SEGAR,AYAM,11.674541832669323,,,,11.99,,,11.819418604651164,,,,,,,11.898727272727271,11.271219512195122,,,,,,11.560264150943395,,,,,,,,
1553,WHOLE LEG AYAM,1kg,BARANGAN SEGAR,AYAM,14.531050420168068,,,,12.99,,,14.519358974358973,,,,,,,14.326423690205011,13.748245614035087,,,,,,14.286881496881497,,,,,,12.99,,
1554,IKAN MERAH (KEPINGAN),1kg,BARANGAN SEGAR,BAHAN LAUT,55.14710900473934,,,,,,,55.503273542600894,,,,,,,55.14611398963731,55.79230769230769,,,,,,54.93281938325991,,,,,,,,
1555,UDANG PUTIH/VANNAMEI (TERNAK) (ANTARA 41 HINGGA 60 EKOR SEKILOGRAM),1kg,BARANGAN SEGAR,BAHAN LAUT,34.63463976945245,34.419649122807016,34.68749311294766,34.67061452513966,34.465414364640885,34.49442970822281,34.4430563002681,34.71420118343195,34.78654867256637,34.84412103746398,34.902484848484846,34.85391304347826,34.76622691292876,35.264171122994654,35.17823151125402,35.04061281337047,35.16491891891892,35.06419178082192,35.08809659090909,35.42896739130435,35.20247222222222,35.04460641399417,35.09366568914956,35.026598240469205,34.991571428571426,34.9005325443787,35.03627167630058,35.16608450704225,35.357720797720795,35.70322222222222
1556,BAYAM HIJAU,1kg,BARANGAN SEGAR,SAYUR-SAYURAN,6.5750367647058825,6.774817518248175,7.019737827715356,7.164688644688645,7.2745,7.343298611111111,7.381063829787234,7.601838235294117,7.889160583941607,8.1025,8.086828358208955,8.218338658146966,8.178625,8.15694968553459,8.294908424908426,8.137931034482758,8.09235119047619,7.926317365269461,7.882941176470589,7.876200607902735,7.915579937304075,7.894276527331189,7.984141414141414,7.977837837837838,7.9836217948717945,7.991574074074074,7.9238658146964855,7.87981072555205,7.934763406940063,7.756079027355623
1558,SAWI HIJAU,1kg,BARANGAN SEGAR,SAYUR-SAYURAN,6.681859296482412,7.025854271356784,7.355561357702349,7.672076923076923,7.857975,8.012418952618454,8.146541353383459,8.338085106382978,8.34919191919192,8.239727047146403,7.888438287153653,7.706287703016242,7.639555035128806,7.6483256880733945,7.528388888888888,7.526342592592592,7.345714285714285,6.994105960264901,6.909039301310044,6.83352422907489,6.8823799126637555,6.926082251082251,6.965510204081633,6.995899280575539,7.204279379157428,7.310398230088496,7.453525498891352,7.6029279279279285,7.584187643020595,7.481869565217391
1559,KANGKUNG,1kg,BARANGAN SEGAR,SAYUR-SAYURAN,6.026083916083916,6.2308196721311475,6.458571428571429,6.609442724458204,6.777300613496933,6.947938461538461,7.129428571428571,7.361887417218543,7.574151515151516,7.778102409638554,7.724018404907976,7.768753541076487,7.8033426966292145,7.753029490616623,7.914897959183674,7.780931506849315,7.726735218508998,7.569973333333334,7.463821138211382,7.333715846994536,7.221753424657535,7.253112947658402,7.207118644067797,7.1210746268656715,6.91441340782123,6.8897175141242935,6.949080459770116,7.022325581395348,7.129553072625699,6.993773584905661
1560,KAILAN,1kg,BARANGAN SEGAR,SAYUR-SAYURAN,9.732342007434944,10.165892857142858,10.524879725085912,11.299828767123289,11.633470031545741,11.940164473684211,12.202246835443038,12.302056962025317,12.165593750000001,11.953639240506329,11.555181518151816,11.273186119873817,11.05831831831832,10.974798761609907,10.737251908396946,10.819059561128528,10.774685534591194,10.566426426426426,10.381521739130434,10.43611620795107,10.318282208588958,10.378370607028753,10.326677631578947,10.265132450331127,10.488260869565218,10.595864406779661,10.823776978417268,10.932014388489208,11.043652482269504,11.07695205479452
1562,UDANG KERING,100 g,BARANGAN KERING,HASIL LAUT KERING,7.931934426229509,,,,,,,7.94525974025974,,,,,,,8.000901960784313,7.985357142857143,,,,,,7.978618421052632,,,,,,,,
1563,SOTONG KERING (SAIZ SERDAHANA),1kg,BARANGAN KERING,HASIL LAUT KERING,96.47771084337349,,,,,,,98.73045977011493,,,,,,,91.08782051282051,124.4777777777778,,,,,,99.97250000000001,,,,,,,,
1564,BAWANG PUTIH IMPORT (CHINA),1kg,BARANGAN KERING,BAWANG,8.873993174061432,8.883500866551126,8.8778730703259,8.88008576329331,8.859195205479452,8.856052173913042,8.86603146853147,8.908403361344538,8.924982817869417,8.939353146853147,8.915849056603772,8.876803571428573,8.874440433212998,8.874311594202899,8.94238188976378,8.929365351629501,8.93474870017331,8.909600000000001,8.858563829787233,8.794187279151943,8.802720848056538,8.85705574912892,8.861956124314442,8.857394789579159,8.807619047619047,8.805553505535055,8.803656307129799,8.861318101933216,8.936397849462367,8.906202090592334
1568,SERBUK KARI IKAN ADABI,250 g,BARANGAN BERBUNGKUS,REMPAH RATUS (BERBUNGKUS),6.551713780918728,,,,6.49,,,6.564272727272727,,,,,,,6.617726358148894,6.286666666666667,,,,,,6.634898336414048,,,,,,,,
1570,SERBUK KARI AYAM DAN DAGING ADABI,250 g,BARANGAN BERBUNGKUS,REMPAH RATUS (BERBUNGKUS),6.49310861423221,,,,6.49,,,6.533365200764818,,,,,,,6.582159329140461,6.236,,,,,,6.589112426035503,,,,,,6.5,,
1572,SERBUK KARI DAGING BABAS,250 g,BARANGAN BERBUNGKUS,REMPAH RATUS (BERBUNGKUS),6.34365025466893,,,,6.39,,,6.337071917808219,,,,,,,6.358820116054158,6.2136,,,,,,6.330557432432433,,,,,,6.3,,
1577,SERBUK PERENCAH SUP ADABI,250 g,BARANGAN BERBUNGKUS,REMPAH RATUS (BERBUNGKUS),9.142286821705426,,,,8.99,,,9.117686424474188,,,,,,,9.133693304535637,8.861333333333333,,,,,,9.10102119460501,,,,,,8.8,,
1583,BERAS SUPER CAP JATI TWR  5% (IMPORT),10 kg,BARANGAN BERBUNGKUS,BERAS,33.995555555555555,,,,,,,34.80901408450704,,,,,,,34.99148148148148,30.4,,,,,,34.161428571428566,,32.59,,,,,,
1585,BIHUN KERING IMPORT (CAP BINTANG),400 g,BARANGAN BERBUNGKUS,BIHUN,3.74970297029703,,,,,,,3.754137931034483,,,,,,,3.7444311377245514,3.712794117647059,,,,,,3.7303535353535353,,,,,,,,
1588,GULA MERAH LEMBUT (PELBAGAI JENAMA),+- 500g,BARANGAN BERBUNGKUS,GULA,3.498419243986254,,,,,,,3.4630877192982457,,,,,,,3.4291666666666667,3.5847222222222226,,,,,,3.434661921708185,,,,,,,,
1589,GULA PUTIH BERTAPIS KASAR (PELBAGAI JENAMA),1kg,BARANGAN BERBUNGKUS,GULA,2.85,,,,,,,2.85,,,,,,,2.85,2.85,,,,,,2.85,,,,,,2.85,,
1590,GULA PUTIH BERTAPIS HALUS (PELBAGAI JENAMA),1kg,BARANGAN BERBUNGKUS,GULA,2.95,,,,,,,2.95,,,,,,,2.95,2.95,,,,,,2.95,,,,,,,,
1595,MINYAK JAGUNG CAP DAISY,2 kg,BARANGAN BERBUNGKUS,MINYAK DAN LEMAK,29.815717948717946,,,,,,,29.781574803149603,,,,,,,29.825932721712537,29.51678571428571,,,,,,29.805406162464987,,,,,,,,
1596,MINYAK JAGUNG CAP MAZOLA,2 kg,BARANGAN BERBUNGKUS,MINYAK DAN LEMAK,29.338333333333335,,,,,,,29.277727272727272,,,,,,,29.260625,29.935,,,,,,29.405238095238094,,,,,,,,
1597,MINYAK JAGUNG CAP VECORN,2 kg,BARANGAN BERBUNGKUS,MINYAK DAN LEMAK,29.628333333333334,,,,,,,29.52530303030303,,,,,,,29.505116279069767,28.001666666666665,,,,,,29.382462686567163,,,,,,,,
1598,MINYAK MASAK SEBATIAN CAP HELANG,2 kg,BARANGAN BERBUNGKUS,MINYAK DAN LEMAK,16.343366834170855,,,,,,,16.273724489795917,,,,,,,16.321296829971182,15.795454545454545,,,,,,16.273700787401573,,,,,,17.3,,
1600,MINYAK MASAK SEBATIAN CAP PISAU,2 kg,BARANGAN BERBUNGKUS,MINYAK DAN LEMAK,16.121302325581397,,,,,,,16.10971084337349,,,,,,,16.126488764044943,15.869444444444444,,,,,,16.08836104513064,,,,,,,,
1601,MINYAK MASAK TULEN CAP BURUH,2 kg,BARANGAN BERBUNGKUS,MINYAK DAN LEMAK,13.205465838509316,,,,,,,13.212591792656587,,,,,,,13.206175771971497,13.164444444444444,,,,,,13.20654958677686,,,,,,13.2,,
1602,MINYAK MASAK TULEN CAP VESAWIT,2 kg,BARANGAN BERBUNGKUS,MINYAK DAN LEMAK,13.250193370165745,,,,,,,13.24790087463557,,,,,,,13.255445859872612,13.226341463414634,,,,,,13.251954022988507,,,,,,13.2,,
1603,MINYAK SAPI CAP WINDMILL GHEEBLEND,400 g,BARANGAN BERBUNGKUS,MINYAK DAN LEMAK,17.70549636803874,,,,,,,17.606968215158926,,,,,,,17.693441176470586,17.15258620689655,,,,,,17.6143216080402,,,,,,,,
1604,ASAM JAWA (TIDAK BERBIJI) ADABI,200 g,BARANGAN BERBUNGKUS,REMPAH RATUS (BERBUNGKUS),4.935020833333334,,,,,,,4.940343347639486,,,,,,,4.931425061425061,4.9875,,,,,,4.936484210526316,,,,,,,,
1605,GARAM HALUS BIASA (PELBAGAI JENAMA),+-350g,BARANGAN BERBUNGKUS,REMPAH RATUS (BERBUNGKUS),1.052265625,,,,,,,1.047089947089947,,,,,,,1.058575581395349,1.1022727272727273,,,,,,1.0617060367454068,,,,,,,,
1606,MENTEGA KACANG HALUS LADY'S CHOICE,500 g,BARANGAN BERBUNGKUS,SAPUAN (SPREADS),18.3915931372549,,,,,,,18.066365853658535,,,,,,,17.86264705882353,17.908076923076923,,,,,,17.928364116094986,,,,,,,,
1610,SANTAN KELAPA JENAMA M&S,500 ml,BARANGAN BERBUNGKUS,SANTAN (KOTAK),8.400944055944056,,,,,,,8.383345070422536,,,,,,,8.398945147679324,8.28948717948718,,,,,,8.384072727272727,,,,,,8.2,,
1611,SANTAN KELAPA JENAMA KARA,200 ml,BARANGAN BERBUNGKUS,SANTAN (KOTAK),3.9927766990291267,,,,,,,3.9960115606936415,,,,,,,4.001067538126362,3.8495588235294123,,,,,,3.9907768924302793,,,,,,3.99,,
1612,SANTAN KELAPA JENAMA HARMUNI,200 ml,BARANGAN BERBUNGKUS,SANTAN (KOTAK),4.073073394495412,,,,,,,4.070896226415094,,,,,,,4.06989898989899,4.135714285714285,,,,,,4.076279069767442,,,,,,,,
1613,ESEN STAR BRAND 'PELBAGAI PERISA',25 ml,BARANGAN BERBUNGKUS,ESEN DAN RAGI,2.821879049676026,,,,,,,2.8156964656964654,,,,,,,2.8223002421307504,2.7648,,,,,,2.8223870967741935,,,,,,,,
1615,MENTEGA ANCHOR (SALTED),227g,BARANGAN BERBUNGKUS,MENTEGA,15.46293501048218,,,,,,,15.374774193548388,,,,,,,15.242678132678133,14.884915254237288,,,,,,15.210958605664487,,,,,,,,
1619,SUSU TEPUNG SEGERA DUTCHLADY (BIASA ),600 g,BARANGAN BERBUNGKUS,KRIMER DAN SUSU TEPUNG,19.909558232931726,,,,,,,19.91091286307054,,,,,,,19.908666666666665,19.90375,,,,,,19.914066390041494,,,,,,,,
1628,NESTLE CERELAC GANDUM DAN MADU - KOTAK,225g,SUSU DAN BARANGAN BAYI,MAKANAN BAYI,9.836405919661733,,,,,,,9.83763948497854,,,,,,,9.856320987654321,9.70984375,,,,,,9.83528384279476,,,,,,9.5,,
1630,BERUS GIGI COLGATE (TWISTER - SOFT),1 batang,PRODUK KEBERSIHAN,PENJAGAAN DIRI,4.9365625,,,,,,,4.92896875,,,,,,,4.901709090909091,5.129318181818181,,,,,,4.942468750000001,,,,,,,,
1635,NESTLE COFFEE-MATE,450 g,MINUMAN,BAHAN-BAHAN MINUMAN,9.924134366925065,,,,,,,9.937272727272727,,,,,,,9.93215976331361,9.964363636363636,,,,,,9.94955,,,,,,,,
1650,TEH LIPTON (UNCANG),100 beg,MINUMAN,BAHAN-BAHAN MINUMAN,,,,,,,,,,,,,,,,,,,,,,15.780624999999999,,,,,,,,
1651,YEO'S SOYA (KOTAK),250 ml,MINUMAN,TERSEDIA MINUM,1.1792682926829268,,,,,,,1.186,,,,,,,1.184242424242424,1.2783333333333333,,,,,,1.191025641025641,,,,,,,,
1804,KEPAK AYAM (CHICKEN WING) (1KG),1kg,BARANGAN SEGAR,AYAM,15.714657534246575,,,,13.99,,,15.63970760233918,,,,,,,15.676057906458798,15.42394366197183,,,,,,15.492917547568709,,,,,,13.995000000000001,,
1819,LENGKUAS,1kg,BARANGAN SEGAR,SAYUR-SAYURAN,10.223662239089183,10.187833655705996,10.18735124760077,10.168049713193117,10.181996233521659,10.156117424242424,10.142490494296577,10.175381679389313,10.17749049429658,10.222566037735849,10.178152610441767,10.198219696969696,10.215604606525911,10.17396551724138,10.331288209606988,10.173098859315589,10.156370510396975,10.188396226415096,10.185208333333334,10.178110687022901,10.143503787878789,10.133078358208955,10.116673003802282,10.108677685950415,10.10112648221344,10.117968441814597,10.11726377952756,10.149861386138614,10.153675564681725,10.181275303643725
1822,BERAS SUPER SPECIAL TEMPATAN SABAH RICE VAGAS TOKOU,10 kg,BARANGAN BERBUNGKUS,BERAS,28.28,,,,,,,28.173846153846153,,,,,,,28.197142857142858,,,,,,,28.12642857142857,,,,,,,,
1823,BERAS TQR SABAH CAP TKC 5%,10 kg,BARANGAN BERBUNGKUS,BERAS,34.717999999999996,,,,,,,34.852,,,,,,,34.616875,,,,,,,34.666875,,,,,,,,
1824,BERAS SUPER HUMA CAP KELISA EMAS (SABAH),10 kg,BARANGAN BERBUNGKUS,BERAS,33.41473684210526,,,,,,,33.45933333333333,,,,,,,33.27538461538462,,,,,,,33.41384615384615,,,,,,,,
1825,BERAS SUPER CAP ANGGUR SAZARICE 5% (IMPORT THAILAND),10 kg,BARANGAN BERBUNGKUS,BERAS,28.6,,,,,,,28.572553191489362,,,,,,,28.589795918367347,,,,,,,28.609622641509432,,,,,,,,
1826,BERAS SUPER CAP RODA SAZARICE 5% (IMPORT THAILAND),10 kg,BARANGAN BERBUNGKUS,BERAS,28.348983050847455,,,,,,,28.328181818181818,,,,,,,28.296279069767444,,,,,,,28.312826086956523,,,,,,,,
1827,"TEPUNG GANDUM NGP (BERBUNGKUS, CAP MUHIBAH)",1kg,BARANGAN BERBUNGKUS,TEPUNG,3.438636363636364,,,,,,,3.4523809523809526,,,,,,,3.4193023255813952,,,,,,,3.369767441860465,,,,,,,,
1832,BERAS CAP GOLDEN SARAWAK (SST5%),10 kg,BARANGAN BERBUNGKUS,BERAS,28.02173913043478,,,,,,,28.055555555555554,,,,,,,28.089999999999996,,,,,,,27.984210526315785,,,,,,,,
1833,BERAS PREMIUM CAP UNCLE TAN,10 kg,BARANGAN BERBUNGKUS,BERAS,30.766190476190477,,,,,,,30.728035714285713,,,,,,,30.731846153846153,,,,,,,30.702698412698414,,,,,,30.5,,
1849,TEPUNG NAIK SENDIRI CAP 'BLUE KEY',1kg,BARANGAN BERBUNGKUS,TEPUNG,5.152922252010724,,,,,,,5.141607629427793,,,,,,,5.16555910543131,4.993191489361703,,,,,,5.166876876876876,,,,,,,,
1852,DESA FRESH MILK (KOTAK),1 liter,MINUMAN,TERSEDIA MINUM,,,,,,,,,,,,,,,,,,,,,,7.643333333333334,,,,,,,,
1854,KORDIAL F&N SUN VALLEY (GRENADINE),2 liter,MINUMAN,BAHAN-BAHAN MINUMAN,,,,,,,,,,,,,,,,,,,,,,12.462178217821783,,,,,,,,
1870,"TEPUNG GANDUM NGP (BERBUNGKUS, CAP  FAIZA)",1kg,BARANGAN BERBUNGKUS,TEPUNG,3.623619402985075,,,,,,,3.615035971223022,,,,,,,3.636592920353982,3.547608695652174,,,,,,3.6237500000000002,,,,,,,,
1872,MAYONIS SEBENAR LADY'S CHOICE,220ml,BARANGAN BERBUNGKUS,SAPUAN (SPREADS),8.03997542997543,,,,,,,8.03438596491228,,,,,,,8.045928143712576,7.968571428571429,,,,,,8.033407960199005,,,,,,,,
1876,PELEMBUT PAKAIAN - DOWNY (PREMIUM PARFUM PASSION),800ml,PRODUK KEBERSIHAN,PENJAGAAN RUMAH,13.125895765472313,,,,,,,13.133177257525084,,,,,,,13.123963636363637,13.2884375,,,,,,13.110693069306931,,,,,,,,
1879,SEVEN UP LEMON & LIME (TIN),320ml,MINUMAN,TERSEDIA MINUM,1.788627450980392,,,,,,,1.7866298342541436,,,,,,,1.7997435897435896,1.7226315789473683,,,,,,1.7910632183908044,,,,,,,,
1899,CILI KERING KERINTING (BERTANGKAI/TIDAK BERTANGKAI),1kg,BARANGAN KERING,CILI KERING,17.658922018348623,,,,,,,17.81018140589569,,,,,,,18.120185185185182,16.72887323943662,,,,,,18.00265909090909,,,,,,,,
1900,CILI KERING LEPER (BERTANGKAI/TIDAK BERTANGKAI),1kg,BARANGAN KERING,CILI KERING,18.262857142857143,,,,,,,18.41145374449339,,,,,,,18.666666666666668,16.437916666666666,,,,,,18.24223214285714,,,,,,15.9,,
1904,DUMEX DUGRO 3 (1-3 TAHUN) PERISA ASLI (850G),850g,SUSU DAN BARANGAN BAYI,SUSU BAYI,27.85905241935484,,,,,,,27.12407063197026,,,,,,,26.810840163934426,26.42063492063492,,,,,,26.57332717190388,,,,,,28.85,,
1913,DAGING LEMBU IMPORT (BLOCK),1kg,BARANGAN SEGAR,DAGING,41.961666666666666,,,,,,,42.195,,,,,,,39.5925,,,,,,,42.272000000000006,,,,,,,,
1914,DAGING KERBAU IMPORT (INDIA) (BLOCK),1kg,BARANGAN SEGAR,DAGING,23.789765624999998,,,,,,,23.82275590551181,,,,,,,23.96934426229508,22.344,,,,,,23.99579365079365,,,,,,23.99,,
1915,IKAN JENAHAK (KEPINGAN),1kg,BARANGAN SEGAR,BAHAN LAUT,47.962796208530804,,,,42.99,,,48.49260465116279,,,,,,,48.51261111111111,48.1809375,,,,,,47.99023696682465,,,,,,,,
1916,IKAN DEMUDUK/CUPAK/CERMIN (b	$ 3 EKOR SEKILOGRAM),1kg,BARANGAN SEGAR,BAHAN LAUT,30.073898305084743,30.382142857142856,30.752105263157894,30.266393442622952,30.879310344827587,30.60704918032787,30.70358208955224,31.301212121212124,30.4008064516129,30.551285714285715,29.845333333333333,29.64375,29.927402597402594,29.961388888888887,30.625625,30.738970588235293,30.678219178082188,30.614857142857144,30.55342857142857,30.526301369863013,30.592112676056338,31.09328358208955,31.086451612903225,30.959333333333333,31.00031746031746,31.365999999999996,31.244915254237288,30.757031249999997,30.36392857142857,30.785384615384615
1919,UDANG PUTIH BESAR (ANTARA 20 HINGGA 30 EKOR SEKILOGRAM),1kg,BARANGAN SEGAR,BAHAN LAUT,68.08571428571429,,,,,,,72.94545454545455,,,,,,,75.325,,,,,,,66.04454545454546,,,,,,,,
1921,IKAN TILAPIA MERAH (ANTARA 2 HINGGA 5 EKOR SEKILOGRAM),1kg,BARANGAN SEGAR,IKAN DARAT,16.381739130434784,16.42885993485342,16.50003086419753,16.54353125,16.478374233128832,16.402260061919502,16.446310975609755,16.573648208469056,16.582356902356903,16.64419141914191,16.75384105960265,16.75367601246106,16.687207792207793,16.721037735849055,16.71962686567164,16.628322784810127,16.57941176470588,16.590879765395893,16.507289156626506,16.514060606060603,16.526092307692306,16.509939759036143,16.620877742946707,16.577993730407524,16.694632587859424,16.683774834437084,16.696773162939298,16.6579754601227,16.5954375,16.59807570977918
1923,TERUNG BULAT,1kg,BARANGAN SEGAR,SAYUR-SAYURAN,7.798726708074534,,,,6.99,,,8.587289719626169,,,,,,,9.80226480836237,7.890666666666666,,,,,,9.784668769716088,,,,,,,,
1926,CILI AKAR HIJAU,1kg,BARANGAN SEGAR,SAYUR-SAYURAN,19.665273972602737,19.81801886792453,20.039502369668245,20.176681514476616,20.313348115299334,20.82004424778761,21.197615894039732,21.326207674943568,21.307242990654206,21.528626126126124,21.41744525547445,21.35042316258352,20.917668161434975,20.716993318485525,20.893394736842104,20.93845132743363,21.163415178571427,20.965256124721602,20.630243362831855,20.154392935982337,19.890155555555555,19.75928251121076,19.543735498839908,19.062866972477064,17.97182669789227,17.817917675544795,17.736426858513187,18.211226415094337,18.199900497512438,18.094724999999997
1927,CILI AKAR MERAH,1kg,BARANGAN SEGAR,SAYUR-SAYURAN,25.45483660130719,25.77141891891892,25.594092219020173,25.706949999999996,25.94071759259259,26.555452488687784,26.99632967032967,27.49493273542601,27.808139534883722,28.087274826789837,28.497980769230768,28.190801781737193,28.525862831858404,28.672302631578948,29.046331658291454,28.900641592920355,29.043827433628316,29.300736607142856,29.37975,29.62651376146789,29.628594104308387,29.719843049327352,29.850268948655255,30.098724999999998,30.514765432098763,30.862647058823526,31.048605200945627,31.164893111638953,31.22050125313283,31.754328358208955
1928,LIMAU KASTURI,1kg,BARANGAN SEGAR,SAYUR-SAYURAN,6.318618784530387,6.33705223880597,6.333265682656827,6.3366231343283586,6.308787313432836,6.320903846153846,6.342011385199242,6.361094049904031,6.317212475633529,6.2557386363636365,6.183172690763053,6.231625239005737,6.1843653846153845,6.181142857142857,6.23988986784141,6.170562015503877,6.0881604696673195,6.040550098231827,5.988042226487524,5.89957773512476,5.893996175908222,5.893846153846154,5.8412500000000005,5.717796610169492,5.80273092369478,5.761479289940829,5.72976833976834,5.776893203883495,5.817705882352942,5.800952380952381
1929,SANTAN KELAPA SEGAR (PEKAT),1kg,BARANGAN SEGAR,KELAPA,12.358,,,,,,,12.181666666666667,,,,,,,12.113076923076923,,,,,,,12.339166666666666,,,,,,,,
1931,BAWANG BESAR IMPORT (PAKISTAN),1kg,BARANGAN KERING,BAWANG,2.5946153846153845,2.594666666666667,2.516111111111111,2.5075,2.528,2.629230769230769,2.5949999999999998,2.55125,2.548235294117647,2.5585714285714287,2.668,2.6807142857142856,2.61,2.61,2.7560000000000002,2.67,2.558181818181818,2.5561538461538467,2.563076923076923,2.5435714285714286,2.5118750000000003,2.4737500000000003,2.5221428571428572,2.5193333333333334,2.539230769230769,2.539230769230769,2.518333333333333,2.4315384615384614,2.516923076923077,2.6123076923076924
1937,MINYAK MASAK TULEN CAP SAJI,1kg,BARANGAN BERBUNGKUS,MINYAK DAN LEMAK,6.899344262295083,,,,,,,6.899367088607596,,,,,,,6.899850746268657,6.896727272727273,,,,,,6.899408099688474,,,,,,,,
1938,MINYAK MASAK TULEN CAP SAJI,2 kg,BARANGAN BERBUNGKUS,MINYAK DAN LEMAK,13.273988764044944,,,,,,,13.277969230769232,,,,,,,13.28382456140351,13.273090909090909,,,,,,13.282762430939226,,,,,,,,
1939,MINYAK MASAK TULEN CAP SAJI,5 kg,BARANGAN BERBUNGKUS,MINYAK DAN LEMAK,30.79152173913043,,,,,,,30.81067669172932,,,,,,,30.765510835913314,30.739032258064515,,,,,,30.739923469387755,,,,,,,,
1940,MINYAK MASAK TULEN CAP ALIF,1kg,BARANGAN BERBUNGKUS,MINYAK DAN LEMAK,6.8990909090909085,,,,,,,6.899137931034483,,,,,,,6.899375,6.894,,,,,,6.899090909090909,,,,,,,,
1941,MINYAK MASAK TULEN CAP ALIF,2 kg,BARANGAN BERBUNGKUS,MINYAK DAN LEMAK,13.297031250000002,,,,,,,13.297636363636366,,,,,,,13.298285714285717,13.295714285714284,,,,,,13.297692307692309,,,,,,,,
1942,MINYAK MASAK TULEN CAP ALIF,5 kg,BARANGAN BERBUNGKUS,MINYAK DAN LEMAK,30.758306451612903,,,,,,,30.758365384615384,,,,,,,30.777252747252742,30.5975,,,,,,30.761099999999995,,,,,,,,
1944,KACANG SOYA (IMPORT),1kg,BARANGAN KERING,KACANG,7.503571428571429,,,,,,,7.488222891566266,,,,,,,7.511241134751773,7.712558139534884,,,,,,7.550934579439252,,,,,,,,
1947,SERBUK PENAIK ROYAL (TIN),113g,BARANGAN BERBUNGKUS,ESEN DAN RAGI,6.280586419753087,,,,,,,6.2493125,,,,,,,6.260695970695971,6.195116279069767,,,,,,6.246273885350318,,,,,,,,
1951,BERAS SUPER CAP 3A BOY (IMPORT),10 kg,BARANGAN BERBUNGKUS,BERAS,29.760615384615384,,,,,,,29.640151515151516,,,,,,,29.606111111111108,,,,,,,29.580909090909092,,,,,,28.5,,
1953,KRIMER MANIS PEKAT CAP SAJI,500 g,BARANGAN BERBUNGKUS,KRIMER DAN SUSU TEPUNG,3.407408450704225,,,,,,,3.402917847025496,,,,,,,3.4325566343042064,3.3053703703703707,,,,,,3.4175910364145654,,,,,,,,
1955,YOGURT MARIGOLD (LOW FAT) (STRAWBERRY),130g,MINUMAN,TERSEDIA MINUM,2.814598930481283,,,,,,,2.815874316939891,,,,,,,2.82327868852459,2.797017543859649,,,,,,2.810216802168022,,,,,,,,
1960,SUSU SEGAR KURMA FARM FRESH,700 g,MINUMAN,TERSEDIA MINUM,9.168552631578947,,,,,,,9.171666666666667,,,,,,,9.161302083333334,9.302857142857144,,,,,,9.16891774891775,,,,,,,,
1963,REFILL ANMUM ESSENTIAL LANGKAH 4 PERISA ASLI (TANPA GULA TAMBAHAN) - KOTAK,550 g,SUSU DAN BARANGAN BAYI,SUSU BAYI,35.942341269841265,,,,,,,35.92502057613168,,,,,,,35.98752252252252,35.75086956521739,,,,,,35.946877637130804,,,,,,35.1,,
1964,QUAKER OATS INSTANT OATMEALS,1kg,MINUMAN,BAHAN-BAHAN MINUMAN,12.127272727272727,,,,,,,12.101052631578947,,,,,,,12.066666666666666,11.9,,,,,,12.144782608695651,,,,,,,,
1966,MILNA BISKUT RUSK (ASLI),130g,SUSU DAN BARANGAN BAYI,MAKANAN BAYI,7.635464480874317,,,,,,,7.643333333333334,,,,,,,7.653071895424837,7.620408163265306,,,,,,7.6483286908078,,,,,,7.3,,
1976,MAGGI MI SEGERA PERISA KARI,5 X 79g,BARANGAN BERBUNGKUS,MI SEGERA,5.120456852791878,,,,,,,5.107174280879865,,,,,,,5.103366141732284,4.958266666666667,,,,,,5.087048611111111,,,,,,5.4,,
1984,SYAMPU HEAD & SHOULDERS (SMOOTH & SILKY),330 ml,PRODUK KEBERSIHAN,PENJAGAAN DIRI,16.633155339805825,,,,,,,16.544529702970298,,,,,,,16.742218934911243,15.334210526315788,,,,,,16.42286783042394,,,,,,,,
1987,DEODORAN NIVEA MAN (BLACK & WHITE INVISIBLE - ORIGINAL),150 ml,PRODUK KEBERSIHAN,PENJAGAAN DIRI,18.02886274509804,,,,,,,18.17482490272373,,,,,,,18.267042253521126,17.341590909090908,,,,,,18.624692307692307,,,,,,,,
1988,DEODORAN NIVEA (EXTRA BRIGHTENING),150 ml,PRODUK KEBERSIHAN,PENJAGAAN DIRI,18.28888475836431,,,,,,,18.260228136882127,,,,,,,18.641373390557938,17.24731707317073,,,,,,19.071428571428573,,,,,,,,
1989,DEODORAN REXONA MEN (SPORT DEFENSE),50 ml,PRODUK KEBERSIHAN,PENJAGAAN DIRI,10.764095940959411,,,,,,,10.81721189591078,,,,,,,10.72995670995671,10.016857142857143,,,,,,10.659667896678966,,,,,,,,
1990,DEODORAN REXONA (POWDER DRY BRIGHTENING),50 ml,PRODUK KEBERSIHAN,PENJAGAAN DIRI,11.575806451612904,,,,,,,11.56407894736842,,,,,,,11.544817518248173,11.242142857142856,,,,,,11.549407894736841,,,,,,,,
1992,SABUN SERBUK ATTACK (AROMA FRESH + COLOUR),800 g,PRODUK KEBERSIHAN,PENJAGAAN RUMAH,10.793552123552125,,,,,,,10.80526923076923,,,,,,,10.81891774891775,10.646296296296295,,,,,,10.80015325670498,,,,,,,,
1998,PENCUCI PELBAGAI GUNA DETTOL (LAVENDER),2.5 liter,PRODUK KEBERSIHAN,PENJAGAAN RUMAH,24.403297872340424,,,,,,,24.532842105263157,,,,,,,24.45457831325301,24.9375,,,,,,24.47387096774193,,,,,,,,
1999,PENCUCI PELBAGAI GUNA MR MUSCLE (LAVENDER),2 liter,PRODUK KEBERSIHAN,PENJAGAAN RUMAH,14.376674816625918,,,,,,,14.193970944309926,,,,,,,14.190138504155126,13.542307692307693,,,,,,14.247135135135137,,,,,,,,
2000,PENCUCI PELBAGAI GUNA AJAX FABULOSO (LAVENDER),2 liter,PRODUK KEBERSIHAN,PENJAGAAN RUMAH,14.58122009569378,,,,,,,14.634928229665071,,,,,,,14.689761904761905,14.433559322033899,,,,,,14.656811926605505,,,,,,,,
2001,DUMEX DUPRO 2 (RUMUSAN SUSULAN),850g,SUSU DAN BARANGAN BAYI,SUSU BAYI,29.554074074074073,,,,,,,29.569205298013244,,,,,,,29.598229426433914,29.356499999999997,,,,,,29.56612554112554,,,,,,29.5,,
2002,PELUNTUR CLOROX (ORIGINAL),1 liter,PRODUK KEBERSIHAN,PENJAGAAN RUMAH,5.056994680851064,,,,,,,5.015721649484536,,,,,,,5.031875,4.82421052631579,,,,,,4.988267326732673,,,,,,,,
2003,BIHUN KERING IMPORT (PELBAGAI JENAMA),400 g,BARANGAN BERBUNGKUS,BIHUN,4.2749999999999995,,,,,,,4.1579999999999995,,,,,,,4.185714285714286,,,,,,,4.200819672131147,,,,,,,,
2009,DUTCH LADY 123 (BIASA),850g,SUSU DAN BARANGAN BAYI,SUSU BAYI,24.859407114624506,,,,,,,24.82422586520947,,,,,,,24.773559999999996,24.513378378378377,,,,,,24.694756944444446,,,,,,24.8,,
2010,DUTCH LADY 456 (BIASA),850g,SUSU DAN BARANGAN BAYI,SUSU BAYI,24.860059405940593,,,,,,,24.834972776769508,,,,,,,24.782534653465348,24.501216216216214,,,,,,24.701979166666668,,,,,,24.8,,
2011,KIUB SUP TOM YAM (MAGGI),6 X 10g,BARANGAN BERBUNGKUS,REMPAH RATUS (BERBUNGKUS),3.296204819277108,,,,,,,3.2961297071129705,,,,,,,3.3016397228637415,3.2625806451612904,,,,,,3.295856573705179,,,,,,,,
2014,ENFAGROW A+ MIND PRO LANGKAH 3 VANILA (KOTAK),500 g,SUSU DAN BARANGAN BAYI,SUSU BAYI,57.33556666666666,,,,,,,57.34989864864865,,,,,,,57.361999999999995,57.394,,,,,,57.37771523178808,,,,,,56.99,,
2019,NESCAFE 3 IN 1 ORIGINAL (AROMATIC & BALANCED),25 x 18g,MINUMAN,BAHAN-BAHAN MINUMAN,15.988625277161862,,,,,,,15.709342629482071,,,,,,,15.75560706401766,15.027727272727274,,,,,,15.429083665338645,,,,,,,,
2020,YOGURT LACTEL (FAT FREE) (STRAWBERRY),130g,MINUMAN,TERSEDIA MINUM,2.883573264781491,,,,,,,2.879133858267717,,,,,,,2.885045317220544,2.8765079365079367,,,,,,2.882518891687657,,,,,,,,
