item_code,item,unit,item_group,item_category,2024-10-01,2024-10-02,2024-10-03,2024-10-04,2024-10-05,2024-10-06,2024-10-07,2024-10-08,2024-10-09,2024-10-10,2024-10-11,2024-10-12,2024-10-13,2024-10-14,2024-10-15,2024-10-16,2024-10-17,2024-10-18,2024-10-19,2024-10-20,2024-10-21,2024-10-22,2024-10-23,2024-10-24,2024-10-25,2024-10-26,2024-10-27,2024-10-28,2024-10-29,2024-10-30,2024-10-31
1,AYAM BERSIH - STANDARD,1kg,BARANGAN SEGAR,AYAM,9.7,9.7,9.7,9.7,9.7,9.7,9.019326923076923,9.200000000000001,9.200000000000001,9.200000000000001,9.333333333333334,9.9,9.9,9.293363636363637,9.433333333333334,9.433333333333334,9.433333333333334,9.2,9.433333333333334,9.9,9.24108108108108,9.9,9.9,9.9,9.9,9.9,9.9,9.33361111111111,9.9,9.366666666666667,
2,AYAM BERSIH - SUPER,1kg,BARANGAN SEGAR,AYAM,11.6,11.6,11.6,11.6,11.6,11.6,11.539411764705884,11.6,11.6,11.6,11.6,,11.6,11.582105263157894,11.6,11.6,11.6,11.6,11.6,11.6,11.511904761904763,11.6,11.6,11.6,11.6,11.6,11.6,11.563809523809525,11.6,11.6,11.6
9,DAGING KAMBING BEBIRI IMPORT BERTULANG (MUTTON) (AUSTRALIA - KOTAK),1kg,BARANGAN SEGAR,DAGING,30.5,30.5,30.5,30.5,30.5,30.5,28.698333333333334,30.5,30.5,30.5,30.5,,30.5,28.298571428571424,30.5,30.5,30.5,30.5,30.5,30.5,28.261249999999997,30.5,30.5,30.5,30.5,30.5,30.5,27.541428571428572,,29.0,29.0
10,DAGING KAMBING BEBIRI IMPORT BERTULANG (MUTTON) (NEW ZEALAND - KOTAK),1kg,BARANGAN SEGAR,DAGING,,,,,,,31.65,,,,,,,31.65,,,,,,,31.65,,,,,,,29.0,,,
11,DAGING KAMBING BEBIRI IMPORT TANPA TULANG (MUTTON) (TIDAK TERMASUK PAHA - AUSTRALIA),1kg,BARANGAN SEGAR,DAGING,,,,,,,,,,,,,,,,,,,,,,,,,,,,24.99,,,
14,DAGING KERBAU IMPORT (INDIA) * (TOP SIDE),1kg,BARANGAN SEGAR,DAGING,19.9,19.9,19.9,19.9,19.9,19.9,22.688499999999998,,,,,,,23.15052631578947,,,,,,,23.15052631578947,,,,,,,23.042499999999997,,,
16,BETIK BIASA,1kg,BARANGAN SEGAR,BUAH-BUAHAN,6.5,,6.5,6.5,6.5,6.5,6.1735483870967744,6.5,6.5,6.5,6.5,5.7,5.7,5.915,5.7,5.7,5.7,5.7,5.7,5.7,5.9364,4.9,4.9,4.9,4.9,4.9,4.9,5.7407407407407405,4.9,4.9,
18,PISANG BERANGAN,1kg,BARANGAN SEGAR,BUAH-BUAHAN,6.9,6.9,7.9,6.9,7.1000000000000005,7.1000000000000005,6.675609756097561,7.1000000000000005,6.7,7.1000000000000005,7.1000000000000005,7.1000000000000005,7.1000000000000005,6.618461538461538,6.9,6.9,7.9,7.9,7.9,7.9,6.549142857142857,,7.2,7.2,7.2,7.2,7.2,6.551463414634147,7.2,6.5,
19,PISANG EMAS,1kg,BARANGAN SEGAR,BUAH-BUAHAN,3.9,3.9,,,,,5.9624999999999995,3.9,,,,,,6.065384615384616,,,,,,,5.995833333333334,,,,,,,6.032727272727272,,,
20,TEMBIKAI MERAH BERBIJI,1kg,BARANGAN SEGAR,BUAH-BUAHAN,,,,,,,4.056,,,,,,,3.9681818181818183,,,,,,,3.995,,,,,,,4.085555555555556,,,
21,TEMBIKAI MERAH TANPA BIJI,1kg,BARANGAN SEGAR,BUAH-BUAHAN,3.0,4.0,4.05,4.05,4.2,4.2,3.6321818181818184,4.2,4.2,2.9,2.9,,5.5,3.745,4.2,4.2,4.2,4.2,4.2,4.2,3.6555172413793104,4.0,4.0,4.0,4.0,4.0,4.0,3.593454545454545,5.5,5.5,5.5
22,DRAGON FRUIT MERAH,1kg,BARANGAN SEGAR,BUAH-BUAHAN,8.966666666666667,8.966666666666667,8.966666666666667,8.966666666666667,8.766666666666667,8.766666666666667,9.140588235294118,8.9,8.4,8.4,8.4,8.7,8.7,9.139189189189189,8.5,8.5,9.0,9.0,9.0,9.0,8.879677419354838,7.5,7.5,8.2,8.2,7.9,8.2,9.171515151515152,8.2,8.2,8.5
24,TEMBIKAI SUSU,1kg,BARANGAN SEGAR,BUAH-BUAHAN,4.9,4.9,4.9,4.9,4.9,4.9,6.46,4.9,4.9,4.9,4.9,4.9,4.9,6.2219999999999995,4.9,4.9,4.9,4.9,4.9,4.9,6.543809523809524,4.9,4.9,4.9,,4.9,4.9,6.4729629629629635,4.9,4.9,
25,NENAS BIASA (JOSAPINE/MORRIS/SARAWAK),1 biji,BARANGAN SEGAR,BUAH-BUAHAN,2.9,2.9,2.9,2.9,2.9,2.9,4.3646376811594205,3.4,3.4,2.9,2.9,2.9,2.9,4.371194029850746,2.9,2.9,2.9,2.9,2.9,2.9,4.359692307692308,2.9,2.9,2.9,2.9,2.9,2.9,4.2665625,2.9,2.9,
27,ANGGUR MERAH BERBIJI,1kg,BARANGAN SEGAR,BUAH-BUAHAN,15.8,15.8,15.8,15.8,15.8,15.8,15.667368421052632,15.8,15.8,15.8,15.8,,15.8,14.666538461538462,15.8,15.8,15.8,15.8,15.8,15.8,14.35217391304348,15.8,15.8,14.350000000000001,14.350000000000001,15.8,15.8,14.514117647058825,15.8,15.8,15.8
31,LAI KUNING (SAIZ M),1 biji,BARANGAN SEGAR,BUAH-BUAHAN,,,,,,,2.045,,,,,,,2.3675,,,,,,,2.134,,,,,,,2.134,,,
38,JAMBU BATU BERBIJI,1kg,BARANGAN SEGAR,BUAH-BUAHAN,4.9,4.9,,,,,6.515000000000001,,,,,4.9,4.9,6.5851999999999995,4.9,4.9,4.9,4.9,7.8500000000000005,7.8500000000000005,7.0851999999999995,7.8500000000000005,7.8500000000000005,7.8500000000000005,10.8,10.8,,6.972692307692308,,,
39,JAMBU BATU TANPA BIJI,1kg,BARANGAN SEGAR,BUAH-BUAHAN,,,,,,,7.183333333333334,,,,,,,7.4799999999999995,,,,,,,7.640000000000001,,,,,,,7.466666666666666,,,
43,IKAN BAWAL HITAM (ANTARA 2 HINGGA 5 EKOR SEKILOGRAM),1kg,BARANGAN SEGAR,BAHAN LAUT,25.433333333333334,25.433333333333334,25.099999999999998,24.099999999999998,25.7,23.7,26.37962264150943,22.433333333333334,22.433333333333334,23.7,23.099999999999998,23.9,24.099999999999998,25.895185185185184,22.433333333333334,24.099999999999998,23.099999999999998,21.433333333333334,21.099999999999998,21.099999999999998,25.07392857142857,24.7,21.7,21.766666666666666,21.7,21.7,21.7,25.659000000000002,18.9,21.4,
47,IKAN CENCARU (ANTARA 4 HINGGA 6 EKOR SEKILOGRAM),1kg,BARANGAN SEGAR,BAHAN LAUT,9.533333333333333,9.533333333333333,10.350000000000001,9.533333333333333,9.533333333333333,9.533333333333333,10.786612903225807,9.533333333333333,9.533333333333333,8.533333333333333,8.850000000000001,11.5,10.65,10.671016949152543,9.9,8.7,9.4,8.4,10.9,9.4,10.605438596491227,7.9,7.9,9.9,9.9,9.9,11.9,10.848852459016394,8.45,8.45,9.0
49,IKAN GELAMA (ANTARA 5 HINGGA 10 EKOR SEKILOGRAM),1kg,BARANGAN SEGAR,BAHAN LAUT,10.2,10.2,,,,,11.31625,,,,12.9,10.9,10.9,11.418947368421053,12.9,12.9,12.9,12.9,12.9,11.9,11.15578947368421,,10.9,11.9,12.9,12.9,11.9,11.67,12.9,12.9,
51,IKAN JENAHAK (b	% 1 KILOGRAM SEEKOR),1kg,BARANGAN SEGAR,BAHAN LAUT,26.9,,,,,,32.28230769230769,,,,,,,30.84454545454545,,,,,24.9,24.9,30.589,,,,,,,31.650000000000002,,,
52,KEPALA IKAN JENAHAK,1kg,BARANGAN SEGAR,BAHAN LAUT,19.9,,30.9,,19.9,19.9,22.84142857142857,,19.9,19.9,19.9,19.9,19.9,23.414285714285715,19.9,19.9,25.4,19.9,19.9,25.4,24.257142857142856,19.9,19.9,26.9,19.9,19.9,19.9,23.983333333333334,,,
55,IKAN KEMBUNG KECIL/PELALING (ANTARA 10 HINGGA 18 EKOR SEKILOGRAM),1kg,BARANGAN SEGAR,BAHAN LAUT,15.25,15.25,17.0,13.45,11.933333333333332,12.799999999999999,13.235249999999999,14.266666666666666,11.6,10.266666666666667,15.45,15.25,15.25,13.365102040816327,15.25,15.25,12.933333333333332,15.45,12.933333333333332,12.933333333333332,13.258235294117647,13.933333333333332,14.4,13.4,16.0,15.25,15.45,14.563260869565216,14.7,10.933333333333332,
60,IKAN MERAH (b	% 1 KILOGRAM SEEKOR),1kg,BARANGAN SEGAR,BAHAN LAUT,,,,,,,38.810625,33.5,,,,,,37.866875,,,,,,,37.985882352941175,,,,,,,37.18923076923077,,,
64,KEPALA IKAN MERAH,1kg,BARANGAN SEGAR,BAHAN LAUT,,29.9,,,,,29.46222222222222,,29.9,,,,29.9,27.944999999999997,,29.9,31.7,29.9,29.9,29.9,28.32,,29.9,29.9,29.9,29.9,29.9,27.695,29.9,29.9,
65,IKAN KERAPU (ANTARA 2 HINGGA 5 EKOR SEKILOGRAM),1kg,BARANGAN SEGAR,BAHAN LAUT,,,,,,,,16.9,,,,,,21.45,,,,,,,20.95,,,14.9,14.9,,,24.45,,,
66,IKAN PARANG (ANTARA 1 HINGGA 3 EKOR SEKILOGRAM),1kg,BARANGAN SEGAR,BAHAN LAUT,,,,,,,12.8,,,,,,,12.8,,,,,,,12.8,,,,,,,12.8,,,
68,IKAN PARI (KEPINGAN),1kg,BARANGAN SEGAR,BAHAN LAUT,30.4,30.4,30.4,30.4,26.9,30.4,30.166315789473682,,33.9,33.9,33.9,31.9,31.9,29.021904761904764,29.4,31.9,26.9,26.9,26.9,26.9,29.177894736842106,30.4,30.4,30.4,33.9,33.9,33.9,28.851052631578945,30.4,30.4,
69,IKAN SELAR KUNING (b	% 11 EKOR SEKILOGRAM),1kg,BARANGAN SEGAR,BAHAN LAUT,11.799999999999999,12.75,10.95,14.0,14.0,14.0,12.660833333333334,11.6,12.95,13.95,13.95,13.75,12.266666666666666,12.826666666666666,13.95,11.95,10.95,10.933333333333332,10.933333333333332,10.933333333333332,12.391666666666667,11.95,14.0,11.95,11.95,14.0,14.0,12.732608695652175,14.0,14.0,
70,IKAN SELAR PELATA (≤ 7 EKOR SEKILOGRAM),1kg,BARANGAN SEGAR,BAHAN LAUT,17.266666666666666,16.9,17.4,17.4,17.933333333333334,17.933333333333334,17.5474,16.599999999999998,15.933333333333332,16.9,15.2,13.9,15.9,17.982857142857142,16.45,16.95,16.95,16.95,17.95,17.95,18.265454545454546,19.0,17.75,17.45,18.95,19.0,19.0,18.33125,15.899999999999999,15.899999999999999,
73,IKAN SENANGIN (ANTARA 2 HINGGA 8 EKOR SEKILOGRAM),1kg,BARANGAN SEGAR,BAHAN LAUT,26.9,26.9,25.9,26.9,23.4,23.4,25.016666666666666,22.9,22.9,21.4,21.4,23.4,23.4,24.18,24.9,24.9,24.9,24.9,22.4,24.9,24.95,24.9,23.4,18.9,22.9,22.9,22.9,24.577777777777776,22.4,22.4,
78,IKAN TAMBAN BELURU (ANTARA 10 HINGGA 19 EKOR SEKILOGRAM),1kg,BARANGAN SEGAR,BAHAN LAUT,,,,,,,10.95,,,,,,,11.059999999999999,,,,,,,9.695,,,,,,,11.566666666666668,,,
79,IKAN TENGGIRI PAPAN (ANTARA 1 HINGGA 2 EKOR SEKILOGRAM),1kg,BARANGAN SEGAR,BAHAN LAUT,,,,,,,29.4225,28.9,28.9,23.9,24.9,24.9,23.9,28.956,27.9,27.9,27.9,27.9,27.9,27.9,28.933333333333334,28.9,,26.9,,,,31.5,,,
82,IKAN TENGGIRI BATANG (ANTARA 1 HINGGA 2 EKOR SEKILOGRAM),1kg,BARANGAN SEGAR,BAHAN LAUT,,,,,,,37.08625,,,,,,,37.132222222222225,,,,,,,39.24142857142857,,,,,,,37.31,,,
87,IKAN HARUAN (ANTARA 2 HINGGA 5 EKOR SEKILOGRAM),1kg,BARANGAN SEGAR,IKAN DARAT,,,,,,,20.0,,,,,,,,,,,,,,,,,,,,,,,,
88,IKAN KELI (ANTARA 2 HINGGA 5 EKOR SEKILOGRAM),1kg,BARANGAN SEGAR,IKAN DARAT,6.5,6.5,,,,,11.55655172413793,,,,,,,11.494666666666667,,,,,,6.5,11.412352941176472,6.5,6.5,6.5,6.5,6.5,,11.764074074074074,,,
89,IKAN TILAPIA HITAM (ANTARA 2 HINGGA 5 EKOR SEKILOGRAM),1kg,BARANGAN SEGAR,IKAN DARAT,6.9,6.9,6.9,6.9,6.9,6.9,8.395,6.9,,6.9,6.9,,6.9,8.5075,6.9,6.9,6.9,6.9,6.9,6.9,8.32888888888889,6.9,6.9,6.9,,6.9,6.9,8.68,,6.9,
92,CILI HIJAU,1kg,BARANGAN SEGAR,SAYUR-SAYURAN,14.995000000000001,15.495000000000001,13.63,12.63,11.445,12.63,13.539818181818182,13.995000000000001,12.63,12.63,12.63,13.163333333333334,13.163333333333334,13.781666666666666,12.963333333333333,12.963333333333333,12.963333333333333,12.963333333333333,14.495000000000001,14.495000000000001,13.539541284403668,12.99,13.995000000000001,13.995000000000001,13.995000000000001,13.995000000000001,13.995000000000001,13.9123,13.995000000000001,12.63,
93,CILI MERAH - KULAI,1kg,BARANGAN SEGAR,SAYUR-SAYURAN,13.745000000000001,13.445,13.445,13.945,13.945,13.945,16.174821428571427,16.99,16.99,16.99,16.99,14.445,14.445,16.447017543859648,14.245,14.496666666666664,14.496666666666664,14.496666666666664,14.296666666666667,14.296666666666667,15.676885245901639,14.63,16.494999999999997,16.494999999999997,16.494999999999997,16.494999999999997,16.494999999999997,15.3015625,15.45,15.45,
94,CILI MERAH - MINYAK,1kg,BARANGAN SEGAR,SAYUR-SAYURAN,15.0,18.9,18.9,15.0,15.0,15.0,15.752716049382716,18.9,18.9,13.25,13.25,15.0,18.9,15.87940476190476,18.9,14.8,14.8,,,,15.50076923076923,14.8,14.8,14.8,14.8,14.8,,15.192207792207792,17.8,17.8,17.8
95,HALIA BASAH (TUA),1kg,BARANGAN SEGAR,SAYUR-SAYURAN,12.875,12.775,12.875,12.875,12.625,12.625,13.636564102564103,12.625,12.625,12.625,12.625,12.9,12.875,13.6380310880829,12.875,12.875,12.875,12.875,12.875,12.875,13.623225806451613,12.875,12.625,12.625,12.625,12.625,12.625,13.417784090909093,12.625,12.625,12.8
96,KACANG BENDI,1kg,BARANGAN SEGAR,SAYUR-SAYURAN,8.299999999999999,7.966666666666666,7.966666666666666,8.299999999999999,8.299999999999999,8.299999999999999,9.30244094488189,8.33,8.2225,8.433333333333334,8.7,8.766666666666667,7.796666666666667,9.34437037037037,7.330000000000001,7.9725,7.8225,7.8225,7.8225,7.8225,9.226119402985073,7.8225,8.13,8.299999999999999,8.299999999999999,8.2,8.2,9.09873015873016,8.2225,7.9725,8.5
97,KACANG BUNCIS,1kg,BARANGAN SEGAR,SAYUR-SAYURAN,15.896666666666667,14.2975,13.13,14.2975,14.2975,14.2975,13.192393162393163,15.563333333333333,15.563333333333333,15.563333333333333,15.229999999999999,13.945,15.229999999999999,13.07,13.7975,12.7975,12.7975,13.2975,13.2975,13.2975,13.847459016393444,11.866666666666667,11.633333333333333,11.633333333333333,11.766666666666666,12.1,12.1,14.628487394957983,11.2,12.796666666666667,11.5
98,KACANG PANJANG,1kg,BARANGAN SEGAR,SAYUR-SAYURAN,8.463333333333333,8.3225,8.5725,8.796666666666667,9.13,8.245000000000001,8.33439024390244,8.245000000000001,9.945,9.2,9.13,9.13,8.796666666666667,8.61610294117647,8.745000000000001,8.745000000000001,9.13,8.8225,8.5725,8.796666666666667,8.722890625,9.263333333333334,8.596666666666666,8.0725,8.0725,8.13,8.2475,8.352833333333333,8.0975,8.0975,8.6
101,KELAPA BIJI,1 biji,BARANGAN SEGAR,KELAPA,,,,,,,2.5187096774193547,,,,,,,2.516,,,,,,,2.5193333333333334,,,2.3,2.3,2.3,,2.553076923076923,,,
102,KELAPA PARUT,1kg,BARANGAN SEGAR,KELAPA,7.6,7.6,7.6,7.6,7.6,7.6,8.457142857142857,7.55,7.55,7.55,7.55,7.55,7.55,8.3375,7.55,7.55,7.55,7.55,7.55,7.55,8.3375,7.55,7.55,7.6,7.6,7.6,7.6,8.059999999999999,7.6,7.6,
103,SANTAN KELAPA SEGAR (BIASA),1kg,BARANGAN SEGAR,KELAPA,,,,,,,6.148333333333333,,,,,,,6.298,,,,,,,6.398000000000001,,,,,,,6.398000000000001,,,
104,KUBIS BULAT IMPORT (CHINA),1kg,BARANGAN SEGAR,SAYUR-SAYURAN,4.095000000000001,4.095000000000001,4.095000000000001,4.095000000000001,4.095000000000001,4.095000000000001,4.184423076923077,3.6966666666666668,3.8666666666666667,3.8666666666666667,3.8666666666666667,3.2,3.8666666666666667,4.198490566037736,4.363333333333333,4.03,4.03,4.03,4.03,4.03,4.270733944954128,3.8666666666666667,3.5,4.35,4.35,4.35,4.35,4.2326595744680855,4.35,4.35,5.2
105,KUBIS BULAT (TEMPATAN),1kg,BARANGAN SEGAR,SAYUR-SAYURAN,6.9,6.9,6.9,6.9,6.9,6.9,5.489574468085106,6.9,6.9,6.9,6.9,6.9,6.9,5.597777777777778,6.9,6.9,6.9,6.9,6.9,6.9,5.342,6.9,6.9,6.9,6.9,6.9,6.9,5.717391304347826,6.9,6.9,
108,KUNYIT HIDUP,1kg,BARANGAN SEGAR,SAYUR-SAYURAN,9.445,9.945,9.445,9.445,9.263333333333334,9.263333333333334,10.41654135338346,9.263333333333334,9.263333333333334,9.263333333333334,9.263333333333334,9.263333333333334,9.263333333333334,10.43621212121212,8.93,8.93,8.93,8.93,8.8225,8.8225,10.380542635658914,8.8225,9.5725,9.5725,9.5725,9.5725,9.5725,10.526984126984127,10.13,10.13,8.5
109,LOBAK MERAH,1kg,BARANGAN SEGAR,SAYUR-SAYURAN,4.896666666666667,4.445,4.7,5.066666666666666,4.745,4.926666666666667,4.692837837837837,4.926666666666667,4.926666666666667,4.926666666666667,4.926666666666667,3.99,4.593333333333334,4.715000000000001,3.99,4.326666666666667,4.326666666666667,4.045,4.245,4.245,4.735283018867924,4.4725,4.4725,4.4725,4.4725,4.4725,4.4725,4.918343949044586,4.7225,4.7225,5.8
112,TERUNG PANJANG,1kg,BARANGAN SEGAR,SAYUR-SAYURAN,5.5,6.15,6.8,,,,8.4633,7.096666666666667,7.3999999999999995,7.3999999999999995,7.3999999999999995,5.5,6.15,8.42820754716981,6.15,6.15,6.15,6.15,6.15,7.3999999999999995,8.202340425531915,7.3999999999999995,6.15,8.966666666666667,8.966666666666667,9.299999999999999,9.299999999999999,8.234020618556702,8.7,8.7,11.5
113,TIMUN,1kg,BARANGAN SEGAR,SAYUR-SAYURAN,3.8266666666666667,3.8266666666666667,3.8266666666666667,3.8266666666666667,3.495,3.6225,4.108300653594772,3.5,3.4,3.4,3.4,3.796666666666667,3.5475,4.110779220779221,3.42,3.52,3.52,3.77,3.77,3.77,4.129333333333333,3.845,3.845,3.92,3.92,3.92,3.92,4.382024539877301,4.095000000000001,4.245,3.8
114,TOMATO,1kg,BARANGAN SEGAR,SAYUR-SAYURAN,5.195,5.195,5.195,5.245,5.13,5.4725,5.450506329113924,5.263333333333334,5.263333333333334,5.263333333333334,6.463333333333334,5.445,5.445,5.40775641025641,4.396666666666667,4.945,4.945,4.945,4.945,4.945,5.319754601226994,4.7,4.7,4.7,4.7,4.7,4.7,5.2899375,5.45,5.566666666666666,5.8
118,TELUR AYAM GRED A (BERAT 65.0 GM HINGGA 69.9 GM SEBIJI),10 biji,BARANGAN SEGAR,TELUR,,,,,,,4.2,,,,,,,4.2,,,4.2,,,4.2,4.2,,4.2,4.2,,,,4.2,,,
119,TELUR AYAM GRED B (BERAT 60.0 GM HINGGA 64.9 GM),10 biji,BARANGAN SEGAR,TELUR,,,,,,,4.0,,,,,,,4.0,4.0,,4.0,4.0,4.0,4.0,4.0,4.0,4.0,4.0,,,,4.0,,,
120,TELUR AYAM GRED C (BERAT 55.0 GM HINGGA 59.9 GM SEBIJI),10 biji,BARANGAN SEGAR,TELUR,,,,,,,3.8,,,,,,,3.8,,,,,,,3.7999999999999994,,,,,,,3.8,,,
124,TELUR PUYUH,15 Biji,BARANGAN SEGAR,TELUR,4.35,4.35,4.5,4.5,4.35,4.35,4.2401265822784815,4.35,4.35,4.35,4.35,4.35,4.35,4.142816901408451,4.35,4.35,4.5,4.5,4.5,4.5,4.169242424242425,4.5,4.5,4.35,4.35,4.35,4.35,4.16,4.35,4.35,
125,TELUR ITIK,10 biji,BARANGAN SEGAR,TELUR,,,,,,,14.212857142857144,,,,,,,13.373750000000001,,,,,,,13.49888888888889,,,,,,,12.998571428571429,,,
129,BAWANG BESAR KUNING/HOLLAND,1kg,BARANGAN KERING,BAWANG,4.0,4.0,4.0,4.0,4.0,4.0,4.994794520547946,4.0,4.0,4.0,4.0,3.9000000000000004,4.0,4.970814479638009,4.0,4.0,4.0,4.0,3.8000000000000003,3.8000000000000003,4.9961363636363645,4.133333333333334,4.133333333333334,4.133333333333334,4.133333333333334,4.133333333333334,4.133333333333334,4.9394009216589865,4.133333333333334,4.133333333333334,3.6
131,BAWANG KECIL MERAH ROSE IMPORT (INDIA),1kg,BARANGAN KERING,BAWANG,6.866666666666667,6.866666666666667,6.866666666666667,7.85,6.866666666666667,6.866666666666667,8.473333333333334,6.866666666666667,6.866666666666667,6.866666666666667,6.866666666666667,6.9,6.866666666666667,8.452137931034482,6.866666666666667,6.866666666666667,6.866666666666667,6.866666666666667,6.866666666666667,6.866666666666667,8.408620689655173,6.866666666666667,6.866666666666667,6.866666666666667,6.866666666666667,6.866666666666667,6.866666666666667,6.306060606060606,5.8999999999999995,5.8999999999999995,6.8
132,BAWANG KECIL MERAH IMPORT (THAILAND),1kg,BARANGAN KERING,BAWANG,11.9,11.9,11.9,11.9,11.9,11.9,14.052692307692308,10.9,10.9,10.9,10.9,10.9,10.9,13.819655172413793,10.9,10.9,10.9,10.9,10.9,10.9,13.717407407407407,10.9,10.9,10.9,10.9,12.5,10.9,13.87,10.9,10.9,
148,IKAN BILIS GRED B (KOPEK),1kg,BARANGAN KERING,HASIL LAUT KERING,47.1,47.1,47.1,47.1,47.1,47.1,33.2140625,47.1,47.1,47.1,47.1,48.2,47.1,32.77215384615385,47.1,47.1,47.1,47.1,47.1,47.1,32.81147540983606,51.7,49.76666666666667,49.76666666666667,49.76666666666667,49.76666666666667,49.76666666666667,32.740161290322575,49.76666666666667,49.76666666666667,44.9
152,KACANG HIJAU (IMPORT),1kg,BARANGAN KERING,KACANG,9.100000000000001,9.100000000000001,9.100000000000001,9.100000000000001,9.100000000000001,9.100000000000001,8.029562841530055,9.100000000000001,9.100000000000001,9.100000000000001,9.100000000000001,8.9,9.100000000000001,8.022324324324325,9.100000000000001,9.100000000000001,9.100000000000001,9.100000000000001,9.100000000000001,9.100000000000001,8.080594594594595,8.366666666666667,8.366666666666667,9.100000000000001,9.033333333333333,9.100000000000001,9.100000000000001,8.043837837837838,9.100000000000001,9.100000000000001,9.3
154,SERBUK KUNYIT (TIDAK BERBUNGKUS),100 g,BARANGAN BERBUNGKUS,REMPAH RATUS (TIDAK BERBUNGKUS),,,,,,,1.1833333333333333,,,,,,,1.1375,,,,,,,1.1375,,,,,,,1.275,,,
155,SERBUK CILI  (TIDAK BERBUNGKUS),100 g,BARANGAN BERBUNGKUS,REMPAH RATUS (TIDAK BERBUNGKUS),,,,,,,,,,,,,,6.7,,,,,,,,,,,,,,,,,
160,UBI KENTANG RUSSET,1kg,BARANGAN KERING,UBI KENTANG,,,,,,,9.245000000000001,,,,,,,9.245000000000001,,,,,,,9.245000000000001,,,,,,,7.49,,,
180,TEH BOH (UNCANG),100 beg,MINUMAN,BAHAN-BAHAN MINUMAN,,,,,,,,,,,,,,,,,,,,,,,,,,,,14.038310810810811,,,
190,SARDIN CAP AYAM (SOS TOMATO),155 g,BARANGAN BERBUNGKUS,IKAN DALAM TIN,,,,,,,5.130070921985816,,,,,,,5.132043010752688,,,,,,,5.1302508960573485,,,,,,,5.129851301115242,,,
191,SARDIN CAP AYAM (SOS TOMATO),425 g,BARANGAN BERBUNGKUS,IKAN DALAM TIN,,,,,,,10.340255474452555,,,,,,,10.33635379061372,,,,,,,10.335091575091575,,,,,,,10.330488721804512,,,
192,SARDIN CAP KING CUP (SOS TOMATO),155 g,BARANGAN BERBUNGKUS,IKAN DALAM TIN,,,,,,,4.298923076923077,,,,,,,4.289770992366413,,,,,,,4.28679389312977,,,,,,,4.286060606060606,,,
193,SARDIN CAP KING CUP (SOS TOMATO),425 g,BARANGAN BERBUNGKUS,IKAN DALAM TIN,,,,,,,8.966978417266187,,,,,,,8.969014084507041,,,,,,,8.982411347517731,,,,,,,8.977535211267606,,,
195,MACKAREL CAP AYAM (SOS TOMATO),425 g,BARANGAN BERBUNGKUS,IKAN DALAM TIN,,,,,,,10.347970479704797,,,,,,,10.3316,,,,,,,10.337242647058824,,,,,,,10.338550185873606,,,
197,MACKAREL CAP KING CUP (SOS TOMATO),425 g,BARANGAN BERBUNGKUS,IKAN DALAM TIN,,,,,,,9.213125,,,,,,,9.145757575757576,,,,,,,9.19125,,,,,,,9.19125,,,
199,TUNA CAP TC BOY (SANDWICH DELITE),150 g,BARANGAN BERBUNGKUS,IKAN DALAM TIN,,,,,,,6.056,,,,,,,6.056,,,,,,,6.056,,,,,,,6.056,,,
201,JEM STRAWBERI LADY'S CHOICE,400 g,BARANGAN BERBUNGKUS,SAPUAN (SPREADS),,,,,,,9.401009174311927,,,,,,,9.406792452830189,,,,,,,9.426730769230769,,,,,,,9.413269230769231,,,
202,SERI KAYA YEO'S,480 g,BARANGAN BERBUNGKUS,SAPUAN (SPREADS),,,,,,,7.249226190476191,,,,,,,7.290727272727273,,,,,,,7.296942675159237,,,,,,,7.265471698113208,,,
203,MAINLAND CHESDALE CHEDDAR CHEESE SPREAD 12 CHEDDAR,250 g,BARANGAN BERBUNGKUS,SAPUAN (SPREADS),,,,,,,12.4715625,,,,,,,12.50114503816794,,,,,,,12.493846153846155,,,,,,,12.47192,,,
205,MARJERIN DAISY,480 g,BARANGAN BERBUNGKUS,SAPUAN (SPREADS),,,,,,,9.492848484848485,,,,,,,9.499221556886226,,,,,,,9.492909090909091,,,,,,,9.492289156626507,,,
206,MARJERIN PLANTA,480 g,BARANGAN BERBUNGKUS,SAPUAN (SPREADS),,,,,,,12.334449760765551,,,,,,,12.33125,,,,,,,12.327990196078431,,,,,,,12.332673267326735,,,
214,KICAP LEMAK MANIS CAP KIPAS UDANG,345ml,BARANGAN BERBUNGKUS,KICAP DAN SOS,,,,,,,6.207617328519856,,,,,,,6.290141843971631,,,,,,,6.319542253521127,,,,,,,6.341090909090909,,,
215,KICAP LEMAK MANIS CAP JALEN,650 ml,BARANGAN BERBUNGKUS,KICAP DAN SOS,,,,,,,7.687614678899083,,,,,,,7.719082568807339,,,,,,,7.829411764705882,,,,,,,7.794977578475336,,,
217,SOS TOMATO MAGGI,325 g,BARANGAN BERBUNGKUS,KICAP DAN SOS,,,,,,,3.9972932330827065,,,,,,,4.0107326007326005,,,,,,,4.021940298507462,,,,,,,4.027007575757575,,,
218,SOS CILI LIFE,340 g,BARANGAN BERBUNGKUS,KICAP DAN SOS,,,,,,,4.550346820809248,,,,,,,4.546011560693642,,,,,,,4.539825581395349,,,,,,,4.5375000000000005,,,
221,DRINHO SOYA (KOTAK),250 ml,MINUMAN,TERSEDIA MINUM,,,,,,,,,,,,,,,,,,,,,,,,,,,,1.1889189189189189,,,
224,SUSU SEGAR DUTCH LADY,1 liter,MINUMAN,TERSEDIA MINUM,,,,,,,,,,,,,,,,,,,,,,,,,,,,8.427027027027027,,,
226,YEO'S LAICI (KOTAK),250 ml,MINUMAN,TERSEDIA MINUM,,,,,,,,,,,,,,,,,,,,,,,,,,,,1.1649541284403668,,,
228,COCA COLA (BOTOL),1.5 liter,MINUMAN,TERSEDIA MINUM,,,,,,,,,,,,,,,,,,,,,,,,,,,,3.904122807017544,,,
229,F&N OREN (TIN),325 ml,MINUMAN,TERSEDIA MINUM,,,,,,,,,,,,,,,,,,,,,,,,,,,,1.7227397260273973,,,
230,F&N OREN (BOTOL),1.5 liter,MINUMAN,TERSEDIA MINUM,,,,,,,,,,,,,,,,,,,,,,,,,,,,3.5630357142857143,,,
232,MIRINDA OREN (BOTOL),1.5 liter,MINUMAN,TERSEDIA MINUM,,,,,,,,,,,,,,,,,,,,,,,,,,,,3.8552112676056334,,,
235,JUS OREN PEEL FRESH (MARIGOLD),1 liter,MINUMAN,TERSEDIA MINUM,,,,,,,,,,,,,,,,,,,,,,,,,,,,6.771914893617022,,,
236,JUS OREN SUNKIST,1 liter,MINUMAN,TERSEDIA MINUM,,,,,,,,,,,,,,,,,,,,,,,,,,,,5.8,,,
239,RED BULL (BOTOL),150 ml,MINUMAN,TERSEDIA MINUM,,,,,,,,,,,,,,,,,,,,,,,,,,,,2.4104285714285716,,,
240,LIVITA WITH HONEY (BOTOL),150 ml,MINUMAN,TERSEDIA MINUM,,,,,,,,,,,,,,,,,,,,,,,,,,,,2.316181818181818,,,
246,MINYAK JAGUNG CAP MAZOLA,1kg,BARANGAN BERBUNGKUS,MINYAK DAN LEMAK,,,,,,,17.890598290598287,,,,,,,17.904166666666665,,,,,,,17.921008403361345,,,,,,,17.91551724137931,,,
254,MINYAK MASAK SEBATIAN CAP HELANG,5 kg,BARANGAN BERBUNGKUS,MINYAK DAN LEMAK,,,,,,,33.948901098901096,,,,,,,33.253675213675216,,,,,,,33.00442748091603,,,,,,,32.851742424242424,,,
257,MINYAK MASAK SEBATIAN CAP NEPTUNE,5 kg,BARANGAN BERBUNGKUS,MINYAK DAN LEMAK,,,,,,,34.607894736842105,,,,,,,34.607894736842105,,,,,,,34.64,,,,,,,34.53294117647059,,,
260,MINYAK MASAK SEBATIAN CAP PISAU,5 kg,BARANGAN BERBUNGKUS,MINYAK DAN LEMAK,,,,,,,32.76156626506024,,,,,,,32.70131736526946,,,,,,,33.211019108280254,,,,,,,33.144294478527605,,,
263,MINYAK MASAK TULEN CAP BURUH,5 kg,BARANGAN BERBUNGKUS,MINYAK DAN LEMAK,,,,,,,29.98141463414634,,,,,,,29.976960784313725,,,,,,,29.687650000000005,,,,,,,29.660680628272253,,,
266,MINYAK MASAK TULEN CAP SERI MURNI,5 kg,BARANGAN BERBUNGKUS,MINYAK DAN LEMAK,,,,,,,29.86135869565217,,,,,,,29.788112244897956,,,,,,,29.742425742574255,,,,,,,29.66049751243781,,,
267,MINYAK MASAK TULEN CAP VESAWIT,1kg,BARANGAN BERBUNGKUS,MINYAK DAN LEMAK,,,,,,,6.9,,,,,,,6.9,,,,,,,6.9,,,,,,,6.9,,,
271,MINYAK SAPI CAP QBB,400 g,BARANGAN BERBUNGKUS,MINYAK DAN LEMAK,,,,,,,34.251666666666665,,,,,,,34.38854166666667,,,,,,,34.36630434782609,,,,,,,34.15234042553192,,,
272,ROTI SANDWICH GARDENIA ORIGINAL CLASSIC,400 g,BARANGAN BERBUNGKUS,ROTI,,,,,,,3.0,,,,,,,3.0,,,,,,,3.0,,,,,,,3.0,,,
292,UBAT GIGI COLGATE (PUDINA SEGAR),250 g,PRODUK KEBERSIHAN,PENJAGAAN DIRI,,,,,,,,,,,,,,,,,,,,,,,,,,,,13.249485714285713,,,
293,UBAT GIGI DARLIE DOUBLE ACTION (PUDINA ASLI),250 g,PRODUK KEBERSIHAN,PENJAGAAN DIRI,,,,,,,,,,,,,,,,,,,,,,,,,,,,13.051796875,,,
295,UBAT GIGI FRESH & WHITE (PUDINA SEGAR),160 g,PRODUK KEBERSIHAN,PENJAGAAN DIRI,,,,,,,,,,,,,,,,,,,,,,,,,,,,6.256321839080459,,,
299,LACTOGEN 1 RUMUSAN BAYI (KOTAK),650g,SUSU DAN BARANGAN BAYI,SUSU BAYI,,,,,,,28.96824034334764,,,,,,,28.939406779661017,,,,,,,28.946738197424892,,,,,,,28.952974137931037,,,
300,LACTOGEN 2 RUMUSAN SUSULAN (KOTAK),650g,SUSU DAN BARANGAN BAYI,SUSU BAYI,,,,,,,28.95226495726496,,,,,,,28.929585062240662,,,,,,,28.884237288135594,,,,,,,28.91921161825726,,,
320,SUSU SEJAT PENUH KRIM CAP IDEAL,390g,BARANGAN BERBUNGKUS,KRIMER DAN SUSU TEPUNG,,,,,,,5.142252252252252,,,,,,,5.143603603603604,,,,,,,5.138738738738739,,,,,,,5.154414414414414,,,
327,SUSU TEPUNG ISIAN KURANG LEMAK 'OMEGA PLUS',1kg,BARANGAN BERBUNGKUS,KRIMER DAN SUSU TEPUNG,,,,,,,47.60292307692308,,,,,,,47.565691056910566,,,,,,,47.510666666666665,,,,,,,47.47606557377049,,,
332,SUSU TEPUNG SEGERA FERNLEAF (INSTANT),550 g,BARANGAN BERBUNGKUS,KRIMER DAN SUSU TEPUNG,,,,,,,17.61043010752688,,,,,,,17.655416666666667,,,,,,,17.65479591836735,,,,,,,17.65301075268817,,,
334,SUSU ANLENE ACTIFIT 3X PERISA ASLI,600 g,BARANGAN BERBUNGKUS,KRIMER DAN SUSU TEPUNG,,,,,,,20.71557603686636,,,,,,,20.71518181818182,,,,,,,20.72018779342723,,,,,,,20.720197044334974,,,
335,SUSU ANLENE GOLD 5X,600 g,BARANGAN BERBUNGKUS,KRIMER DAN SUSU TEPUNG,,,,,,,25.76810810810811,,,,,,,25.7552380952381,,,,,,,25.788846153846155,,,,,,,25.801194029850745,,,
336,ANMUM MATERNA (BIASA/COKLAT),650g,BARANGAN BERBUNGKUS,KRIMER DAN SUSU TEPUNG,,,,,,,39.20338709677419,,,,,,,39.236721311475414,,,,,,,39.23290322580645,,,,,,,39.2490625,,,
343,KULIT KAYU MANIS,100 g,BARANGAN BERBUNGKUS,REMPAH RATUS (TIDAK BERBUNGKUS),,,,,,,4.552241379310345,,,,,,,4.544363636363636,,,,,,,4.523148148148148,,,,,,,4.4978181818181815,,,
345,SUSU TEPUNG ISIAN KURANG LEMAK 'OMEGA PLUS',600 g,BARANGAN BERBUNGKUS,KRIMER DAN SUSU TEPUNG,,,,,,,32.36942583732058,,,,,,,32.23597087378641,,,,,,,32.32876237623762,,,,,,,32.15592417061611,,,
350,SERBUK KARI IKAN BABAS,250 g,BARANGAN BERBUNGKUS,REMPAH RATUS (BERBUNGKUS),,,,,,,6.213432343234324,,,,,,,6.2183223684210525,,,,,,,6.278444444444444,,,,,,,6.298287937743191,,,
360,SUP BUNJUT ADABI,8 g,BARANGAN BERBUNGKUS,REMPAH RATUS (BERBUNGKUS),,,,,,,1.5179352226720648,,,,,,,1.5191566265060243,,,,,,,1.5174898785425102,,,,,,,1.5170204081632654,,,
361,SUP PUNJUT MAK SITI,10 g,BARANGAN BERBUNGKUS,REMPAH RATUS (BERBUNGKUS),,,,,,,1.9085714285714288,,,,,,,1.8953333333333333,,,,,,,1.9107692307692308,,,,,,,1.9107692307692308,,,
364,SERBUK CILI BABAS,250 g,BARANGAN BERBUNGKUS,REMPAH RATUS (BERBUNGKUS),,,,,,,7.626795366795366,,,,,,,7.632801556420234,,,,,,,7.6374615384615385,,,,,,,7.637038461538462,,,
365,SERBUK KUNYIT CAMPURAN (SEBATIAN) ADABI,250 g,BARANGAN BERBUNGKUS,REMPAH RATUS (BERBUNGKUS),,,,,,,7.212462311557789,,,,,,,7.223298429319372,,,,,,,7.230732984293193,,,,,,,7.224074074074074,,,
367,SERBUK KUNYIT BABAS,250 g,BARANGAN BERBUNGKUS,REMPAH RATUS (BERBUNGKUS),,,,,,,6.824377880184333,,,,,,,6.824835680751174,,,,,,,6.823059360730594,,,,,,,6.829909090909092,,,
368,KACANG TANAH (IMPORT),1kg,BARANGAN KERING,KACANG,9.475,9.475,9.475,9.475,9.475,9.475,10.024824120603016,9.475,9.475,9.475,9.475,8.9,9.475,10.048484848484849,9.475,9.475,9.475,9.475,9.475,9.475,10.056984924623116,9.475,9.475,9.475,9.475,9.475,9.666666666666666,9.99171875,9.475,9.475,11.2
388,KRIMER MANIS CAP JUNJUNG,500 g,BARANGAN BERBUNGKUS,KRIMER DAN SUSU TEPUNG,,,,,,,4.359999999999999,,,,,,,4.3569767441860465,,,,,,,4.371162790697674,,,,,,,4.3585714285714285,,,
716,CILI API/PADI HIJAU,1kg,BARANGAN SEGAR,SAYUR-SAYURAN,26.23333333333333,26.566666666666663,28.9,26.566666666666663,25.9,25.9,28.901470588235295,29.9,26.566666666666663,26.566666666666663,26.566666666666663,26.566666666666663,26.566666666666663,29.195882352941176,28.9,28.9,25.9,25.9,21.9,21.9,28.614193548387096,22.9,24.899999999999995,25.23333333333333,25.9,26.4,26.4,29.052432432432433,28.9,28.9,
843,ANMUM LACTA (BIASA),650g,BARANGAN BERBUNGKUS,KRIMER DAN SUSU TEPUNG,,,,,,,39.94230769230769,,,,,,,39.87109375,,,,,,,39.893181818181816,,,,,,,39.8719696969697,,,
845,SOTONG (≥ 6 EKOR SEKILOGRAM),1kg,BARANGAN SEGAR,BAHAN LAUT,36.9,36.0,36.45,36.45,36.0,33.25,37.62040816326531,35.95,37.266666666666666,40.45,40.45,40.45,35.75,37.53,35.46666666666667,35.93333333333333,38.95,37.95,37.95,37.95,36.71666666666667,37.95,37.95,36.6,35.93333333333333,37.93333333333333,37.93333333333333,36.720000000000006,39.4,35.6,
847,KETAM RENJONG/BUNGA (ANTARA 5 HINGGA 8 EKOR SEKILOGRAM),1kg,BARANGAN SEGAR,BAHAN LAUT,,33.5,,,,32.2,33.965,38.9,,,38.9,38.9,38.9,32.66133333333333,31.9,31.9,31.9,35.4,35.4,34.9,33.642758620689655,30.9,32.9,34.4,33.9,33.9,36.4,31.830666666666666,36.4,36.4,
849,UDANG PUTIH KECIL (b	% 61 EKOR SEKILOGRAM),1kg,BARANGAN SEGAR,BAHAN LAUT,19.2,17.9,19.2,19.2,20.5,20.2,19.94952380952381,20.5,20.5,20.5,18.2,18.2,20.5,19.5856,18.766666666666666,18.766666666666666,18.766666666666666,18.766666666666666,18.766666666666666,18.766666666666666,20.042272727272728,20.5,20.5,17.4,18.433333333333334,18.766666666666666,18.766666666666666,19.988636363636363,18.2,18.433333333333334,
850,UDANG HARIMAU (ANTARA 20 HINGGA 30 EKOR SEKILOGRAM),1kg,BARANGAN SEGAR,BAHAN LAUT,,,36.9,,,,37.917,,,39.9,39.9,,,37.13916666666667,36.9,36.9,36.7,36.5,36.5,,36.517,,,37.9,,,,36.583571428571425,,,
861,UBI KENTANG HOLLAND,1kg,BARANGAN KERING,UBI KENTANG,4.2,4.2,4.2,4.2,4.2,4.2,4.364705882352942,4.2,4.2,4.2,4.2,4.2,4.2,4.364705882352942,4.2,4.2,4.2,4.2,4.2,4.2,4.39375,4.2,4.2,4.2,4.2,4.2,4.2,4.3625,4.2,4.2,
863,JINTAN MANIS (KASAR),100 g,BARANGAN BERBUNGKUS,REMPAH RATUS (TIDAK BERBUNGKUS),,,,,,,2.5307999999999997,,,,,,,2.5365306122448983,,,,,,,2.5538775510204084,,,,,,,2.5229545454545454,,,
864,BUNGA CENGKIH,100 g,BARANGAN BERBUNGKUS,REMPAH RATUS (TIDAK BERBUNGKUS),,,,,,,8.829183673469387,,,,,,,8.8246,,,,,,,8.73326530612245,,,,,,,8.755,,,
865,BUNGA LAWANG,100 g,BARANGAN BERBUNGKUS,REMPAH RATUS (TIDAK BERBUNGKUS),,,,,,,6.001333333333333,,,,,,,6.019666666666667,,,,,,,5.976721311475409,,,,,,,5.973833333333333,,,
866,BUAH PELAGA,100 g,BARANGAN BERBUNGKUS,REMPAH RATUS (TIDAK BERBUNGKUS),,,,,,,17.89673469387755,,,,,,,18.0288,,,,,,,18.0154,,,,,,,18.15735849056604,,,
867,BUAH KERAS,100 g,BARANGAN BERBUNGKUS,REMPAH RATUS (TIDAK BERBUNGKUS),,,,,,,3.0353488372093027,,,,,,,3.130238095238095,,,,,,,3.067209302325581,,,,,,,3.112093023255814,,,
868,BUAH PALA,100 g,BARANGAN BERBUNGKUS,REMPAH RATUS (TIDAK BERBUNGKUS),,,,,,,5.43,,,,,,,5.516,,,,,,,5.43,,,,,,,5.516,,,
869,BIJI SAWI,100 g,BARANGAN BERBUNGKUS,REMPAH RATUS (TIDAK BERBUNGKUS),,,,,,,1.475,,,,,,,1.486829268292683,,,,,,,1.4670731707317073,,,,,,,1.4555263157894738,,,
870,BIJI KETUMBAR,100 g,BARANGAN BERBUNGKUS,REMPAH RATUS (TIDAK BERBUNGKUS),,,,,,,1.6083333333333334,,,,,,,1.6117021276595744,,,,,,,1.623076923076923,,,,,,,1.6528571428571428,,,
871,LADA HITAM,100 g,BARANGAN BERBUNGKUS,REMPAH RATUS (TIDAK BERBUNGKUS),,,,,,,5.858196721311476,,,,,,,5.862666666666667,,,,,,,5.8341666666666665,,,,,,,5.828771929824562,,,
873,LADA PUTIH,100 g,BARANGAN BERBUNGKUS,REMPAH RATUS (TIDAK BERBUNGKUS),,,,,,,6.870909090909091,,,,,,,6.84,,,,,,,6.934042553191489,,,,,,,6.8500000000000005,,,
883,KRIMER MANIS BERVITAMIN CAP F&N,500 g,BARANGAN BERBUNGKUS,KRIMER DAN SUSU TEPUNG,,,,,,,4.324868421052631,,,,,,,4.328290598290598,,,,,,,4.33109243697479,,,,,,,4.326582278481013,,,
884,KRIMER MANIS CAP GOLD COIN,500 g,BARANGAN BERBUNGKUS,KRIMER DAN SUSU TEPUNG,,,,,,,3.481585365853659,,,,,,,3.4776249999999997,,,,,,,3.474810126582278,,,,,,,3.480394736842105,,,
896,HALBA,100 g,BARANGAN BERBUNGKUS,REMPAH RATUS (TIDAK BERBUNGKUS),,,,,,,1.5993650793650795,,,,,,,1.6096825396825396,,,,,,,1.599375,,,,,,,1.6018644067796608,,,
904,BERAS SUPER CAP RAMBUTAN 5% (IMPORT),10 kg,BARANGAN BERBUNGKUS,BERAS,37.9,37.9,37.9,37.9,37.9,37.9,38.78846153846154,37.9,37.9,37.9,37.9,37.9,37.9,38.67470588235294,38.9,38.9,38.9,38.9,38.9,38.9,38.63981132075472,37.9,37.9,37.9,37.9,37.9,37.9,38.6425,37.9,37.9,
910,KORDIAL F&N (SIRAP ROS),2 liter,MINUMAN,BAHAN-BAHAN MINUMAN,,,,,,,,,,,,,,,,,,,,,,,,,,,,11.701304347826087,,,
917,"TEPUNG GANDUM NGP (BERBUNGKUS, CAP SAUH)",1kg,BARANGAN BERBUNGKUS,TEPUNG,,,,,,,3.4161818181818178,,,,,,,3.407747747747748,,,,,,,3.3936681222707423,,,,,,,3.4032589285714283,,,
918,MINYAK MASAK PAKET (PELBAGAI JENAMA),1kg,BARANGAN BERBUNGKUS,MINYAK DAN LEMAK,,,,,,,2.5,,,,,,,2.5,,,,,,,2.5,,,,,,,2.5,,,
919,SUSU TEPUNG PENUH KRIM DUTCHLADY,600 g,BARANGAN BERBUNGKUS,KRIMER DAN SUSU TEPUNG,,,,,,,22.050405405405407,,,,,,,22.035555555555554,,,,,,,22.05564705882353,,,,,,,22.06564705882353,,,
929,NESCAFE CLASSIC (PAKET),200 g,MINUMAN,BAHAN-BAHAN MINUMAN,,,,,,,,,,,,,,,,,,,,,,,,,,,,21.284857142857142,,,
957,SOS CILI KIMBALL,340 g,BARANGAN BERBUNGKUS,KICAP DAN SOS,,,,,,,4.401588785046729,,,,,,,4.4027064220183485,,,,,,,4.409299065420561,,,,,,,4.416129032258064,,,
1070,SOS CILI MAGGI,340 g,BARANGAN BERBUNGKUS,KICAP DAN SOS,,,,,,,4.326472602739726,,,,,,,4.322491349480969,,,,,,,4.324965517241379,,,,,,,4.3259515570934255,,,
1080,SERBUK PENAIK ROYAL (TIN),226g,BARANGAN BERBUNGKUS,ESEN DAN RAGI,,,,,,,,,,,,,,,,,,,,,,,,,,,,4.9,,,
1081,MACKAREL CAP KING CUP (SOS TOMATO),155 g,BARANGAN BERBUNGKUS,IKAN DALAM TIN,,,,,,,4.381538461538462,,,,,,,4.381538461538462,,,,,,,4.373846153846154,,,,,,,4.373846153846154,,,
1082,MACKAREL CAP AYAM (SOS TOMATO),155 g,BARANGAN BERBUNGKUS,IKAN DALAM TIN,,,,,,,5.1332,,,,,,,5.14021505376344,,,,,,,5.137849462365591,,,,,,,5.133273381294964,,,
1084,TEH BOH (SERBUK),500 g,MINUMAN,BAHAN-BAHAN MINUMAN,,,,,,,,,,,,,,,,,,,,,,,,,,,,12.315466666666667,,,
1086,MINYAK JAGUNG CAP DAISY,1kg,BARANGAN BERBUNGKUS,MINYAK DAN LEMAK,,,,,,,16.17076388888889,,,,,,,16.156394557823127,,,,,,,16.147517241379308,,,,,,,16.13078014184397,,,
1087,MINYAK JAGUNG CAP DAISY,3 kg,BARANGAN BERBUNGKUS,MINYAK DAN LEMAK,,,,,,,40.43939393939394,,,,,,,40.54950495049505,,,,,,,40.452999999999996,,,,,,,40.4701030927835,,,
1088,MINYAK JAGUNG CAP MAZOLA,3 kg,BARANGAN BERBUNGKUS,MINYAK DAN LEMAK,,,,,,,46.6,,,,,,,46.6,,,,,,,46.6,,,,,,,46.14,,,
1089,MINYAK JAGUNG CAP VECORN,3 kg,BARANGAN BERBUNGKUS,MINYAK DAN LEMAK,,,,,,,42.84409090909091,,,,,,,42.84409090909091,,,,,,,42.84142857142857,,,,,,,42.96157894736842,,,
1090,MINYAK JAGUNG CAP VECORN,1kg,BARANGAN BERBUNGKUS,MINYAK DAN LEMAK,,,,,,,16.575272727272726,,,,,,,16.578518518518518,,,,,,,16.55814814814815,,,,,,,16.5528,,,
1091,MINYAK MASAK SEBATIAN CAP HELANG,1kg,BARANGAN BERBUNGKUS,MINYAK DAN LEMAK,,,,,,,8.465833333333332,,,,,,,8.442608695652174,,,,,,,8.471969696969696,,,,,,,8.482307692307693,,,
1092,MINYAK MASAK SEBATIAN CAP NEPTUNE,1kg,BARANGAN BERBUNGKUS,MINYAK DAN LEMAK,,,,,,,9.041428571428572,,,,,,,9.041428571428572,,,,,,,8.91125,,,,,,,9.041428571428572,,,
1093,MINYAK MASAK SEBATIAN CAP PISAU,1kg,BARANGAN BERBUNGKUS,MINYAK DAN LEMAK,,,,,,,8.017199999999999,,,,,,,8.015966386554622,,,,,,,8.02051282051282,,,,,,,7.982894736842105,,,
1094,MINYAK MASAK TULEN CAP BURUH,1kg,BARANGAN BERBUNGKUS,MINYAK DAN LEMAK,,,,,,,6.9,,,,,,,6.9,,,,,,,6.9,,,,,,,6.9,,,
1095,MINYAK MASAK TULEN CAP VESAWIT,5 kg,BARANGAN BERBUNGKUS,MINYAK DAN LEMAK,,,,,,,30.626875,,,,,,,30.642577319587627,,,,,,,30.666632653061225,,,,,,,30.69076923076923,,,
1097,SOS CILI MAGGI,500 g,BARANGAN BERBUNGKUS,KICAP DAN SOS,,,,,,,5.77560553633218,,,,,,,5.769180887372014,,,,,,,5.847473684210526,,,,,,,5.78664406779661,,,
1100,MINYAK MASAK TULEN CAP SERI MURNI,1kg,BARANGAN BERBUNGKUS,MINYAK DAN LEMAK,,,,,,,6.9,,,,,,,6.900000000000001,,,,,,,6.9,,,,,,,6.8999999999999995,,,
1101,MINYAK MASAK TULEN CAP SERI MURNI,2 kg,BARANGAN BERBUNGKUS,MINYAK DAN LEMAK,,,,,,,13.042762430939227,,,,,,,13.015815217391303,,,,,,,13.028556149732621,,,,,,,13.011640211640213,,,
1105,SUSU ANLENE ACTIFIT 3X COKLAT,600 g,BARANGAN BERBUNGKUS,KRIMER DAN SUSU TEPUNG,,,,,,,20.6048128342246,,,,,,,20.60139037433155,,,,,,,20.595921787709496,,,,,,,20.596685714285716,,,
1109,TELUR AYAM GRED A,30 biji,BARANGAN SEGAR,TELUR,,,12.6,12.55,12.55,12.6,12.5925,,,12.6,12.5,,12.6,12.590192307692307,,,12.6,12.5,12.5,12.55,12.584716981132075,,12.6,12.6,12.5,12.5,12.55,12.57938775510204,12.6,12.6,
1110,TELUR AYAM GRED B,30 biji,BARANGAN SEGAR,TELUR,12.0,12.0,,11.95,11.95,11.966666666666667,11.998690476190475,12.0,12.0,12.0,11.966666666666667,11.966666666666667,11.95,11.998636363636365,12.0,,12.0,11.95,11.95,11.95,11.99663043478261,12.0,12.0,12.0,11.966666666666667,11.966666666666667,11.95,11.997666666666666,12.0,12.0,
1111,TELUR AYAM GRED C,30 biji,BARANGAN SEGAR,TELUR,,,,,,,11.392608695652175,,,,,,11.4,11.39054054054054,11.4,11.4,11.4,11.4,11.4,11.4,11.391124999999999,11.4,11.4,11.4,,,,11.3892,,,
1114,SOS TIRAM KIMBALL,510 g,BARANGAN BERBUNGKUS,KICAP DAN SOS,,,,,,,7.165665024630543,,,,,,,7.1772769953051645,,,,,,,7.185943396226415,,,,,,,7.1981642512077295,,,
1115,KICAP LEMAK MASIN CAP KIPAS UDANG,345ml,BARANGAN BERBUNGKUS,KICAP DAN SOS,,,,,,,6.026153846153846,,,,,,,6.1386486486486485,,,,,,,6.162328767123287,,,,,,,6.168733031674208,,,
1116,SOS TIRAM NONA,510 g,BARANGAN BERBUNGKUS,KICAP DAN SOS,,,,,,,5.863469387755102,,,,,,,5.8459433962264145,,,,,,,5.852666666666666,,,,,,,5.857545454545455,,,
1117,SOS TIRAM ADABI,510 g,BARANGAN BERBUNGKUS,KICAP DAN SOS,,,,,,,8.119626168224299,,,,,,,8.11651376146789,,,,,,,8.145486725663718,,,,,,,8.13904347826087,,,
1125,SERBUK CILI KIJANG,250 g,BARANGAN BERBUNGKUS,REMPAH RATUS (BERBUNGKUS),,,,,,,7.5925,,,,,,,7.5925,,,,,,,7.489999999999999,,,,,,,7.5925,,,
1128,LADA BENGGALA HIJAU (CAPSICUM),1kg,BARANGAN SEGAR,SAYUR-SAYURAN,14.233333333333334,14.233333333333334,12.65,12.65,12.65,12.65,13.351460674157304,12.65,12.65,14.233333333333334,11.95,11.45,11.45,13.178901098901099,11.45,11.45,11.45,10.266666666666667,12.4,12.4,13.211720430107528,15.4,13.9,15.4,12.65,10.6,10.6,13.239894736842105,12.65,12.65,18.8
1129,LADA BENGGALA MERAH (CAPSICUM),1kg,BARANGAN SEGAR,SAYUR-SAYURAN,12.15,12.15,12.55,13.766666666666666,13.95,13.95,14.812602739726026,15.233333333333334,15.233333333333334,14.433333333333332,14.433333333333332,13.466666666666667,14.65,14.583333333333334,14.1,13.9,13.9,13.9,11.95,12.933333333333332,14.39371794871795,15.45,16.0,15.45,16.0,16.0,16.0,13.787721518987341,15.233333333333334,16.566666666666666,18.8
1130,LADA BENGGALA KUNING (CAPSICUM),1kg,BARANGAN SEGAR,SAYUR-SAYURAN,,7.9,9.5,9.5,9.9,9.9,14.826551724137932,9.9,9.5,9.5,19.0,11.7,17.3,14.776065573770492,17.099999999999998,17.099999999999998,16.966666666666665,16.766666666666666,15.1,15.1,15.192539682539682,16.766666666666666,16.766666666666666,21.2,21.2,21.2,21.2,15.379152542372882,21.2,21.2,28.5
1131,UBI KENTANG IMPORT (CHINA),1kg,BARANGAN KERING,UBI KENTANG,3.2,3.2,3.2,3.2,3.2,3.2,3.7672448979591837,3.2,3.2,3.2,3.2,2.9,3.2,3.7783505154639174,3.2,3.2,3.2,3.2,3.2,3.2,3.7621243523316066,3.2,3.2,3.2,3.2,2.9,2.9,3.7491847826086957,2.9,2.9,
1132,LIMAU NIPIS,1kg,BARANGAN SEGAR,BUAH-BUAHAN,7.266666666666667,7.266666666666667,7.266666666666667,7.266666666666667,7.266666666666667,7.163333333333334,7.905984251968504,5.745,5.745,5.445,5.445,6.963333333333334,6.963333333333334,7.963333333333333,7.163333333333334,7.163333333333334,7.163333333333334,7.163333333333334,7.163333333333334,7.163333333333334,7.996716417910448,7.163333333333334,7.466666666666666,7.466666666666666,7.266666666666667,7.266666666666667,8.45,8.048387096774194,7.466666666666666,6.2,
1135,KICAP MANIS ADABI,340ml,BARANGAN BERBUNGKUS,KICAP DAN SOS,,,,,,,5.040823529411765,,,,,,,5.044011976047904,,,,,,,5.051556886227545,,,,,,,5.054730538922156,,,
1136,KICAP MASIN ADABI,340ml,BARANGAN BERBUNGKUS,KICAP DAN SOS,,,,,,,4.965367647058823,,,,,,,4.958394160583941,,,,,,,4.967913669064748,,,,,,,4.96978102189781,,,
1137,SOS CILI THAI LIFE,360g,BARANGAN BERBUNGKUS,KICAP DAN SOS,,,,,,,4.962048780487805,,,,,,,4.968058252427185,,,,,,,4.976057692307692,,,,,,,4.984881516587677,,,
1138,SOS TIRAM MAGGI,340 g,BARANGAN BERBUNGKUS,KICAP DAN SOS,,,,,,,5.743385826771653,,,,,,,5.73724907063197,,,,,,,5.7435315985130115,,,,,,,5.755682656826568,,,
1139,SOS TOMATO LIFE,330 g,BARANGAN BERBUNGKUS,KICAP DAN SOS,,,,,,,4.223108108108108,,,,,,,4.223356164383562,,,,,,,4.218859060402685,,,,,,,4.2230405405405405,,,
1140,MARJERIN PLANTA,240 g,BARANGAN BERBUNGKUS,SAPUAN (SPREADS),,,,,,,7.19991935483871,,,,,,,7.206434426229508,,,,,,,7.201572580645161,,,,,,,7.198301158301158,,,
1141,MARJERIN DAISY,240 g,BARANGAN BERBUNGKUS,SAPUAN (SPREADS),,,,,,,5.55542288557214,,,,,,,5.558564356435643,,,,,,,5.555825242718447,,,,,,,5.560452261306533,,,
1142,SARDIN CAP ADABI (SOS TOMATO DENGAN CILI),425 g,BARANGAN BERBUNGKUS,IKAN DALAM TIN,,,,,,,9.391818181818183,,,,,,,9.389054054054053,,,,,,,9.388389261744967,,,,,,,9.372894736842106,,,
1144,MENTEGA KACANG HALUS LADY'S CHOICE,340 g,BARANGAN BERBUNGKUS,SAPUAN (SPREADS),,,,,,,15.199407407407408,,,,,,,15.189926470588235,,,,,,,15.211176470588237,,,,,,,15.223956834532375,,,
1145,NESTLE CERELAC BERAS - TIN,500 g,SUSU DAN BARANGAN BAYI,MAKANAN BAYI,,,,,,,17.003235294117648,,,,,,,17.023478260869567,,,,,,,17.019809523809524,,,,,,,17.02192118226601,,,
1151,SANTAN KELAPA JENAMA AYAM BRAND,1 liter,BARANGAN BERBUNGKUS,SANTAN (KOTAK),,,,,,,11.244671532846715,,,,,,,11.259411764705883,,,,,,,11.116715328467153,,,,,,,11.148609022556391,,,
1153,PERENCAH TOM YAM ADABI,40 g,BARANGAN BERBUNGKUS,REMPAH RATUS (BERBUNGKUS),,,,,,,2.254590909090909,,,,,,,2.2705963302752292,,,,,,,2.2805829596412557,,,,,,,2.284093023255814,,,
1355,100 PLUS (ORIGINAL),1.5 liter,MINUMAN,TERSEDIA MINUM,,,,,,,,,,,,,,,,,,,,,,,,,,,,3.7880327868852457,,,
1367,DAGING PAHA KAMBING BEBIRI IMPORT BERTULANG  (MUTTON) (AUSTRALIA),1kg,BARANGAN SEGAR,DAGING,,,,,,,35.99,,,,,,,35.99,,,,,,,35.99,,,,,,,,,,
1371,DAGING LEMBU IMPORT (BLADE),1kg,BARANGAN SEGAR,DAGING,47.8,,,47.8,47.8,47.8,47.8,47.8,47.8,47.8,47.8,,47.8,,,,,,,,,,,,,,,,,47.8,47.8
1373,DAGING LEMBU IMPORT (KNUCKLE),1kg,BARANGAN SEGAR,DAGING,,,,,,,44.9,,,,,,,44.9,,,,,,,,,,,,,,44.9,,,
1375,DAGING KERBAU IMPORT (INDIA) * (SILVERSIDE),1kg,BARANGAN SEGAR,DAGING,,,,,,,21.029999999999998,,,,,,,21.58285714285714,,,,,,,21.58285714285714,,,,,,,21.58285714285714,,,
1376,DAGING KERBAU IMPORT (INDIA) * (RUMP),1kg,BARANGAN SEGAR,DAGING,,,,,,,21.225,,,,,,,20.7,,,,,,,21.56,,,,,,,21.075,,,
1377,DAGING KERBAU IMPORT (INDIA) * (BLADE),1kg,BARANGAN SEGAR,DAGING,,,,,,,23.755714285714284,,,,,,,24.013076923076923,,,,,,,23.738,,,,,,,24.18166666666667,,,
1378,DAGING KERBAU IMPORT (INDIA) * (CHUCK),1kg,BARANGAN SEGAR,DAGING,,,,,,,23.494999999999997,,,,,,,22.996666666666666,,,,,,,22.8725,,,,,,,22.996666666666666,,,
1379,DAGING BABI (PERUT / BELLY),1kg,BARANGAN SEGAR,DAGING,31.9,31.9,31.9,31.9,31.9,31.9,31.9,31.9,31.9,31.9,31.9,,31.9,31.9,31.9,31.9,31.9,31.9,31.9,31.9,31.9,31.9,31.9,31.9,31.9,31.9,31.9,31.9,31.9,31.9,31.9
1380,DAGING BABI (DAGING & LEMAK / LEAN & FAT),1kg,BARANGAN SEGAR,DAGING,31.9,31.9,31.9,31.9,31.9,31.9,31.9,31.9,31.9,31.9,31.9,,31.9,31.9,31.9,31.9,31.9,31.9,31.9,31.9,31.9,31.9,31.9,31.9,31.9,31.9,31.9,31.9,31.9,31.9,31.9
1391,UDANG PUTIH BESAR/BANANA PRAWN (BERAT ANTARA 41 EKOR HINGGA 60 EKOR SEKILOGRAM),1kg,BARANGAN SEGAR,BAHAN LAUT,,,,,,,35.0,,,,,,,30.0,,,,,,,30.0,,,,,,,,,,
1396,KUBIS BULAT IMPORT (INDONESIA),1kg,BARANGAN SEGAR,SAYUR-SAYURAN,2.99,2.99,2.99,2.99,3.99,3.99,,3.99,3.99,3.99,3.99,3.99,3.99,3.99,3.99,3.99,3.99,3.99,3.99,3.99,3.99,3.99,3.99,3.99,3.99,3.99,3.99,,3.99,3.99,
1399,BAWANG PERAI (LEEK) TEMPATAN,1kg,BARANGAN SEGAR,SAYUR-SAYURAN,,,,,,,8.594166666666666,7.5,7.5,7.5,7.5,,,8.664,,,7.9,7.9,7.9,8.5,8.784545454545453,8.5,8.5,8.5,,,,8.45,,,
1400,BAWANG PERAI (LEEK) IMPORT,1kg,BARANGAN SEGAR,SAYUR-SAYURAN,,15.5,17.65,16.5,16.5,16.5,18.241818181818182,19.8,19.8,16.7,16.7,16.9,19.9,17.306666666666665,19.9,19.9,19.9,21.35,21.35,19.85,18.796666666666667,19.85,19.85,19.85,19.85,22.8,22.8,18.645833333333332,,,
1412,KUBIS PANJANG CHINA - BESAR,1kg,BARANGAN SEGAR,SAYUR-SAYURAN,6.49,6.49,6.293333333333334,6.293333333333334,6.626666666666668,6.99,6.7285416666666675,6.626666666666668,6.626666666666668,6.626666666666668,6.626666666666668,5.960000000000001,5.960000000000001,6.617000000000001,6.960000000000001,6.960000000000001,6.960000000000001,6.960000000000001,6.960000000000001,6.960000000000001,6.703777777777778,7.245,5.99,5.99,5.826666666666667,7.245,7.245,6.68804347826087,6.245,6.245,
1419,KACANG DAL BIASA (INDIA),1kg,BARANGAN KERING,KACANG,,,,,,,6.325,,,,,,,6.466666666666667,,,,,,,6.466666666666667,,,,,,,6.5,,,
1420,KACANG DAL MALAVI (INDIA),1kg,BARANGAN KERING,KACANG,14.9,14.9,14.9,14.9,14.9,14.9,13.140454545454547,14.9,14.9,14.9,14.9,14.9,14.9,13.117727272727274,14.9,14.9,14.9,14.9,14.9,14.9,13.069130434782608,14.9,14.9,14.9,14.9,14.9,14.9,13.069130434782608,14.9,14.9,
1422,KACANG DAL (AUSTRALIA),1kg,BARANGAN KERING,KACANG,5.866666666666667,5.866666666666667,5.866666666666667,5.866666666666667,5.866666666666667,5.866666666666667,5.045,6.85,5.866666666666667,5.866666666666667,5.866666666666667,5.4,5.866666666666667,5.049024390243902,5.866666666666667,5.866666666666667,5.866666666666667,5.866666666666667,5.866666666666667,5.866666666666667,5.014576271186441,6.85,6.85,6.85,6.85,6.85,6.85,4.74424778761062,5.0,5.0,5.0
1431,DAGING LEMBU TEMPATAN (BAHAGIAN 1 DAGING PAHA (KECUALI BATANG PINANG - TENDERLOIN),1kg,BARANGAN SEGAR,DAGING,,,,,,,36.0,,,,,,,36.0,,,,,,,36.0,,,,,,,,,,
1432,DAGING LEMBU TEMPATAN (BAHAGIAN 2 DAGING PEJAL (KECUALI BATANG PINANG - TENDERLOIN),1kg,BARANGAN SEGAR,DAGING,,,,,,,36.0,,,,,,,36.0,,,,,,,36.0,,,,,,,,,,
1436,IKAN KERISI (ANTARA 5 HINGGA 10 EKOR SEKILOGRAM),1kg,BARANGAN SEGAR,BAHAN LAUT,16.5,16.5,,,,17.9,16.79,16.9,17.9,18.9,16.9,17.4,16.4,16.329122807017544,17.933333333333334,17.933333333333334,17.266666666666666,17.266666666666666,17.599999999999998,17.933333333333334,16.73,15.9,17.95,17.599999999999998,15.9,15.399999999999999,13.9,16.49735849056604,,16.2,
1437,IKAN SIAKAP (ANTARA 2 HINGGA 4 EKOR SEKILOGRAM),1kg,BARANGAN SEGAR,BAHAN LAUT,14.9,14.9,14.9,14.9,14.9,14.9,19.865714285714287,,,14.9,14.9,14.9,14.9,19.581875,14.9,14.9,14.9,14.9,14.9,14.9,19.42375,14.9,14.9,15.9,15.9,15.9,15.9,19.37183673469388,15.9,15.9,
1438,IKAN TENGGIRI BATANG (KEPINGAN),1kg,BARANGAN SEGAR,BAHAN LAUT,,,,,,,42.977333333333334,38.9,38.9,,,,,42.0635,,,,,,,40.98350000000001,33.9,,,,,,40.98166666666666,,,
1440,BAWANG BESAR IMPORT (INDIA),1kg,BARANGAN KERING,BAWANG,,,,,,,5.586902654867257,,,,,,,5.5521052631578955,,4.2,4.2,4.2,4.2,4.2,5.571061946902654,5.85,5.85,5.85,5.85,5.85,5.85,4.919714285714286,4.6,4.6,4.2
1441,BAWANG BESAR IMPORT (CHINA),1kg,BARANGAN KERING,BAWANG,3.8,3.8,3.8,3.8,3.8,3.8,4.5259375,3.8,3.8,,,,4.2,4.447647058823529,4.2,,,,,,4.502972972972973,,,,,,,4.34918918918919,,,
1442,BAWANG KECIL MERAH BIASA IMPORT (INDIA),1kg,BARANGAN KERING,BAWANG,4.9,4.9,4.9,4.9,4.9,4.9,6.1419999999999995,5.2,5.2,5.2,5.2,5.4,5.4,6.188409090909091,5.4,5.4,5.4,5.4,5.4,5.4,6.22219512195122,6.4,6.4,6.4,6.4,6.4,6.4,5.485121951219512,5.45,5.45,
1443,BAWANG KECIL MERAH IMPORT (CHINA),1kg,BARANGAN KERING,BAWANG,,,,,,,6.4,,,,,,,6.4,,,,,,,6.0,,,,,,,6.0,,,
1444,BAWANG KECIL MERAH IMPORT (MYANMAR),1kg,BARANGAN KERING,BAWANG,,,,,,,6.495,,,,,,,5.830000000000001,,,,,,,5.736,,,,,,,5.46,,,
1445,BERAS CAP FAIZA EMAS (SST5%),10 kg,BARANGAN BERBUNGKUS,BERAS,,,,,,,39.9,,,,,,,,,,,,,,,,,,,,,,,,
1458,KUBIS BULAT IMPORT (BEIJING),1kg,BARANGAN SEGAR,SAYUR-SAYURAN,5.493333333333333,5.745,5.745,5.745,5.745,5.745,5.85864077669903,5.745,5.745,5.745,5.745,5.493333333333333,5.745,5.847943925233645,5.8725000000000005,5.8725000000000005,5.8725000000000005,5.8725000000000005,5.8725000000000005,5.8725000000000005,6.078910891089109,5.595000000000001,5.293333333333334,5.495,5.495,5.495,5.495,6.262523364485982,5.996666666666667,5.6225000000000005,6.5
1463,KRIMER SEJAT CARNATION,390g,BARANGAN BERBUNGKUS,KRIMER DAN SUSU TEPUNG,,,,,,,4.009819277108433,,,,,,,4.005329341317365,,,,,,,3.9596449704142014,,,,,,,3.9528571428571433,,,
1474,BERAS BASMATHI - FAIZA (KASHMIR),5 kg,BARANGAN BERBUNGKUS,BERAS,,,,,,,32.75148514851485,,,,,,,32.90510638297872,,,,,,,32.12904761904762,,,,,,,32.271649484536084,,,
1475,IKAN BAWAL PUTIH (ANTARA 2 HINGGA 5 EKOR SEKILOGRAM),1kg,BARANGAN SEGAR,BAHAN LAUT,,,,27.9,27.9,27.9,37.495000000000005,,,,,,,32.995000000000005,,,,,,,38.5,,,,,,,34.495000000000005,,,
1476,IKAN KEMBUNG (ANTARA 8 HINGGA 12 EKOR SEKILOGRAM),1kg,BARANGAN SEGAR,BAHAN LAUT,10.9,10.9,14.399999999999999,14.399999999999999,14.399999999999999,12.9,17.044186046511626,14.899999999999999,14.2,12.9,14.399999999999999,11.5,13.9,16.32404761904762,13.9,12.9,10.9,10.9,10.9,10.9,16.211944444444445,10.9,10.9,14.899999999999999,14.899999999999999,15.399999999999999,15.399999999999999,16.87511111111111,,13.2,10.9
1477,IKAN MABUNG (ANTARA 6 HINGGA 10 EKOR SEKILOGRAM),1kg,BARANGAN SEGAR,BAHAN LAUT,16.2,15.7,,13.9,13.9,15.2,17.571739130434782,,15.9,14.9,15.9,15.9,15.9,17.751666666666665,15.9,15.9,14.9,14.9,14.9,14.9,17.916666666666668,,21.9,,13.9,,,17.6225,15.5,16.9,
1479,BROKOLI,1kg,BARANGAN SEGAR,SAYUR-SAYURAN,16.566666666666666,16.566666666666666,15.2975,16.23,15.2975,16.0475,16.11509433962264,15.7975,16.0475,16.2975,16.0475,14.93,16.0475,16.28132075471698,15.8975,16.896666666666665,16.0475,16.0475,16.0475,16.0475,16.69256880733945,15.7975,16.5475,16.2975,16.2975,17.563333333333333,17.563333333333333,16.061,16.896666666666665,16.896666666666665,18.8
1481,KUBIS BUNGA (CAULIFLOWER),1kg,BARANGAN SEGAR,SAYUR-SAYURAN,11.9225,12.463333333333333,11.6725,11.6725,11.596666666666666,11.596666666666666,13.401209677419354,11.93,12.263333333333334,12.7225,12.7225,11.463333333333333,12.2225,13.342348484848486,11.796666666666667,11.13,11.796666666666667,12.2225,13.463333333333333,13.463333333333333,13.238955223880597,12.796666666666667,12.796666666666667,12.2225,12.2225,12.796666666666667,12.796666666666667,12.804695652173912,13.633333333333333,14.0,15.5
1482,KUBIS PANJANG (TEMPATAN),1kg,BARANGAN SEGAR,SAYUR-SAYURAN,,,,,,,6.337741935483871,,,,,,,7.085666666666667,,,,,,,7.392068965517241,,,,,,,7.623076923076923,,,
1483,MEE KUNING BASAH (PELBAGAI JENAMA),+-450g,BARANGAN SEGAR,MEE/KUETIAU,1.7333333333333334,1.7333333333333334,1.7333333333333334,1.7333333333333334,1.7333333333333334,1.7333333333333334,1.7715032679738563,1.7333333333333334,1.7333333333333334,1.7333333333333334,1.7333333333333334,1.75,1.7333333333333334,1.7766242038216562,1.7333333333333334,1.7333333333333334,1.7333333333333334,1.7333333333333334,1.7333333333333334,1.7333333333333334,1.780125,1.7333333333333334,1.7333333333333334,1.7333333333333334,1.7333333333333334,1.7333333333333334,1.7333333333333334,1.7769426751592359,1.7333333333333334,1.7333333333333334,1.7
1484,KUETIAU BASAH (PELBAGAI JENAMA),+-450g,BARANGAN SEGAR,MEE/KUETIAU,1.7,1.7,1.7,1.7,1.7,1.7,1.751145038167939,1.7,1.7,1.7,1.7,1.7,1.7,1.7519685039370079,1.7,1.7,1.7,1.7,1.7,1.7,1.753515625,1.7,1.7,1.7,1.7,1.7,1.7,1.748515625,1.7,1.7,1.7
1485,EPAL HIJAU GRANNY SMITH (SAIZ M),1 biji,BARANGAN SEGAR,BUAH-BUAHAN,1.5,1.5,1.5,1.5,1.5,1.5,1.564,,,,,,,1.5392857142857144,,,,,,,1.54,,,,,,,1.5345454545454544,,,
1486,EPAL MERAH RED DELICIOUS (SAIZ M),1 biji,BARANGAN SEGAR,BUAH-BUAHAN,,,,,,,0.99,,,,,,,0.99,,,,,,,0.99,,,,,,,0.99,,,
1487,OREN VALENCIA (SAIZ M),1 biji,BARANGAN SEGAR,BUAH-BUAHAN,,,,,,,1.9114285714285713,,,,,,,1.9799999999999998,,,,,,,1.8411111111111111,,,,,,,1.8599999999999999,,,
1489,ASAM JAWA (BERBIJI) PELBAGAI JENAMA,200 g,BARANGAN BERBUNGKUS,REMPAH RATUS (BERBUNGKUS),,,,,,,1.4409047619047617,,,,,,,1.4504784688995214,,,,,,,1.4492890995260663,,,,,,,1.4372596153846153,,,
1491,BERAS PULUT THAILAND (SUSU) PELBAGAI JENAMA,1kg,BARANGAN BERBUNGKUS,BERAS,,,,,,,7.123693693693694,,,,,,,7.10957264957265,,,,,,,7.089741379310345,,,,,,,7.10695652173913,,,
1492,BERAS PULUT THAILAND (BIASA) PELBAGAI JENAMA,1kg,BARANGAN BERBUNGKUS,BERAS,,,,,,,6.746496350364963,,,,,,,6.734589041095891,,,,,,,6.707094594594595,,,,,,,6.708620689655173,,,
1494,ROTI GARDENIA BREAKTHRU - ROTI GANDUM PENUH,400 g,BARANGAN BERBUNGKUS,ROTI,,,,,,,4.0,,,,,,,4.0,,,,,,,4.0,,,,,,,4.0,,,
1498,TEPUNG JAGUNG (PELBAGAI JENAMA),400 g,BARANGAN BERBUNGKUS,TEPUNG,,,,,,,2.0574452554744527,,,,,,,2.0700364963503652,,,,,,,2.0667028985507243,,,,,,,2.0712267657992567,,,
1505,DUTCH LADY UHT COKLAT (KOTAK),200 ml,MINUMAN,TERSEDIA MINUM,,,,,,,,,,,,,,,,,,,,,,,,,,,,1.940864864864865,,,
1506,DUTCH LADY UHT FULL CREAM (KOTAK),200 ml,MINUMAN,TERSEDIA MINUM,,,,,,,,,,,,,,,,,,,,,,,,,,,,1.9417613636363635,,,
1507,COCA COLA (TIN),320 ml,MINUMAN,TERSEDIA MINUM,,,,,,,,,,,,,,,,,,,,,,,,,,,,1.9564117647058823,,,
1512,MAMEX LANGKAH 1 - RUMUSAN BAYI (KOTAK),600 g,SUSU DAN BARANGAN BAYI,SUSU BAYI,,,,,,,67.43076923076923,,,,,,,67.34166666666667,,,,,,,67.43076923076923,,,,,,,67.43076923076923,,,
1513,SUSTAGEN KID 3+ (VANILLA) - KOTAK,600 g,SUSU DAN BARANGAN BAYI,SUSU BAYI,,,,,,,37.15714285714286,,,,,,,37.15714285714286,,,,,,,37.36666666666667,,,,,,,37.36666666666667,,,
1514,SUSTAGEN JUNIOR 1+ (VANILLA ) - KOTAK,600 g,SUSU DAN BARANGAN BAYI,SUSU BAYI,,,,,,,38.78333333333333,,,,,,,38.85454545454545,,,,,,,38.85,,,,,,,38.85,,,
1515,HEINZ FARLEY RUSKS (ORIGINAL),120 g,SUSU DAN BARANGAN BAYI,MAKANAN BAYI,,,,,,,8.25,,,,,,,8.255882352941178,,,,,,,8.245714285714286,,,,,,,8.245714285714286,,,
1517,HEINZ APPLE PUREE,110 g,SUSU DAN BARANGAN BAYI,MAKANAN BAYI,,,,,,,7.2,,,,,,,7.2,,,,,,,7.140000000000001,,,,,,,6.95,,,
1524,BERUS GIGI COLGATE (ZIG ZAG - SOFT),1 batang,PRODUK KEBERSIHAN,PENJAGAAN DIRI,,,,,,,,,,,,,,,,,,,,,,,,,,,,4.151879699248121,,,
1525,BERUS GIGI ORAL B (COMPLETE EASY CLEAN - SOFT),1 batang,PRODUK KEBERSIHAN,PENJAGAAN DIRI,,,,,,,,,,,,,,,,,,,,,,,,,,,,4.23469387755102,,,
1539,SABUN PENCUCI KUAT HARIMAU (LEMON),400 g,PRODUK KEBERSIHAN,PENJAGAAN RUMAH,,,,,,,,,,,,,,,,,,,,,,,,,,,,2.8834579439252335,,,
1544,SERBUK NASI GORENG CINA ADABI,17 g,BARANGAN BERBUNGKUS,REMPAH RATUS (BERBUNGKUS),,,,,,,1.4006565656565655,,,,,,,1.4038,,,,,,,1.403781094527363,,,,,,,1.4043627450980392,,,
1545,PERENCAH NASI GORENG IKAN BILIS SERI AJI,26G,BARANGAN BERBUNGKUS,REMPAH RATUS (BERBUNGKUS),,,,,,,1.351470588235294,,,,,,,1.358074074074074,,,,,,,1.3495522388059702,,,,,,,1.35,,,
1547,PEPSI COLA (TIN),320 ml,MINUMAN,TERSEDIA MINUM,,,,,,,,,,,,,,,,,,,,,,,,,,,,1.773495145631068,,,
1550,PAHA AYAM (CHICKEN DRUMSTICK),1kg,BARANGAN SEGAR,AYAM,13.9,13.9,13.9,13.9,13.9,13.9,15.353720930232559,13.9,13.05,13.05,13.05,13.9,13.9,15.385952380952382,13.4,13.4,13.4,13.4,13.4,13.4,15.473902439024389,13.4,13.4,13.4,13.4,,,15.4285,12.9,12.9,
1551,DADA AYAM (CHICKEN KEEL) (1KG),1kg,BARANGAN SEGAR,AYAM,12.4,12.4,12.4,11.9,11.9,11.9,14.52157894736842,11.9,11.9,11.9,11.9,11.9,11.9,14.34897435897436,11.9,11.9,11.9,11.9,11.9,11.9,14.392894736842104,11.9,11.9,11.9,11.9,11.9,11.9,14.574054054054054,11.9,12.4,
1552,THIGH AYAM,1kg,BARANGAN SEGAR,AYAM,10.4,10.4,10.4,10.4,10.4,10.4,13.82,10.4,9.9,10.4,10.4,10.4,10.4,13.755333333333333,10.4,10.4,10.4,10.4,10.4,10.4,13.911666666666667,9.9,9.9,10.4,10.4,10.4,10.4,13.51,9.9,10.4,
1553,WHOLE LEG AYAM,1kg,BARANGAN SEGAR,AYAM,13.65,13.65,13.65,13.65,13.65,13.65,14.593880597014925,13.65,13.9,13.9,13.9,13.05,13.65,14.594000000000001,13.65,13.65,13.65,13.9,13.9,13.9,14.631666666666668,13.9,13.65,13.65,13.65,13.799999999999999,13.799999999999999,14.658636363636363,14.25,13.799999999999999,15.6
1554,IKAN MERAH (KEPINGAN),1kg,BARANGAN SEGAR,BAHAN LAUT,,44.9,,,,,44.897000000000006,,49.9,,,,49.9,45.74875,49.9,49.9,49.9,49.9,49.9,49.9,44.789,36.9,39.4,41.9,41.9,41.9,41.9,44.33111111111111,49.9,49.9,
1555,UDANG PUTIH/VANNAMEI (TERNAK) (ANTARA 41 HINGGA 60 EKOR SEKILOGRAM),1kg,BARANGAN SEGAR,BAHAN LAUT,32.9,32.266666666666666,31.933333333333334,31.599999999999998,32.93333333333333,32.9,34.904999999999994,35.45,33.9,32.9,33.9,30.9,30.9,35.538125,33.9,32.9,32.9,32.4,33.9,33.9,35.59985074626866,32.9,33.9,33.9,31.9,31.9,31.9,35.1803125,31.9,33.9,
1556,BAYAM HIJAU,1kg,BARANGAN SEGAR,SAYUR-SAYURAN,4.99,4.99,4.99,4.99,4.99,4.99,5.922567567567567,3.99,5.49,4.99,4.99,4.99,4.99,6.253552631578947,5.99,5.99,5.99,5.99,5.99,5.99,6.332463768115942,5.99,6.49,6.49,6.49,6.49,6.49,6.4225,6.49,6.49,
1557,BAYAM MERAH,1kg,BARANGAN SEGAR,SAYUR-SAYURAN,5.245,5.245,5.745,3.99,5.745,5.745,5.84037037037037,3.99,5.49,5.745,5.745,5.745,5.745,6.426551724137931,5.99,5.99,6.745,6.745,6.745,7.5,6.872692307692308,7.5,8.0,6.995,6.995,6.995,6.995,6.977777777777778,5.99,5.99,
1558,SAWI HIJAU,1kg,BARANGAN SEGAR,SAYUR-SAYURAN,4.49,4.49,4.49,4.49,4.49,4.49,6.320263157894737,3.99,6.49,5.99,5.99,5.99,5.99,6.168596491228071,4.96,5.49,5.99,5.99,5.493333333333333,5.493333333333333,6.3607086614173225,6.49,6.49,6.49,6.49,6.745,6.745,6.74965811965812,6.745,6.245,
1559,KANGKUNG,1kg,BARANGAN SEGAR,SAYUR-SAYURAN,4.49,4.49,4.49,4.49,4.49,4.49,5.879883720930232,3.99,4.99,4.49,4.49,3.99,4.99,6.168461538461539,5.99,5.99,5.99,5.99,5.99,5.99,6.118681318681318,6.49,6.49,6.49,6.49,6.49,6.49,6.108481012658228,6.99,6.49,
1560,KAILAN,1kg,BARANGAN SEGAR,SAYUR-SAYURAN,10.245000000000001,11.245000000000001,11.245000000000001,11.245000000000001,11.445,11.445,9.880757575757576,8.9,8.9,7.9,6.9,6.9,6.9,9.859130434782609,,,,5.5,5.5,5.5,9.298387096774194,,,,11.0,11.0,11.0,9.735322580645162,,8.75,
1561,TAUGE KACANG HIJAU,1kg,BARANGAN SEGAR,SAYUR-SAYURAN,3.9,3.8666666666666667,3.8666666666666667,3.8666666666666667,3.8666666666666667,3.9,4.200655737704918,3.8666666666666667,3.8666666666666667,3.8666666666666667,3.8666666666666667,2.8,3.8666666666666667,4.224227642276423,3.8666666666666667,3.8666666666666667,3.8666666666666667,3.8666666666666667,3.8666666666666667,3.8666666666666667,4.225403225806452,3.9,3.8666666666666667,3.8666666666666667,3.8666666666666667,4.4,4.4,4.308099173553718,3.3,3.8666666666666667,3.8
1562,UDANG KERING,100 g,BARANGAN KERING,HASIL LAUT KERING,8.063333333333334,8.063333333333334,8.063333333333334,8.063333333333334,8.063333333333334,8.063333333333334,7.696829268292682,8.063333333333334,8.063333333333334,8.063333333333334,8.063333333333334,7.195,8.063333333333334,7.70175,8.063333333333334,8.063333333333334,8.063333333333334,7.195,7.195,7.195,7.633421052631578,8.063333333333334,8.063333333333334,8.063333333333334,8.063333333333334,8.063333333333334,8.063333333333334,7.691621621621622,8.063333333333334,8.063333333333334,9.8
1563,SOTONG KERING (SAIZ SERDAHANA),1kg,BARANGAN KERING,HASIL LAUT KERING,,,,,,,71.88888888888889,,,,,,,76.1875,,,,,,,76.1875,,,,,,,76.1875,,,
1564,BAWANG PUTIH IMPORT (CHINA),1kg,BARANGAN KERING,BAWANG,11.866666666666667,11.866666666666667,11.866666666666667,11.866666666666667,11.866666666666667,11.533333333333333,12.560588235294118,11.533333333333333,11.533333333333333,11.533333333333333,11.533333333333333,12.4,11.533333333333333,12.513152709359606,11.533333333333333,11.533333333333333,11.533333333333333,11.533333333333333,11.533333333333333,11.533333333333333,12.569452736318409,12.066666666666668,12.066666666666668,12.066666666666668,12.066666666666668,11.850000000000001,12.066666666666668,12.558697916666667,11.533333333333333,11.533333333333333,9.8
1567,SERBUK KARI DAGING (TIDAK BERBUNGKUS),100 g,BARANGAN BERBUNGKUS,REMPAH RATUS (TIDAK BERBUNGKUS),,,,,,,,,,,,,,,,,,,,,,,,,,,,5.9,,,
1568,SERBUK KARI IKAN ADABI,250 g,BARANGAN BERBUNGKUS,REMPAH RATUS (BERBUNGKUS),,,,,,,6.61206611570248,,,,,,,6.6335146443514645,,,,,,,6.632875,,,,,,,6.636887966804979,,,
1569,SERBUK KARI IKAN ALAGAPPAS,250 g,BARANGAN BERBUNGKUS,REMPAH RATUS (BERBUNGKUS),,,,,,,5.731463414634146,,,,,,,5.731463414634146,,,,,,,5.731463414634146,,,,,,,5.749761904761905,,,
1570,SERBUK KARI AYAM DAN DAGING ADABI,250 g,BARANGAN BERBUNGKUS,REMPAH RATUS (BERBUNGKUS),,,,,,,6.383636363636364,,,,,,,6.389031141868513,,,,,,,6.369006849315069,,,,,,,6.445035714285715,,,
1571,SERBUK KARI DAGING ALAGAPPAS,250 g,BARANGAN BERBUNGKUS,REMPAH RATUS (BERBUNGKUS),,,,,,,5.653488372093023,,,,,,,5.653488372093023,,,,,,,5.653488372093023,,,,,,,5.653488372093023,,,
1572,SERBUK KARI DAGING BABAS,250 g,BARANGAN BERBUNGKUS,REMPAH RATUS (BERBUNGKUS),,,,,,,6.211337792642141,,,,,,,6.220918367346939,,,,,,,6.200847457627119,,,,,,,6.203082191780822,,,
1573,SERBUK KURMA AYAM & DAGING ADABI,250 g,BARANGAN BERBUNGKUS,REMPAH RATUS (BERBUNGKUS),,,,,,,8.92125541125541,,,,,,,8.919824561403509,,,,,,,8.922198275862069,,,,,,,8.948370044052863,,,
1575,SERBUK KURMA BABAS,125 g,BARANGAN BERBUNGKUS,REMPAH RATUS (BERBUNGKUS),,,,,,,3.947086956521739,,,,,,,3.951111111111111,,,,,,,3.9469565217391303,,,,,,,3.94890350877193,,,
1576,SERBUK KARI KURMA ALAGAPPAS,200 g,BARANGAN BERBUNGKUS,REMPAH RATUS (BERBUNGKUS),,,,,,,5.85,,,,,,,5.85,,,,,,,5.85,,,,,,,5.85,,,
1577,SERBUK PERENCAH SUP ADABI,250 g,BARANGAN BERBUNGKUS,REMPAH RATUS (BERBUNGKUS),,,,,,,8.920798319327732,,,,,,,8.937029288702927,,,,,,,8.930502092050208,,,,,,,8.950622406639004,,,
1578,SERBUK REMPAH SUP MAK SITI,250 g,BARANGAN BERBUNGKUS,REMPAH RATUS (BERBUNGKUS),,,,,,,12.582083333333335,,,,,,,12.6825,,,,,,,12.6832,,,,,,,12.690833333333332,,,
1579,SERBUK SUP FAIZA,220 g,BARANGAN BERBUNGKUS,REMPAH RATUS (BERBUNGKUS),,,,,,,6.206885245901639,,,,,,,6.183934426229508,,,,,,,6.207166666666667,,,,,,,6.230500000000001,,,
1582,BERAS CAP JASMINE (SST5%),10 kg,BARANGAN BERBUNGKUS,BERAS,,,,,,,,,,,,,,26.0,,,,,,,,,,,,,,,,,
1583,BERAS SUPER CAP JATI TWR  5% (IMPORT),10 kg,BARANGAN BERBUNGKUS,BERAS,,,,,,,37.99047619047619,,,,,,,37.815,,,,,,,37.8,,,,,,,37.92916666666667,,,
1585,BIHUN KERING IMPORT (CAP BINTANG),400 g,BARANGAN BERBUNGKUS,BIHUN,,,,,,,3.644848484848485,,,,,,,3.6367346938775507,,,,,,,3.6428999999999996,,,,,,,3.648979591836735,,,
1586,ROTI SANDWICH MASSIMO DENGAN GERMA GANDUM,400 g,BARANGAN BERBUNGKUS,ROTI,,,,,,,3.4760416666666667,,,,,,,3.471578947368421,,,,,,,3.4718750000000003,,,,,,,3.475268817204301,,,
1587,GULA HALUS CASTOR (PELBAGAI JENAMA),+- 500g,BARANGAN BERBUNGKUS,GULA,,,,,,,3.35359375,,,,,,,3.361875,,,,,,,3.363064516129032,,,,,,,3.3529032258064517,,,
1588,GULA MERAH LEMBUT (PELBAGAI JENAMA),+- 500g,BARANGAN BERBUNGKUS,GULA,,,,,,,3.7813333333333334,,,,,,,3.7994927536231886,,,,,,,3.7856115107913673,,,,,,,3.766296296296296,,,
1589,GULA PUTIH BERTAPIS KASAR (PELBAGAI JENAMA),1kg,BARANGAN BERBUNGKUS,GULA,,,,,,,2.85,,,,,,,2.85,,,,,,,2.85,,,,,,,2.85,,,
1590,GULA PUTIH BERTAPIS HALUS (PELBAGAI JENAMA),1kg,BARANGAN BERBUNGKUS,GULA,,,,,,,2.95,,,,,,,2.95,,,,,,,2.95,,,,,,,2.95,,,
1591,TEPUNG BERAS (PELBAGAI JENAMA),500 g,BARANGAN BERBUNGKUS,TEPUNG,,,,,,,2.599054054054054,,,,,,,2.598533333333333,,,,,,,2.6020608108108108,,,,,,,2.600635451505017,,,
1593,TEPUNG GANDUM GP (BERBUNGKUS) PELBAGAI JENAMA,1kg,BARANGAN BERBUNGKUS,TEPUNG,,,,,,,3.0625,,,,,,,3.0625,,,,,,,3.0833333333333335,,,,,,,3.0833333333333335,,,
1594,TEPUNG PULUT (PELBAGAI JENAMA),500 g,BARANGAN BERBUNGKUS,TEPUNG,,,,,,,3.6678671328671326,,,,,,,3.672412587412587,,,,,,,3.6694501718213055,,,,,,,3.6629225352112678,,,
1595,MINYAK JAGUNG CAP DAISY,2 kg,BARANGAN BERBUNGKUS,MINYAK DAN LEMAK,,,,,,,30.532345679012344,,,,,,,30.50911392405063,,,,,,,30.508888888888887,,,,,,,30.516296296296293,,,
1596,MINYAK JAGUNG CAP MAZOLA,2 kg,BARANGAN BERBUNGKUS,MINYAK DAN LEMAK,,,,,,,25.3,,,,,,,25.3,,,,,,,24.245609756097558,,,,,,,24.149756097560974,,,
1597,MINYAK JAGUNG CAP VECORN,2 kg,BARANGAN BERBUNGKUS,MINYAK DAN LEMAK,,,,,,,29.67529411764706,,,,,,,29.668484848484848,,,,,,,29.570625,,,,,,,29.57571428571428,,,
1598,MINYAK MASAK SEBATIAN CAP HELANG,2 kg,BARANGAN BERBUNGKUS,MINYAK DAN LEMAK,,,,,,,15.223613445378152,,,,,,,15.239830508474576,,,,,,,15.211848739495798,,,,,,,15.163728813559324,,,
1599,MINYAK MASAK SEBATIAN CAP NEPTUNE,2 kg,BARANGAN BERBUNGKUS,MINYAK DAN LEMAK,,,,,,,15.428571428571429,,,,,,,15.428571428571429,,,,,,,15.3125,,,,,,,15.3125,,,
1600,MINYAK MASAK SEBATIAN CAP PISAU,2 kg,BARANGAN BERBUNGKUS,MINYAK DAN LEMAK,,,,,,,15.056857142857144,,,,,,,15.059333333333333,,,,,,,15.092706766917292,,,,,,,15.069645390070923,,,
1601,MINYAK MASAK TULEN CAP BURUH,2 kg,BARANGAN BERBUNGKUS,MINYAK DAN LEMAK,,,,,,,13.13682634730539,,,,,,,13.13587570621469,,,,,,,13.139375000000001,,,,,,,13.136424581005587,,,
1602,MINYAK MASAK TULEN CAP VESAWIT,2 kg,BARANGAN BERBUNGKUS,MINYAK DAN LEMAK,,,,,,,13.269200000000001,,,,,,,13.271125000000001,,,,,,,13.268227848101267,,,,,,,13.279875,,,
1603,MINYAK SAPI CAP WINDMILL GHEEBLEND,400 g,BARANGAN BERBUNGKUS,MINYAK DAN LEMAK,,,,,,,18.159999999999997,,,,,,,18.138743455497384,,,,,,,18.168376963350784,,,,,,,18.17853260869565,,,
1604,ASAM JAWA (TIDAK BERBIJI) ADABI,200 g,BARANGAN BERBUNGKUS,REMPAH RATUS (BERBUNGKUS),,,,,,,4.865613382899628,,,,,,,4.861895910780669,,,,,,,4.87096654275093,,,,,,,4.893947368421053,,,
1605,GARAM HALUS BIASA (PELBAGAI JENAMA),+-350g,BARANGAN BERBUNGKUS,REMPAH RATUS (BERBUNGKUS),,,,,,,1.0018791946308725,,,,,,,1.0084666666666668,,,,,,,1.01841059602649,,,,,,,1.0149019607843137,,,
1606,MENTEGA KACANG HALUS LADY'S CHOICE,500 g,BARANGAN BERBUNGKUS,SAPUAN (SPREADS),,,,,,,16.978802816901407,,,,,,,17.02888111888112,,,,,,,17.076546762589928,,,,,,,16.951605839416057,,,
1607,LEPAAN FARMCOWS,250 g,BARANGAN BERBUNGKUS,SAPUAN (SPREADS),,,,,,,5.8075213675213675,,,,,,,5.830666666666667,,,,,,,5.823228346456693,,,,,,,5.865384615384615,,,
1610,SANTAN KELAPA JENAMA M&S,500 ml,BARANGAN BERBUNGKUS,SANTAN (KOTAK),,,,,,,5.809435483870968,,,,,,,5.819586776859504,,,,,,,6.017250000000001,,,,,,,6.069495798319328,,,
1611,SANTAN KELAPA JENAMA KARA,200 ml,BARANGAN BERBUNGKUS,SANTAN (KOTAK),,,,,,,3.127355072463768,,,,,,,3.1314134275618377,,,,,,,3.1324734982332156,,,,,,,3.1341970802919707,,,
1612,SANTAN KELAPA JENAMA HARMUNI,200 ml,BARANGAN BERBUNGKUS,SANTAN (KOTAK),,,,,,,2.8847619047619046,,,,,,,2.896,,,,,,,2.892714285714286,,,,,,,2.9017187499999997,,,
1613,ESEN STAR BRAND 'PELBAGAI PERISA',25 ml,BARANGAN BERBUNGKUS,ESEN DAN RAGI,,,,,,,2.88972972972973,,,,,,,2.885546875,,,,,,,2.881679389312977,,,,,,,2.8865,,,
1615,MENTEGA ANCHOR (SALTED),227g,BARANGAN BERBUNGKUS,MENTEGA,,,,,,,13.235132743362831,,,,,,,13.599380530973452,,,,,,,13.849722222222223,,,,,,,13.848691588785046,,,
1616,MAURIPAN YIS SEGERA,11g,BARANGAN BERBUNGKUS,ESEN DAN RAGI,,,,,,,1.1575392670157068,,,,,,,1.1602061855670103,,,,,,,1.1596907216494845,,,,,,,1.1625906735751295,,,
1618,SUSU ISIAN PEKAT MANIS CAP F & N,500 g,BARANGAN BERBUNGKUS,KRIMER DAN SUSU TEPUNG,,,,,,,5.366666666666667,,,,,,,5.366666666666667,,,,,,,5.300000000000001,,,,,,,5.300000000000001,,,
1619,SUSU TEPUNG SEGERA DUTCHLADY (BIASA ),600 g,BARANGAN BERBUNGKUS,KRIMER DAN SUSU TEPUNG,,,,,,,19.97859649122807,,,,,,,19.970344827586207,,,,,,,19.96706896551724,,,,,,,19.980862068965514,,,
1628,NESTLE CERELAC GANDUM DAN MADU - KOTAK,225g,SUSU DAN BARANGAN BAYI,MAKANAN BAYI,,,,,,,9.861804123711341,,,,,,,9.845449735449735,,,,,,,9.82974358974359,,,,,,,9.822562814070352,,,
1629,NESTLE CERELAC BERAS MERAH & SUSU - TIN,350 g,SUSU DAN BARANGAN BAYI,MAKANAN BAYI,,,,,,,15.230909090909092,,,,,,,15.237681818181818,,,,,,,15.249954128440368,,,,,,,15.237803738317758,,,
1630,BERUS GIGI COLGATE (TWISTER - SOFT),1 batang,PRODUK KEBERSIHAN,PENJAGAAN DIRI,,,,,,,,,,,,,,,,,,,,,,,,,,,,4.604226804123711,,,
1635,NESTLE COFFEE-MATE,450 g,MINUMAN,BAHAN-BAHAN MINUMAN,,,,,,,,,,,,,,,,,,,,,,,,,,,,9.93124183006536,,,
1636,MILO (PAKET),400 g,MINUMAN,BAHAN-BAHAN MINUMAN,,,,,,,,,,,,,,,,,,,,,,,,,,,,9.89671755725191,,,
1637,MILO (PAKET),1kg,MINUMAN,BAHAN-BAHAN MINUMAN,,,,,,,,,,,,,,,,,,,,,,,,,,,,20.0915,,,
1638,MILO 3 IN 1 (PAKET) - ORIGINAL,30x33g,MINUMAN,BAHAN-BAHAN MINUMAN,,,,,,,,,,,,,,,,,,,,,,,,,,,,24.71775510204081,,,
1645,SERBUK KOPI CAP KAPAL API (KASAR) (BERBUNGKUS),180 g,MINUMAN,BAHAN-BAHAN MINUMAN,,,,,,,,,,,,,,,,,,,,,,,,,,,,5.131617647058824,,,
1646,SERBUK KOPI HANG TUAH ROBUSTA,200 g,MINUMAN,BAHAN-BAHAN MINUMAN,,,,,,,,,,,,,,,,,,,,,,,,,,,,5.203939393939393,,,
1647,TEH LIPTON (SERBUK),400 g,MINUMAN,BAHAN-BAHAN MINUMAN,,,,,,,,,,,,,,,,,,,,,,,,,,,,12.38359756097561,,,
1650,TEH LIPTON (UNCANG),100 beg,MINUMAN,BAHAN-BAHAN MINUMAN,,,,,,,,,,,,,,,,,,,,,,,,,,,,15.920408163265304,,,
1651,YEO'S SOYA (KOTAK),250 ml,MINUMAN,TERSEDIA MINUM,,,,,,,,,,,,,,,,,,,,,,,,,,,,1.170375939849624,,,
1804,KEPAK AYAM (CHICKEN WING) (1KG),1kg,BARANGAN SEGAR,AYAM,14.825,14.825,14.825,14.825,14.825,14.825,16.28175,14.825,15.466666666666667,15.466666666666667,14.825,14.566666666666668,14.825,16.2373417721519,14.575,15.133333333333333,15.133333333333333,15.133333333333333,15.133333333333333,14.575,16.208333333333332,14.575,14.575,14.575,14.575,14.575,14.575,16.209625,15.133333333333333,14.575,15.6
1818,KACANG BOTOL,1kg,BARANGAN SEGAR,SAYUR-SAYURAN,16.8,16.8,15.0,15.4,15.4,15.4,13.356857142857143,15.8,15.8,12.15,12.15,8.5,12.65,12.83764705882353,12.65,12.65,12.65,12.45,12.45,12.25,12.865882352941176,15.0,14.0,14.0,15.133333333333333,13.25,14.666666666666666,13.288,14.5,14.5,17.5
1819,LENGKUAS,1kg,BARANGAN SEGAR,SAYUR-SAYURAN,10.133333333333333,10.133333333333333,10.133333333333333,10.133333333333333,10.133333333333333,10.133333333333333,10.648666666666665,10.133333333333333,10.133333333333333,10.133333333333333,10.133333333333333,10.133333333333333,10.133333333333333,10.777045454545457,10.133333333333333,10.133333333333333,10.133333333333333,10.133333333333333,10.133333333333333,10.133333333333333,10.738195488721805,9.55,9.55,9.55,9.55,9.55,9.55,10.721666666666666,10.3,10.3,7.8
1820,TELUR MASIN,1 biji,BARANGAN SEGAR,TELUR,1.4,1.4,1.4,1.4,1.4,1.4,1.4020212765957445,1.4,1.4,1.4,1.4,1.4,1.4,1.3993333333333333,1.4,1.4,1.4,1.4,1.4,1.4,1.3985714285714286,1.4,1.4,1.4,1.4,1.4,1.4,1.4008433734939758,1.2,1.2,
1821,TELUR MASIN,4 Biji,BARANGAN SEGAR,TELUR,5.233333333333333,5.233333333333333,5.233333333333333,5.233333333333333,5.233333333333333,5.233333333333333,5.300515463917526,5.233333333333333,5.233333333333333,5.4,5.4,5.45,5.233333333333333,5.324623655913978,5.233333333333333,5.233333333333333,5.233333333333333,5.233333333333333,5.233333333333333,5.233333333333333,5.3153061224489795,5.233333333333333,5.233333333333333,5.233333333333333,4.85,4.85,4.85,5.454133333333333,5.233333333333333,5.233333333333333,4.8
1822,BERAS SUPER SPECIAL TEMPATAN SABAH RICE VAGAS TOKOU,10 kg,BARANGAN BERBUNGKUS,BERAS,,,,,,,28.0,,,,,,,28.0,,,,,,,,,,,,,,,,,
1823,BERAS TQR SABAH CAP TKC 5%,10 kg,BARANGAN BERBUNGKUS,BERAS,,,,,,,35.3,,,,,,,34.949999999999996,,,,,,,35.3,,,,,,,34.949999999999996,,,
1824,BERAS SUPER HUMA CAP KELISA EMAS (SABAH),10 kg,BARANGAN BERBUNGKUS,BERAS,,,,,,,33.733333333333334,,,,,,,33.78,,,,,,,33.85,,,,,,,33.85,,,
1825,BERAS SUPER CAP ANGGUR SAZARICE 5% (IMPORT THAILAND),10 kg,BARANGAN BERBUNGKUS,BERAS,,,,,,,28.58888888888889,,,,,,,28.642105263157898,,,,,,,28.6125,,,,,,,28.605882352941176,,,
1826,BERAS SUPER CAP RODA SAZARICE 5% (IMPORT THAILAND),10 kg,BARANGAN BERBUNGKUS,BERAS,,,,,,,28.288235294117644,,,,,,,28.266666666666666,,,,,,,28.26875,,,,,,,28.266666666666666,,,
1827,"TEPUNG GANDUM NGP (BERBUNGKUS, CAP MUHIBAH)",1kg,BARANGAN BERBUNGKUS,TEPUNG,,,,,,,3.710714285714286,,,,,,,3.696153846153846,,,,,,,3.696153846153846,,,,,,,3.746153846153846,,,
1828,KICAP SOYA PEKAT MANIS CAP AYAM,330 ml,BARANGAN BERBUNGKUS,KICAP DAN SOS,,,,,,,3.428125,,,,,,,3.4366666666666665,,,,,,,3.442857142857143,,,,,,,3.4366666666666665,,,
1829,BUTTERLITE (LEPA SUSU ISTIMEWA),250 g,BARANGAN BERBUNGKUS,SAPUAN (SPREADS),,,,,,,7.32,,,,,,,7.32,,,,,,,7.32,,,,,,,7.32,,,
1832,BERAS CAP GOLDEN SARAWAK (SST5%),10 kg,BARANGAN BERBUNGKUS,BERAS,,,,,,,28.233333333333334,,,,,,,28.233333333333334,,,,,,,28.4,,,,,,,28.4,,,
1833,BERAS PREMIUM CAP UNCLE TAN,10 kg,BARANGAN BERBUNGKUS,BERAS,29.5,29.5,29.5,29.5,29.5,29.5,30.68117647058823,29.5,29.5,29.5,29.5,,29.5,30.610588235294117,29.5,29.5,29.5,29.5,29.5,29.5,30.60470588235294,29.5,29.5,29.5,29.5,29.5,29.5,30.58,29.5,29.5,29.5
1837,KICAP TONG NAM (DARK SOY SAUCE),330 ml,BARANGAN BERBUNGKUS,KICAP DAN SOS,,,,,,,3.6705882352941175,,,,,,,3.6705882352941175,,,,,,,3.6285714285714286,,,,,,,3.607142857142857,,,
1838,SERBUK KARI IKAN ALAGAPPAS,200 g,BARANGAN BERBUNGKUS,REMPAH RATUS (BERBUNGKUS),,,,,,,5.983333333333333,,,,,,,5.983333333333333,,,,,,,5.992857142857143,,,,,,,5.992857142857143,,,
1839,SERBUK KARI DAGING ALAGAPPAS,200 g,BARANGAN BERBUNGKUS,REMPAH RATUS (BERBUNGKUS),,,,,,,6.2,,,,,,,6.2,,,,,,,6.17,,,,,,,6.17,,,
1849,TEPUNG NAIK SENDIRI CAP 'BLUE KEY',1kg,BARANGAN BERBUNGKUS,TEPUNG,,,,,,,5.1554166666666665,,,,,,,5.148453608247422,,,,,,,5.1414583333333335,,,,,,,5.154444444444445,,,
1851,TENOM COFFEE WANG EMAS (SERBUK),180 g,MINUMAN,BAHAN-BAHAN MINUMAN,,,,,,,,,,,,,,,,,,,,,,,,,,,,5.55,,,
1854,KORDIAL F&N SUN VALLEY (GRENADINE),2 liter,MINUMAN,BAHAN-BAHAN MINUMAN,,,,,,,,,,,,,,,,,,,,,,,,,,,,12.7272,,,
1870,"TEPUNG GANDUM NGP (BERBUNGKUS, CAP  FAIZA)",1kg,BARANGAN BERBUNGKUS,TEPUNG,,,,,,,3.6457894736842107,,,,,,,3.6527450980392153,,,,,,,3.648446601941748,,,,,,,3.6467961165048544,,,
1871,KRIMER SEJAT CAIR SAJI,390g,BARANGAN BERBUNGKUS,KRIMER DAN SUSU TEPUNG,,,,,,,3.505185185185185,,,,,,,3.508913043478261,,,,,,,3.5062857142857142,,,,,,,3.5116666666666667,,,
1872,MAYONIS SEBENAR LADY'S CHOICE,220ml,BARANGAN BERBUNGKUS,SAPUAN (SPREADS),,,,,,,7.911442307692307,,,,,,,7.878069306930692,,,,,,,7.884387755102041,,,,,,,7.8814,,,
1873,KRIMER MANIS CAP TEAPOT,500 g,BARANGAN BERBUNGKUS,KRIMER DAN SUSU TEPUNG,,,,,,,3.8707142857142856,,,,,,,3.8613793103448275,,,,,,,3.8659259259259255,,,,,,,3.8659259259259255,,,
1876,PELEMBUT PAKAIAN - DOWNY (PREMIUM PARFUM PASSION),800ml,PRODUK KEBERSIHAN,PENJAGAAN RUMAH,,,,,,,,,,,,,,,,,,,,,,,,,,,,12.260807453416149,,,
1879,SEVEN UP LEMON & LIME (TIN),320ml,MINUMAN,TERSEDIA MINUM,,,,,,,,,,,,,,,,,,,,,,,,,,,,1.7406896551724138,,,
1881,SERBUK CABAI ALAGAPPAS,230g,BARANGAN BERBUNGKUS,REMPAH RATUS (BERBUNGKUS),,,,,,,7.857142857142857,,,,,,,7.857142857142857,,,,,,,7.946666666666667,,,,,,,7.946666666666667,,,
1882,TUNA CAP AYAM (TUNA MAYONNAISE),160 g,BARANGAN BERBUNGKUS,IKAN DALAM TIN,,,,,,,7.603866666666667,,,,,,,7.603832599118943,,,,,,,7.607136363636363,,,,,,,7.606037735849057,,,
1899,CILI KERING KERINTING (BERTANGKAI/TIDAK BERTANGKAI),1kg,BARANGAN KERING,CILI KERING,20.933333333333334,20.933333333333334,20.933333333333334,20.933333333333334,20.933333333333334,20.933333333333334,24.6355223880597,20.933333333333334,20.933333333333334,20.933333333333334,20.933333333333334,20.933333333333334,20.933333333333334,24.560148148148148,20.933333333333334,20.933333333333334,20.933333333333334,20.933333333333334,20.933333333333334,20.933333333333334,24.55709219858156,20.933333333333334,19.266666666666666,19.266666666666666,21.45,21.45,21.45,24.396641791044775,19.266666666666666,19.266666666666666,
1900,CILI KERING LEPER (BERTANGKAI/TIDAK BERTANGKAI),1kg,BARANGAN KERING,CILI KERING,23.0,23.0,23.0,23.0,23.0,23.0,23.347142857142856,23.0,23.0,23.0,23.0,23.0,23.0,23.463529411764707,23.0,23.0,23.0,23.0,23.0,23.0,22.8484375,23.0,23.0,23.0,23.0,23.0,23.0,22.99566666666667,23.0,23.0,23.0
1904,DUMEX DUGRO 3 (1-3 TAHUN) PERISA ASLI (850G),850g,SUSU DAN BARANGAN BAYI,SUSU BAYI,,,,,,,27.720516431924885,,,,,,,27.602028985507246,,,,,,,27.497877358490566,,,,,,,27.559377990430622,,,
1907,DAGING KAMBING BEBIRI IMPORT BERTULANG (LAMB) (AUSTRALIA - KOTAK) (1KG),1kg,BARANGAN SEGAR,DAGING,39.8,39.8,39.8,39.8,39.8,39.8,36.44875,39.8,39.8,33.8,33.8,,33.8,36.464999999999996,33.8,33.8,33.8,33.8,33.8,33.8,36.964999999999996,33.8,33.8,33.8,33.8,33.8,33.8,36.464999999999996,33.8,,
1908,DAGING KAMBING BEBIRI IMPORT BERTULANG (LAMB) (NEW ZEALAND - KOTAK),1kg,BARANGAN SEGAR,DAGING,,,,,,,35.925,,,,,,,36.260000000000005,,,,,,,36.71666666666667,,,,,,,32.9,,,
1909,DAGING KAMBING BEBIRI IMPORT TANPA TULANG (LAMB) (TIDAK TERMASUK PAHA - AUSTRALIA),1kg,BARANGAN SEGAR,DAGING,,,,,,,68.0,,,,,,,68.0,,,,,,,68.0,,,,,,,68.0,,,
1910,DAGING KAMBING BEBIRI IMPORT TANPA TULANG (LAMB) (TIDAK TERMASUK PAHA - NEW ZEALAND),1kg,BARANGAN SEGAR,DAGING,,,,,,,68.0,,,,,,,68.0,,,,,,,68.0,,,,,,,68.0,,,
1911,DAGING PAHA KAMBING BEBIRI IMPORT BERTULANG (LAMB) (AUSTRALIA),1kg,BARANGAN SEGAR,DAGING,,,,,,,31.9,,,,,,,31.9,,,,,,,,,,,,,,,,,
1914,DAGING KERBAU IMPORT (INDIA) (BLOCK),1kg,BARANGAN SEGAR,DAGING,,,,,,,22.96,,,25.5,25.5,,25.5,22.78,25.5,25.5,25.5,25.5,25.5,25.5,22.82,25.5,25.5,25.5,25.5,25.5,25.5,22.88181818181818,25.5,25.5,25.5
1915,IKAN JENAHAK (KEPINGAN),1kg,BARANGAN SEGAR,BAHAN LAUT,36.9,,36.9,,36.9,36.9,38.31636363636364,,36.9,,,,36.9,37.76,36.9,36.9,36.9,36.9,36.9,36.9,38.42230769230769,36.9,,38.9,36.9,36.9,36.9,38.174166666666665,,,
1916,IKAN DEMUDUK/CUPAK/CERMIN (b	$ 3 EKOR SEKILOGRAM),1kg,BARANGAN SEGAR,BAHAN LAUT,,,,,,,27.890833333333333,,,,,,,27.939999999999998,,,,,,,28.41818181818182,,,,,,,28.45,,,
1917,IKAN PARANG (KEPINGAN),1kg,BARANGAN SEGAR,BAHAN LAUT,32.9,32.9,,,32.9,32.9,27.263333333333332,,32.9,,,32.9,32.9,24.596666666666664,,,,,27.9,27.9,24.445,32.9,32.9,31.9,24.9,24.9,24.9,24.596666666666664,,,
1919,UDANG PUTIH BESAR (ANTARA 20 HINGGA 30 EKOR SEKILOGRAM),1kg,BARANGAN SEGAR,BAHAN LAUT,,,,,,,43.975,,,,,,,46.5,,,,,,,43.0,,,,,,,37.9,,,
1920,KERANG (SAIZ SEDERHANA),1kg,BARANGAN SEGAR,BAHAN LAUT,13.6,13.6,13.6,13.6,13.6,13.6,15.329230769230769,13.95,13.95,13.6,13.6,13.6,13.6,15.287407407407407,13.266666666666666,13.266666666666666,13.266666666666666,13.266666666666666,12.4,12.6,14.990833333333333,12.933333333333332,12.933333333333332,12.933333333333332,12.933333333333332,12.933333333333332,12.933333333333332,15.263846153846155,12.933333333333332,12.933333333333332,
1921,IKAN TILAPIA MERAH (ANTARA 2 HINGGA 5 EKOR SEKILOGRAM),1kg,BARANGAN SEGAR,IKAN DARAT,14.2,14.2,11.9,11.9,14.2,14.2,15.922272727272729,14.2,16.5,14.2,14.2,11.9,14.2,15.84,16.5,16.5,14.2,14.2,14.2,14.2,15.887560975609755,11.9,14.2,14.2,16.5,14.2,14.2,15.766410256410255,,11.9,
1922,SADERI,1kg,BARANGAN SEGAR,SAYUR-SAYURAN,8.796666666666667,8.796666666666667,8.5475,8.5475,8.5475,8.5475,9.996944444444445,8.896666666666667,9.0475,9.0475,8.8975,9.263333333333334,8.8975,10.368311688311689,8.8975,8.8975,8.896666666666667,9.263333333333334,8.8975,8.8975,10.768,9.896666666666667,10.93,10.796666666666667,11.945,10.796666666666667,10.9725,10.684000000000001,11.0725,11.0725,11.5
1923,TERUNG BULAT,1kg,BARANGAN SEGAR,SAYUR-SAYURAN,6.826666666666667,6.826666666666667,6.826666666666667,6.826666666666667,6.826666666666667,6.626666666666668,7.142131147540984,6.626666666666668,7.263333333333333,7.263333333333333,7.263333333333333,7.263333333333333,7.263333333333333,7.361428571428572,7.263333333333333,7.263333333333333,7.263333333333333,7.263333333333333,7.263333333333333,7.263333333333333,7.4063380281690145,7.463333333333334,7.263333333333333,7.463333333333334,7.463333333333334,7.463333333333334,7.463333333333334,7.361194029850746,7.2,7.2,
1924,SERBUK KUNYIT ALAGAPPAS,230g,BARANGAN BERBUNGKUS,REMPAH RATUS (BERBUNGKUS),,,,,,,5.34,,,,,,,5.34,,,,,,,5.34,,,,,,,5.34,,,
1925,CILI API/PADI MERAH,1kg,BARANGAN SEGAR,SAYUR-SAYURAN,,,,,,,,,,,,,,27.0,,,,,,,24.5,,,,,,,27.0,,,
1926,CILI AKAR HIJAU,1kg,BARANGAN SEGAR,SAYUR-SAYURAN,14.596666666666666,14.596666666666666,14.596666666666666,14.263333333333334,13.93,13.93,15.080153846153847,14.463333333333333,13.796666666666667,13.796666666666667,15.445,15.445,15.445,14.986461538461539,14.945,14.945,14.945,14.945,14.945,14.945,15.192686567164179,14.945,13.945,12.796666666666667,12.796666666666667,13.945,13.945,14.818429752066116,12.463333333333333,12.463333333333333,
1927,CILI AKAR MERAH,1kg,BARANGAN SEGAR,SAYUR-SAYURAN,23.849999999999998,23.849999999999998,23.849999999999998,23.849999999999998,23.849999999999998,22.849999999999998,18.691279069767443,19.4,22.65,19.4,19.4,12.0,18.9,18.68797752808989,18.9,18.9,18.9,18.9,18.9,18.9,19.229032258064514,22.4,32.8,20.75,20.75,20.75,20.75,19.258222222222223,20.75,20.75,29.5
1928,LIMAU KASTURI,1kg,BARANGAN SEGAR,SAYUR-SAYURAN,6.966666666666666,7.2,7.050000000000001,7.2,7.2,7.2,8.30251798561151,6.966666666666666,6.966666666666666,6.966666666666666,7.1000000000000005,9.1,7.95,8.565474452554744,7.95,7.3,7.3,7.3,7.2,7.7,8.675,8.2,8.2,7.800000000000001,7.800000000000001,7.95,6.966666666666666,8.553875968992248,7.7,6.0,4.5
1929,SANTAN KELAPA SEGAR (PEKAT),1kg,BARANGAN SEGAR,KELAPA,7.7,7.7,7.7,7.7,7.7,7.7,8.6,7.7,7.7,7.7,7.7,7.7,7.7,8.6,7.7,7.7,7.7,7.7,7.7,7.7,9.28,7.7,7.7,7.7,7.7,7.7,7.7,9.28,7.7,7.7,
1930,TELUR AYAM KAMPUNG,10 biji,BARANGAN SEGAR,TELUR,6.2,6.2,6.2,6.2,6.2,6.2,6.605789473684211,6.2,6.2,6.2,6.2,6.2,6.2,6.479111111111111,6.2,6.2,6.2,6.2,6.2,6.2,6.533191489361702,6.2,6.2,6.5,6.5,6.5,6.5,6.651304347826088,6.5,6.5,
1931,BAWANG BESAR IMPORT (PAKISTAN),1kg,BARANGAN KERING,BAWANG,4.7,4.7,4.7,4.7,4.7,4.7,4.825227272727273,4.7,4.7,4.7,4.7,4.7,4.7,4.932391304347826,4.7,4.7,4.7,4.7,4.7,4.7,4.841086956521739,2.9,2.9,2.9,2.9,2.9,2.9,4.580454545454545,2.9,2.9,
1936,MINYAK MASAK SEBATIAN CAP ADELA GOLD,5 kg,BARANGAN BERBUNGKUS,MINYAK DAN LEMAK,,,,,,,29.839999999999996,,,,,,,30.066666666666666,,,,,,,29.4125,,,,,,,28.95,,,
1937,MINYAK MASAK TULEN CAP SAJI,1kg,BARANGAN BERBUNGKUS,MINYAK DAN LEMAK,,,,,,,6.9,,,,,,,6.9,,,,,,,6.9,,,,,,,6.900000000000001,,,
1938,MINYAK MASAK TULEN CAP SAJI,2 kg,BARANGAN BERBUNGKUS,MINYAK DAN LEMAK,,,,,,,13.213529411764707,,,,,,,13.221082802547771,,,,,,,13.219691358024692,,,,,,,13.218165680473373,,,
1939,MINYAK MASAK TULEN CAP SAJI,5 kg,BARANGAN BERBUNGKUS,MINYAK DAN LEMAK,,,,,,,30.197954545454547,,,,,,,30.16622950819672,,,,,,,30.354946808510636,,,,,,,30.39293478260869,,,
1940,MINYAK MASAK TULEN CAP ALIF,1kg,BARANGAN BERBUNGKUS,MINYAK DAN LEMAK,,,,,,,6.9,,,,,,,6.9,,,,,,,6.9,,,,,,,6.9,,,
1941,MINYAK MASAK TULEN CAP ALIF,2 kg,BARANGAN BERBUNGKUS,MINYAK DAN LEMAK,,,,,,,13.280000000000001,,,,,,,13.261904761904763,,,,,,,13.263636363636364,,,,,,,13.266666666666667,,,
1942,MINYAK MASAK TULEN CAP ALIF,5 kg,BARANGAN BERBUNGKUS,MINYAK DAN LEMAK,,,,,,,29.849178082191777,,,,,,,29.853783783783783,,,,,,,29.84842105263158,,,,,,,29.83772727272727,,,
1943,KACANG MERAH (IMPORT),1kg,BARANGAN KERING,KACANG,13.2,13.2,13.2,13.2,13.2,13.2,13.125357142857142,13.2,13.2,13.2,13.2,11.9,13.2,13.110574712643677,13.2,13.2,13.2,13.2,13.2,13.2,13.070714285714287,14.5,14.5,14.5,14.5,14.5,14.5,13.217261904761905,14.5,14.5,14.5
1944,KACANG SOYA (IMPORT),1kg,BARANGAN KERING,KACANG,7.266666666666667,7.266666666666667,7.266666666666667,7.266666666666667,7.266666666666667,7.266666666666667,7.127213114754098,7.266666666666667,7.266666666666667,7.266666666666667,7.266666666666667,7.45,7.266666666666667,7.1654838709677415,7.266666666666667,7.266666666666667,7.266666666666667,7.266666666666667,7.266666666666667,7.266666666666667,7.2219354838709675,7.266666666666667,7.266666666666667,7.266666666666667,7.266666666666667,7.266666666666667,7.4,7.2843333333333335,7.266666666666667,7.266666666666667,6.9
1945,TAUHU (JENIS KERAS),sekeping,BARANGAN SEGAR,TAUHU DAN TEMPE,0.5333333333333333,0.5333333333333333,0.5333333333333333,0.5333333333333333,0.5333333333333333,0.5333333333333333,0.7174257425742574,0.645,0.645,0.645,0.645,0.5333333333333333,0.645,0.7211320754716981,0.645,0.645,0.645,0.645,0.645,0.645,0.7139047619047618,0.645,0.645,0.645,0.645,0.645,0.6675,0.7157142857142857,0.6675,0.7233333333333333,0.98
1946,TEMPE (BUNGKUSAN PLASTIK),sekeping,BARANGAN SEGAR,TAUHU DAN TEMPE,1.4500000000000002,1.4500000000000002,1.4666666666666668,1.4666666666666668,1.4666666666666668,1.4500000000000002,1.479292929292929,1.8,1.65,1.9,1.9,1.8,1.7666666666666666,1.4668367346938775,1.7666666666666666,1.65,1.65,1.65,1.65,1.8,1.468125,1.8,1.7666666666666666,1.6,1.6,1.4666666666666668,1.4666666666666668,1.4810204081632652,1.6333333333333335,1.6,2.0
1947,SERBUK PENAIK ROYAL (TIN),113g,BARANGAN BERBUNGKUS,ESEN DAN RAGI,,,,,,,5.915254237288136,,,,,,,5.921596638655463,,,,,,,5.928275862068965,,,,,,,5.920869565217391,,,
1948,RAGI BULAT/RAGI TAPAI,1 biji,BARANGAN BERBUNGKUS,ESEN DAN RAGI,,,,,,,1.2,,,,,,,1.1300000000000001,,,,,,,1.1300000000000001,,,,,,,1.1300000000000001,,,
1950,BUNGA RAYA YIS SEGERA,11g,BARANGAN BERBUNGKUS,ESEN DAN RAGI,,,,,,,1.425,,,,,,,1.42,,,,,,,1.4,,,,,,,1.4000000000000001,,,
1951,BERAS SUPER CAP 3A BOY (IMPORT),10 kg,BARANGAN BERBUNGKUS,BERAS,29.0,29.0,29.0,29.0,29.0,29.0,30.032916666666665,29.0,29.0,29.0,29.0,,29.0,29.949583333333333,29.0,29.0,29.0,29.0,29.0,29.0,29.881363636363634,29.0,29.0,29.0,29.0,29.0,29.0,29.761666666666667,29.0,29.0,29.0
1952,KRIMER SEJAT CAP F&N,390g,BARANGAN BERBUNGKUS,KRIMER DAN SUSU TEPUNG,,,,,,,3.9895161290322583,,,,,,,3.9854787234042552,,,,,,,3.9801612903225805,,,,,,,3.981263157894737,,,
1953,KRIMER MANIS PEKAT CAP SAJI,500 g,BARANGAN BERBUNGKUS,KRIMER DAN SUSU TEPUNG,,,,,,,3.3628947368421054,,,,,,,3.3630851063829788,,,,,,,3.3664921465968587,,,,,,,3.363262032085562,,,
1955,YOGURT MARIGOLD (LOW FAT) (STRAWBERRY),130g,MINUMAN,TERSEDIA MINUM,,,,,,,,,,,,,,,,,,,,,,,,,,,,2.668048780487805,,,
1958,NANKID OPTIPRO LANGKAH 3 RUMUSAN UNTUK KANAK-KANAK,600 g,SUSU DAN BARANGAN BAYI,SUSU BAYI,,,,,,,46.575,,,,,,,47.55,,,,,,,47.275,,,,,,,47.275,,,
1960,SUSU SEGAR KURMA FARM FRESH,700 g,MINUMAN,TERSEDIA MINUM,,,,,,,,,,,,,,,,,,,,,,,,,,,,8.956511627906977,,,
1961,ANMUM ESSENTIAL LANGKAH 4 PERISA ASLI (TANPA GULA TAMBAHAN) - TIN,1.5kg,SUSU DAN BARANGAN BAYI,SUSU BAYI,,,,,,,95.345,,,,,,,95.345,,,,,,,95.345,,,,,,,95.345,,,
1963,REFILL ANMUM ESSENTIAL LANGKAH 4 PERISA ASLI (TANPA GULA TAMBAHAN) - KOTAK,550 g,SUSU DAN BARANGAN BAYI,SUSU BAYI,,,,,,,36.097042253521124,,,,,,,36.081014492753624,,,,,,,36.05927536231884,,,,,,,36.04910447761194,,,
1964,QUAKER OATS INSTANT OATMEALS,1kg,MINUMAN,BAHAN-BAHAN MINUMAN,,,,,,,,,,,,,,,,,,,,,,,,,,,,11.01153846153846,,,
1965,PEDIASURE (VANILA),600 g,SUSU DAN BARANGAN BAYI,SUSU BAYI,,,,,,,72.37537499999999,,,,,,,72.37938271604939,,,,,,,72.41368421052633,,,,,,,72.25358024691359,,,
1966,MILNA BISKUT RUSK (ASLI),130g,SUSU DAN BARANGAN BAYI,MAKANAN BAYI,,,,,,,7.289382716049383,,,,,,,7.320722891566265,,,,,,,7.318658536585366,,,,,,,7.358780487804878,,,
1972,MAMYPOKO EXTRA DRY,M54,SUSU DAN BARANGAN BAYI,LAMPIN PAKAI BUANG,,,,,,,37.9,,,,,,,37.9,,,,,,,37.9,,,,,,,37.9,,,
1976,MAGGI MI SEGERA PERISA KARI,5 X 79g,BARANGAN BERBUNGKUS,MI SEGERA,,,,,,,5.043255033557047,,,,,,,5.038791946308725,,,,,,,5.16874149659864,,,,,,,5.186476510067114,,,
1977,CINTAN MI SEGERA PERISA AYAM,5 X 75g,BARANGAN BERBUNGKUS,MI SEGERA,,,,,,,5.4073913043478266,,,,,,,5.4535294117647055,,,,,,,5.470204081632653,,,,,,,5.44622641509434,,,
1978,MI SEDAP MI GORENG PERISA ASLI,5 X 90g,BARANGAN BERBUNGKUS,MI SEGERA,,,,,,,5.842724137931035,,,,,,,5.833508771929824,,,,,,,5.865876288659794,,,,,,,5.859322033898305,,,
1980,SABUN MANDIAN DETTOL ANTIBACTERIAL (FRESH),500 ml,PRODUK KEBERSIHAN,PENJAGAAN DIRI,,,,,,,,,,,,,,,,,,,,,,,,,,,,13.85,,,
1984,SYAMPU HEAD & SHOULDERS (SMOOTH & SILKY),330 ml,PRODUK KEBERSIHAN,PENJAGAAN DIRI,,,,,,,,,,,,,,,,,,,,,,,,,,,,16.588421052631578,,,
1985,TUALA WANITA KOTEX SOFT & SMOOTH (MAXI - NON WING),10 PAD,PRODUK KEBERSIHAN,PENJAGAAN DIRI,,,,,,,,,,,,,,,,,,,,,,,,,,,,3.927530864197531,,,
1986,TUALA WANITA LIBRESSE (MAXI - NON WING),10 PAD,PRODUK KEBERSIHAN,PENJAGAAN DIRI,,,,,,,,,,,,,,,,,,,,,,,,,,,,3.891351351351351,,,
1987,DEODORAN NIVEA MAN (BLACK & WHITE INVISIBLE - ORIGINAL),150 ml,PRODUK KEBERSIHAN,PENJAGAAN DIRI,,,,,,,,,,,,,,,,,,,,,,,,,,,,16.721311475409838,,,
1988,DEODORAN NIVEA (EXTRA BRIGHTENING),150 ml,PRODUK KEBERSIHAN,PENJAGAAN DIRI,,,,,,,,,,,,,,,,,,,,,,,,,,,,16.730444444444444,,,
1989,DEODORAN REXONA MEN (SPORT DEFENSE),50 ml,PRODUK KEBERSIHAN,PENJAGAAN DIRI,,,,,,,,,,,,,,,,,,,,,,,,,,,,8.79875,,,
1990,DEODORAN REXONA (POWDER DRY BRIGHTENING),50 ml,PRODUK KEBERSIHAN,PENJAGAAN DIRI,,,,,,,,,,,,,,,,,,,,,,,,,,,,7.656428571428571,,,
1991,SABUN SERBUK BREEZE (POWER CLEAN),750 g,PRODUK KEBERSIHAN,PENJAGAAN RUMAH,,,,,,,,,,,,,,,,,,,,,,,,,,,,6.466134969325154,,,
1992,SABUN SERBUK ATTACK (AROMA FRESH + COLOUR),800 g,PRODUK KEBERSIHAN,PENJAGAAN RUMAH,,,,,,,,,,,,,,,,,,,,,,,,,,,,10.989090909090908,,,
1993,SABUN SERBUK TOP (SUPER COLOUR),750 g,PRODUK KEBERSIHAN,PENJAGAAN RUMAH,,,,,,,,,,,,,,,,,,,,,,,,,,,,6.584680851063831,,,
1996,PELEMBUT PAKAIAN - SOFTLAN (FLORAL FANTASY),1 liter,PRODUK KEBERSIHAN,PENJAGAAN RUMAH,,,,,,,,,,,,,,,,,,,,,,,,,,,,6.863170731707318,,,
1998,PENCUCI PELBAGAI GUNA DETTOL (LAVENDER),2.5 liter,PRODUK KEBERSIHAN,PENJAGAAN RUMAH,,,,,,,,,,,,,,,,,,,,,,,,,,,,20.475,,,
1999,PENCUCI PELBAGAI GUNA MR MUSCLE (LAVENDER),2 liter,PRODUK KEBERSIHAN,PENJAGAAN RUMAH,,,,,,,,,,,,,,,,,,,,,,,,,,,,14.225310344827587,,,
2000,PENCUCI PELBAGAI GUNA AJAX FABULOSO (LAVENDER),2 liter,PRODUK KEBERSIHAN,PENJAGAAN RUMAH,,,,,,,,,,,,,,,,,,,,,,,,,,,,14.6625,,,
2001,DUMEX DUPRO 2 (RUMUSAN SUSULAN),850g,SUSU DAN BARANGAN BAYI,SUSU BAYI,,,,,,,29.195121951219512,,,,,,,29.191990049751244,,,,,,,29.22311004784689,,,,,,,29.241015228426395,,,
2002,PELUNTUR CLOROX (ORIGINAL),1 liter,PRODUK KEBERSIHAN,PENJAGAAN RUMAH,,,,,,,,,,,,,,,,,,,,,,,,,,,,4.870877192982456,,,
2003,BIHUN KERING IMPORT (PELBAGAI JENAMA),400 g,BARANGAN BERBUNGKUS,BIHUN,,,,,,,4.199285714285714,,,,,,,4.186875,,,,,,,4.193125,,,,,,,4.219333333333333,,,
2004,BERAS SUPER SPECIAL CAP FAMILI 5%,10 kg,BARANGAN BERBUNGKUS,BERAS,,,,,,,27.7,,,,,,,27.7,,,,,,,27.7,,,,,,,27.7,,,
2009,DUTCH LADY 123 (BIASA),850g,SUSU DAN BARANGAN BAYI,SUSU BAYI,,,,,,,24.167615062761506,,,,,,,24.11811965811966,,,,,,,24.092259414225943,,,,,,,24.084688796680496,,,
2010,DUTCH LADY 456 (BIASA),850g,SUSU DAN BARANGAN BAYI,SUSU BAYI,,,,,,,24.12184426229508,,,,,,,24.090460251046025,,,,,,,24.06668067226891,,,,,,,24.06605809128631,,,
2011,KIUB SUP TOM YAM (MAGGI),6 X 10g,BARANGAN BERBUNGKUS,REMPAH RATUS (BERBUNGKUS),,,,,,,3.3683163265306124,,,,,,,3.37139896373057,,,,,,,3.3676041666666667,,,,,,,3.3711111111111114,,,
2012,KICAP TAMIN (DARK SOY SAUCE),350ml,BARANGAN BERBUNGKUS,KICAP DAN SOS,,,,,,,4.440263157894736,,,,,,,4.416578947368421,,,,,,,4.4135897435897435,,,,,,,4.435,,,
2014,ENFAGROW A+ MIND PRO LANGKAH 3 VANILA (KOTAK),500 g,SUSU DAN BARANGAN BAYI,SUSU BAYI,,,,,,,55.39586206896552,,,,,,,55.46488888888889,,,,,,,55.44761363636363,,,,,,,55.44266666666667,,,
2017,DYNAMO POWER GEL (PERFECT CLEAN),2.6kg,PRODUK KEBERSIHAN,PENJAGAAN RUMAH,,,,,,,,,,,,,,,,,,,,,,,,,,,,26.01142857142857,,,
2018,SABUN PENCUCI SUNLIGHT (LEMON),900ml,PRODUK KEBERSIHAN,PENJAGAAN RUMAH,,,,,,,,,,,,,,,,,,,,,,,,,,,,6.689719626168224,,,
2019,NESCAFE 3 IN 1 ORIGINAL (AROMATIC & BALANCED),25 x 18g,MINUMAN,BAHAN-BAHAN MINUMAN,,,,,,,,,,,,,,,,,,,,,,,,,,,,14.90111650485437,,,
2020,YOGURT LACTEL (FAT FREE) (STRAWBERRY),130g,MINUMAN,TERSEDIA MINUM,,,,,,,,,,,,,,,,,,,,,,,,,,,,2.834776119402985,,,
