item_code,item,unit,n_original,original_std,n_trimmed,new_std,std_reduction,std_reduction_pct
1,AYAM BERSIH - STANDARD,1kg,13762,0.8389546660658501,12544,0.5018778054537045,0.3370768606121456,0.4017819725502167
2,AYAM BERSIH - SUPER,1kg,5121,1.0010325238034115,4644,0.7226603123323244,0.27837221147108704,0.27808508200454374
9,DAGING KAMBING BEBIRI IMPORT BERTULANG (MUTTON) (AUSTRALIA - KOTAK),1kg,490,3.786827018625947,443,2.1901230481686484,1.5967039704572987,0.4216469256725288
10,DAGING KAMBING BEBIRI IMPORT BERTULANG (MUTTON) (NEW ZEALAND - KOTAK),1kg,10,1.0284967455250198,9,1.0488220906225132,-0.020325345097493397,-0.01976218708122198
11,DAGING KAMBING BEBIRI IMPORT TANPA TULANG (MUTTON) (TIDAK TERMASUK PAHA - AUSTRALIA),1kg,73,4.8120110615646965,73,4.8120110615646965,0.0,0.0
12,DAGING KAMBING BEBIRI IMPORT TANPA TULANG (MUTTON) (TIDAK TERMASUK PAHA - NEW ZEALAND),1kg,5,0.0,5,0.0,0.0,
14,DAGING KERBAU IMPORT (INDIA) * (TOP SIDE),1kg,761,2.8458585351820425,691,2.2770863688066942,0.5687721663753482,0.19985960628185803
16,BETIK BIASA,1kg,837,23.66541375555122,765,1.0422680002119518,22.62314575533927,0.9559581754632341
18,PISANG BERANGAN,1kg,609,1.0134260004794842,555,0.8590058597564844,0.1544201407229998,0.1523743624595567
19,PISANG EMAS,1kg,313,1.123180588247795,303,1.069224885222419,0.05395570302537589,0.04803831511150746
20,TEMBIKAI MERAH BERBIJI,1kg,558,1.6771892646708373,509,1.5554756723887464,0.12171359228209089,0.07256998052988267
21,TEMBIKAI MERAH TANPA BIJI,1kg,901,1.3256667706217848,822,1.1714996624342169,0.15416710818756796,0.11629401264637425
22,DRAGON FRUIT MERAH,1kg,681,2.809125003902978,630,2.3787029445238703,0.4304220593791075,0.15322282161921674
24,TEMBIKAI SUSU,1kg,671,1.7177235881375452,611,1.5107034664833001,0.2070201216542451,0.12052004355293755
25,NENAS BIASA (JOSAPINE/MORRIS/SARAWAK),1 biji,802,1.1172746151610038,723,0.8953144686863409,0.2219601464746629,0.19866212251020984
26,ANGGUR HIJAU BERBIJI,1kg,14,6.853692074710172,13,6.008063491931233,0.8456285827789394,0.12338292610187031
27,ANGGUR MERAH BERBIJI,1kg,1081,2.9970156269714754,1014,2.338132229691476,0.6588833972799994,0.21984650041541826
31,LAI KUNING (SAIZ M),1 biji,354,1.1039307344087204,318,0.5699411162736766,0.5339896181350438,0.48371659696661634
38,JAMBU BATU BERBIJI,1kg,584,1.3204648270104342,524,1.0057800862390212,0.31468474077141306,0.2383136107334773
39,JAMBU BATU TANPA BIJI,1kg,454,2.3694421479581944,428,2.0320812012868776,0.3373609466713168,0.14237990446908733
43,IKAN BAWAL HITAM (ANTARA 2 HINGGA 5 EKOR SEKILOGRAM),1kg,1617,6.234552883060206,1475,4.661402003094654,1.573150879965552,0.25232777866716516
47,IKAN CENCARU (ANTARA 4 HINGGA 6 EKOR SEKILOGRAM),1kg,12322,2.317563501324766,11292,1.7147716650862672,0.6027918362384987,0.2600972253377009
52,KEPALA IKAN JENAHAK,1kg,749,6.252792425716405,674,5.501477930413766,0.7513144953026387,0.12015663469214843
55,IKAN KEMBUNG KECIL/PELALING (ANTARA 10 HINGGA 18 EKOR SEKILOGRAM),1kg,6427,3.151742188542608,5829,2.519643250941887,0.6320989376007207,0.20055540706932268
64,KEPALA IKAN MERAH,1kg,645,9.326716419120633,611,8.897596285351796,0.42912013376883706,0.04600977605463602
69,IKAN SELAR KUNING (b	% 11 EKOR SEKILOGRAM),1kg,4973,3.227371860811627,4489,2.323499728526561,0.9038721322850662,0.28006445221275444
70,IKAN SELAR PELATA (≤ 7 EKOR SEKILOGRAM),1kg,9271,5.366168144187417,8369,4.148574269479338,1.2175938747080783,0.2269019236803015
88,IKAN KELI (ANTARA 2 HINGGA 5 EKOR SEKILOGRAM),1kg,10579,2.2141330976075557,9728,1.7040960375021672,0.5100370601053885,0.23035519439030133
92,CILI HIJAU,1kg,14588,3.6803170781683536,13174,2.5317915671964917,1.148525510971862,0.3120724346782284
93,CILI MERAH - KULAI,1kg,4899,2.921637259236123,4427,2.068409941173851,0.853227318062272,0.29203738943463253
94,CILI MERAH - MINYAK,1kg,12899,3.6950106797846214,11782,2.731603238131921,0.9634074416527003,0.2607319775619313
95,HALIA BASAH (TUA),1kg,19044,2.5163908595878945,17306,1.8039605317291258,0.7124303278587687,0.2831159257888269
96,KACANG BENDI,1kg,14975,3.0633913885526494,13679,2.111790337825278,0.9516010507273713,0.31063645810435314
97,KACANG BUNCIS,1kg,14897,3.7366494758895286,13435,2.708181610829495,1.0284678650600334,0.275237983036983
98,KACANG PANJANG,1kg,15031,2.9304054518953806,13613,2.2519824061914164,0.6784230457039642,0.23151166514011276
101,KELAPA BIJI,1 biji,380,0.5914515459947224,343,0.4306609324788767,0.16079061351584567,0.2718576265540448
102,KELAPA PARUT,1kg,56,3.5841413279112695,56,3.5841413279112695,0.0,0.0
103,SANTAN KELAPA SEGAR (BIASA),1kg,665,2.2438140863572755,599,1.696813131280445,0.5470009550768304,0.24378176356173084
104,KUBIS BULAT IMPORT (CHINA),1kg,15089,0.9227281043494617,13644,0.6278743322620337,0.294853772087428,0.319545671902239
105,KUBIS BULAT (TEMPATAN),1kg,8374,1.7240191849065076,7944,1.4685176705542695,0.2555015143522381,0.14820108534122478
108,KUNYIT HIDUP,1kg,16652,2.9255260674842067,15847,2.309493800670215,0.6160322668139919,0.2105714502635576
109,LOBAK MERAH,1kg,18736,3.0422392163872107,16965,0.8868906476945763,2.1553485686926344,0.7084743885631068
113,TIMUN,1kg,18654,1.1807437755665449,16852,0.8793089792973291,0.30143479626921577,0.25529230177358436
114,TOMATO,1kg,17857,2.19368556758911,16103,1.886292022893174,0.3073935446959357,0.14012652917882182
129,BAWANG BESAR KUNING/HOLLAND,1kg,19131,0.9577273467465245,17720,0.7662100759450879,0.19151727080143655,0.19997055681038645
131,BAWANG KECIL MERAH ROSE IMPORT (INDIA),1kg,9617,3.1986803735909124,8661,2.4509852754004227,0.7476950981904897,0.23375111322895634
132,BAWANG KECIL MERAH IMPORT (THAILAND),1kg,3945,1.9237333812781119,3625,1.4686949424662787,0.45503843881183315,0.2365392435564587
180,TEH BOH (UNCANG),100 beg,955,0.8070548323980613,902,0.6708739781942655,0.13618085420379578,0.16873804447605079
191,SARDIN CAP AYAM (SOS TOMATO),425 g,2905,0.4539241476124644,2659,0.34156449861677357,0.11235964899569084,0.24752956983380703
193,SARDIN CAP KING CUP (SOS TOMATO),425 g,2035,0.7015731911304107,1871,0.5363682350738488,0.16520495605656194,0.23547786338639198
201,JEM STRAWBERI LADY'S CHOICE,400 g,1557,0.3195423340980239,1453,0.24998962531488794,0.06955270878313596,0.2176635186053305
203,MAINLAND CHESDALE CHEDDAR CHEESE SPREAD 12 CHEDDAR,250 g,2515,24.900074395020578,2333,0.914798374384815,23.985276020635762,0.9632612192288167
205,MARJERIN DAISY,480 g,2398,0.5671119801698724,2200,0.4382437259736231,0.1288682541962493,0.22723599342346495
206,MARJERIN PLANTA,480 g,1866,1.2694111730358868,1705,1.11558805055416,0.1538231224817268,0.12117675166971148
214,KICAP LEMAK MANIS CAP KIPAS UDANG,345ml,2686,0.6420722829910523,2431,0.5152265848889624,0.1268456981020899,0.1975567260296417
217,SOS TOMATO MAGGI,325 g,2943,0.19064396184678215,2694,0.14095160100490994,0.0496923608418722,0.26065530930273706
218,SOS CILI LIFE,340 g,2360,0.4755628102306224,2208,0.3767667550789322,0.09879605515169021,0.207745544912941
221,DRINHO SOYA (KOTAK),250 ml,101,0.15656523645856615,96,0.12019264507375048,0.036372591384815675,0.23231588446801482
224,SUSU SEGAR DUTCH LADY,1 liter,629,0.7355022712266188,584,0.6598915941177131,0.07561067710890568,0.10280141893077709
226,YEO'S LAICI (KOTAK),250 ml,153,0.1756477275201889,145,0.1699243408379017,0.005723386682287196,0.032584461883398703
228,COCA COLA (BOTOL),1.5 liter,1981,0.4379097499337441,1864,0.3708164589627416,0.06709329097100247,0.15321259912836768
229,F&N OREN (TIN),325 ml,1880,0.37007932843510594,1758,0.11893806489522961,0.2511412635398763,0.6786146759448478
230,F&N OREN (BOTOL),1.5 liter,2136,0.3899062340684209,1972,0.33381200052052534,0.056094233547895556,0.14386595711124772
232,MIRINDA OREN (BOTOL),1.5 liter,2046,0.7194062650166947,1842,0.6244282946758093,0.0949779703408854,0.13202271784313876
235,JUS OREN PEEL FRESH (MARIGOLD),1 liter,2458,0.5385366904904016,2259,0.3957202014939716,0.14281648899643007,0.2651936098659846
239,RED BULL (BOTOL),150 ml,1678,0.21399296375494967,1534,0.14880231962360996,0.06519064413133971,0.3046391946138549
240,LIVITA WITH HONEY (BOTOL),150 ml,772,0.2608218528368092,722,0.15092806007284784,0.10989379276396136,0.42133660032205816
246,MINYAK JAGUNG CAP MAZOLA,1kg,1351,1.069055300265058,1219,0.7189623571217434,0.3500929431433146,0.3274787965192388
254,MINYAK MASAK SEBATIAN CAP HELANG,5 kg,2210,2.6007582828083557,1997,2.16726244585253,0.4334958369558257,0.16668055613677693
260,MINYAK MASAK SEBATIAN CAP PISAU,5 kg,2510,2.7464530700108134,2315,2.3382539554328066,0.40819911457800684,0.14862774064309778
263,MINYAK MASAK TULEN CAP BURUH,5 kg,2756,0.8625546507318954,2669,0.7917834924762089,0.07077115825568647,0.08204831797687913
266,MINYAK MASAK TULEN CAP SERI MURNI,5 kg,2589,0.5332360320677536,2474,0.3242130364383931,0.2090229956293605,0.39198963134359566
267,MINYAK MASAK TULEN CAP VESAWIT,1kg,1679,0.060420204354297756,1673,0.05637726276091022,0.004042941593387535,0.06691373583710754
271,MINYAK SAPI CAP QBB,400 g,536,3.249713005504885,495,2.7905860482669373,0.4591269572379475,0.14128230907166406
292,UBAT GIGI COLGATE (PUDINA SEGAR),250 g,2290,1.1886416993432407,2067,0.9365222318648239,0.25211946747841685,0.21210720406134181
293,UBAT GIGI DARLIE DOUBLE ACTION (PUDINA ASLI),250 g,2458,1.3726174740398407,2235,1.1014427443307668,0.27117472970907386,0.1975603071050536
295,UBAT GIGI FRESH & WHITE (PUDINA SEGAR),160 g,1699,0.43311418125961276,1552,0.3271360207258627,0.10597816053375009,0.24468873363956137
299,LACTOGEN 1 RUMUSAN BAYI (KOTAK),650g,2594,1.0264609819199912,2522,0.8925317579457646,0.13392922397422669,0.13047668282891045
300,LACTOGEN 2 RUMUSAN SUSULAN (KOTAK),650g,2547,0.9395979205811466,2448,0.8975242677183142,0.04207365286283238,0.044778358850357594
350,SERBUK KARI IKAN BABAS,250 g,3162,11.43547043386464,2901,0.32978487778174753,11.105685556082893,0.9711612320901872
364,SERBUK CILI BABAS,250 g,3119,0.39443995072370175,2953,0.3419850810924893,0.05245486963121243,0.13298569157350937
365,SERBUK KUNYIT CAMPURAN (SEBATIAN) ADABI,250 g,2685,0.5671456701054359,2448,0.4607749110874877,0.10637075901794824,0.18755456424127023
368,KACANG TANAH (IMPORT),1kg,2755,2.508281636274921,2544,1.925581126041784,0.5827005102331368,0.23231063920657344
716,CILI API/PADI HIJAU,1kg,620,8.459990087708213,566,6.486712132337447,1.973277955370767,0.2332482585573953
845,SOTONG (≥ 6 EKOR SEKILOGRAM),1kg,9772,8.910339512172285,8824,6.376151549467357,2.5341879627049284,0.28440980944025884
847,KETAM RENJONG/BUNGA (ANTARA 5 HINGGA 8 EKOR SEKILOGRAM),1kg,6866,10.121940735574718,6264,8.45403817694587,1.6679025586288478,0.1647809053817924
849,UDANG PUTIH KECIL (b	% 61 EKOR SEKILOGRAM),1kg,528,3.1528702646725706,485,2.375399414045152,0.7774708506274184,0.24659145012684489
850,UDANG HARIMAU (ANTARA 20 HINGGA 30 EKOR SEKILOGRAM),1kg,590,11.710665823419168,541,9.490629447162483,2.220036376256685,0.18957388159920183
861,UBI KENTANG HOLLAND,1kg,910,0.5699531056431619,855,0.4177203368257948,0.15223276881736714,0.2670970072977855
869,BIJI SAWI,100 g,1410,0.8471555344412274,1329,0.6643813229035476,0.1827742115376798,0.21575047804915218
883,KRIMER MANIS BERVITAMIN CAP F&N,500 g,2404,0.3026145384922626,2164,0.2383338481646901,0.0642806903275725,0.21241772007334028
884,KRIMER MANIS CAP GOLD COIN,500 g,1705,0.31127481377805677,1551,0.17472554012387911,0.13654927365417766,0.43867755311401185
904,BERAS SUPER CAP RAMBUTAN 5% (IMPORT),10 kg,1011,1.8215586363539304,915,1.2574449751398356,0.5641136612140949,0.30968734684447846
910,KORDIAL F&N (SIRAP ROS),2 liter,922,0.6741683227181603,845,0.49620711066736617,0.17796121205079413,0.2639714831650311
917,"TEPUNG GANDUM NGP (BERBUNGKUS, CAP SAUH)",1kg,2631,0.3315032471722485,2458,0.30037733381361414,0.03112591335863435,0.0938932382235803
918,MINYAK MASAK PAKET (PELBAGAI JENAMA),1kg,1215,0.010041067934611911,1214,0.0,0.010041067934611911,1.0
929,NESCAFE CLASSIC (PAKET),200 g,886,2.625631667371069,809,2.126423096592035,0.4992085707790337,0.19012894191623975
992,BERAS CAP JATI (SST5%),10 kg,1,,1,,,
1070,SOS CILI MAGGI,340 g,2980,0.2177770820738701,2734,0.15674397756649958,0.06103310450737051,0.280254946600249
1086,MINYAK JAGUNG CAP DAISY,1kg,2397,0.9365964764410524,2158,0.7145487738320025,0.22204770260904982,0.2370793700322287
1087,MINYAK JAGUNG CAP DAISY,3 kg,1947,3.063188376465253,1838,2.8061476108865144,0.25704076557873856,0.08391281696992764
1088,MINYAK JAGUNG CAP MAZOLA,3 kg,854,2.018253408988911,772,1.3424893354789373,0.6757640735099735,0.33482617717886703
1089,MINYAK JAGUNG CAP VECORN,3 kg,748,4.104139132234333,676,1.9447548306416322,2.1593843015927003,0.5261479282299845
1090,MINYAK JAGUNG CAP VECORN,1kg,1103,1.479472046530888,996,0.972185500889774,0.507286545641114,0.3428834947105728
1091,MINYAK MASAK SEBATIAN CAP HELANG,1kg,1961,0.5135248517007954,1849,0.39159187352597385,0.12193297817482157,0.2374431885253056
1093,MINYAK MASAK SEBATIAN CAP PISAU,1kg,2193,0.4145494356549064,2035,0.3047939099614573,0.1097555256934491,0.2647585939178931
1094,MINYAK MASAK TULEN CAP BURUH,1kg,2337,13.82045704227104,2252,0.02725090872594338,13.793206133545096,0.998028219425552
1095,MINYAK MASAK TULEN CAP VESAWIT,5 kg,2198,0.8955836650322299,2089,0.14460205606030377,0.7509816089719261,0.8385387522056916
1100,MINYAK MASAK TULEN CAP SERI MURNI,1kg,1402,0.17657474836125775,1351,0.02551520072629643,0.15105954763496132,0.8554991528341619
1101,MINYAK MASAK TULEN CAP SERI MURNI,2 kg,2393,0.18737453593340456,2283,0.1395288099282914,0.047845726005113165,0.2553480693989187
1109,TELUR AYAM GRED A,30 biji,11110,1.013794659658327,10310,0.7775979231611568,0.2361967364971701,0.2329828178191174
1110,TELUR AYAM GRED B,30 biji,12737,1.063682659073993,11598,0.78489319684069,0.2787894622333029,0.2620983428234205
1111,TELUR AYAM GRED C,30 biji,11269,1.10212244768181,10377,0.8064179770976089,0.295704470584201,0.2683045529162227
1128,LADA BENGGALA HIJAU (CAPSICUM),1kg,2565,4.124741077534989,2336,3.1169206995004326,1.0078203780345567,0.24433542835538324
1131,UBI KENTANG IMPORT (CHINA),1kg,16758,0.7453572216645334,15555,0.6113345456177207,0.13402267604681273,0.17980999197607958
1132,LIMAU NIPIS,1kg,15681,2.3891310918998085,14140,1.8901669036020803,0.49896418829772826,0.20884755549389208
1135,KICAP MANIS ADABI,340ml,2257,0.43624269723126424,2049,0.29939374622589543,0.1368489510053688,0.31369912178225284
1138,SOS TIRAM MAGGI,340 g,2772,0.24835121587818573,2579,0.21711434397713225,0.03123687190105348,0.12577700411329942
1142,SARDIN CAP ADABI (SOS TOMATO DENGAN CILI),425 g,2046,0.7897940293758907,1893,0.6422603867440881,0.14753364263180258,0.1868001493356265
1144,MENTEGA KACANG HALUS LADY'S CHOICE,340 g,2108,30.569336829656073,1924,0.489586057252424,30.07975077240365,0.9839844069899003
1145,NESTLE CERELAC BERAS - TIN,500 g,2629,1.209011227275108,2439,0.8761673918626344,0.33284383541247353,0.2753025182095647
1151,SANTAN KELAPA JENAMA AYAM BRAND,1 liter,3007,0.8731760628771765,2731,0.6543259253946228,0.21885013748255377,0.25063689533749606
1153,PERENCAH TOM YAM ADABI,40 g,2162,0.19983199745379052,1950,0.12974491556946618,0.07008708188432433,0.3507300271095543
1355,100 PLUS (ORIGINAL),1.5 liter,2390,0.4343811596728695,2182,0.3698892320825553,0.06449192759031419,0.14846851930429664
1367,DAGING PAHA KAMBING BEBIRI IMPORT BERTULANG  (MUTTON) (AUSTRALIA),1kg,128,3.2307753481778487,120,2.6966613851298464,0.5341139630480023,0.16532067553048577
1368,DAGING PAHA KAMBING BEBIRI IMPORT BERTULANG (MUTTON) (NEW ZEALAND),1kg,10,1.3049908471369118,9,1.0143813111667863,0.2906095359701255,0.2226908614782311
1369,DAGING KAMBING TEMPATAN BERTULANG,1kg,1,,1,,,
1370,DAGING LEMBU IMPORT (TOPSIDE),1kg,55,8.811678824361662,50,6.160664104143451,2.6510147202182113,0.30085239975939054
1371,DAGING LEMBU IMPORT (BLADE),1kg,69,2.5738350314207117,67,1.9648994850707957,0.608935546349916,0.23658685926494452
1372,DAGING LEMBU IMPORT (CHUCKTENDER),1kg,34,5.714120795939495,32,3.957657338995286,1.7564634569442092,0.30738997645838495
1373,DAGING LEMBU IMPORT (KNUCKLE),1kg,71,4.3914075787996305,69,2.722414029871765,1.6689935489278653,0.38005890343343546
1375,DAGING KERBAU IMPORT (INDIA) * (SILVERSIDE),1kg,438,2.672003414882883,408,2.4456393258354816,0.22636408904740124,0.08471699092395174
1376,DAGING KERBAU IMPORT (INDIA) * (RUMP),1kg,193,3.064445031949966,188,2.993331407670253,0.0711136242797128,0.023206036831557007
1377,DAGING KERBAU IMPORT (INDIA) * (BLADE),1kg,566,2.7042344552327005,528,2.4324419647328606,0.2717924904998399,0.1005062597194266
1378,DAGING KERBAU IMPORT (INDIA) * (CHUCK),1kg,443,2.097260500436782,405,1.8490902572256502,0.2481702432111319,0.11833067144469997
1379,DAGING BABI (PERUT / BELLY),1kg,163,14.197052186632689,152,11.564293225145319,2.6327589614873705,0.1854440574618905
1380,DAGING BABI (DAGING & LEMAK / LEAN & FAT),1kg,51,10.49518694543398,49,9.846493989108557,0.6486929563254229,0.06180861376725093
1391,UDANG PUTIH BESAR/BANANA PRAWN (BERAT ANTARA 41 EKOR HINGGA 60 EKOR SEKILOGRAM),1kg,37,10.083017290855336,33,5.872241631634637,4.210775659220699,0.41761067523305834
1396,KUBIS BULAT IMPORT (INDONESIA),1kg,9,1.1385016956997083,9,1.1385016956997083,0.0,0.0
1400,BAWANG PERAI (LEEK) IMPORT,1kg,17,2.9085845304182296,16,2.8165203117795308,0.09206421863869885,0.031652584848706734
1412,KUBIS PANJANG CHINA - BESAR,1kg,24,1.9810730787828752,20,0.5288445697436708,1.4522285090392044,0.7330514581175468
1419,KACANG DAL BIASA (INDIA),1kg,5,0.21908902300206676,5,0.21908902300206676,0.0,0.0
1420,KACANG DAL MALAVI (INDIA),1kg,5,1.6087262041752166,4,0.3000000000000013,1.3087262041752152,0.8135170551574316
1422,KACANG DAL (AUSTRALIA),1kg,2215,1.6188125781273304,2032,1.237980646297778,0.38083193182955233,0.2352538749545084
1431,DAGING LEMBU TEMPATAN (BAHAGIAN 1 DAGING PAHA (KECUALI BATANG PINANG - TENDERLOIN),1kg,14,6.405168114220619,14,6.405168114220619,0.0,0.0
1432,DAGING LEMBU TEMPATAN (BAHAGIAN 2 DAGING PEJAL (KECUALI BATANG PINANG - TENDERLOIN),1kg,22,3.279349165975003,20,2.500582826799427,0.7787663391755761,0.2374758830976867
1436,IKAN KERISI (ANTARA 5 HINGGA 10 EKOR SEKILOGRAM),1kg,10173,4.275755646489324,9281,3.286251884420529,0.9895037620687948,0.23142196231004042
1437,IKAN SIAKAP (ANTARA 2 HINGGA 4 EKOR SEKILOGRAM),1kg,1180,3.5131115295208817,1078,2.6355852674696707,0.877526262051211,0.2497860528130993
1438,IKAN TENGGIRI BATANG (KEPINGAN),1kg,1059,12.08008716259978,1000,11.228749062500617,0.8513381000991629,0.07047449978133641
1440,BAWANG BESAR IMPORT (INDIA),1kg,13096,0.8995512576265593,12215,0.6989457102162158,0.20060554741034353,0.22300624417960976
1441,BAWANG BESAR IMPORT (CHINA),1kg,4928,0.8492397685515504,4531,0.6779430274999815,0.1712967410515689,0.20170598150829636
1442,BAWANG KECIL MERAH BIASA IMPORT (INDIA),1kg,10839,2.210233267955476,9815,1.4536983470208815,0.7565349209345946,0.34228736482389904
1443,BAWANG KECIL MERAH IMPORT (CHINA),1kg,354,3.5853849091309264,337,3.50594847287188,0.0794364362590465,0.022155622972793002
1444,BAWANG KECIL MERAH IMPORT (MYANMAR),1kg,61,0.46566451724707436,57,0.331000230939807,0.13466428630726734,0.28918734694105236
1445,BERAS CAP FAIZA EMAS (SST5%),10 kg,3,1.1662475437630442,2,0.0,1.1662475437630442,1.0
1458,KUBIS BULAT IMPORT (BEIJING),1kg,16596,1.1997946390771281,15039,0.8858671463236466,0.31392749275348153,0.2616510213739177
1475,IKAN BAWAL PUTIH (ANTARA 2 HINGGA 5 EKOR SEKILOGRAM),1kg,1561,19.062714004716405,1444,16.843051142163844,2.2196628625525605,0.11644002328332588
1476,IKAN KEMBUNG (ANTARA 8 HINGGA 12 EKOR SEKILOGRAM),1kg,6421,4.511770646714658,5893,3.878783389639371,0.6329872570752872,0.14029686051001072
1477,IKAN MABUNG (ANTARA 6 HINGGA 10 EKOR SEKILOGRAM),1kg,6184,5.103897531011534,5695,4.224300110794611,0.879597420216923,0.17233837765598653
1479,BROKOLI,1kg,1253,3.7499151317945225,1147,3.1642282937032284,0.5856868380912941,0.15618669156680715
1481,KUBIS BUNGA (CAULIFLOWER),1kg,17219,2.7595145639853356,15965,2.3604275519792925,0.399087012006043,0.14462218000751376
1483,MEE KUNING BASAH (PELBAGAI JENAMA),+-450g,2585,0.3870340550647553,2405,0.1969039564008967,0.1901300986638586,0.49124901588323444
1489,ASAM JAWA (BERBIJI) PELBAGAI JENAMA,200 g,2190,0.34138596722459397,2051,0.24717691199706435,0.09420905522752962,0.27596053813644467
1491,BERAS PULUT THAILAND (SUSU) PELBAGAI JENAMA,1kg,24,1.1333402599958837,22,0.9858698666352442,0.1474703933606395,0.1301201400550044
1492,BERAS PULUT THAILAND (BIASA) PELBAGAI JENAMA,1kg,27,0.5459172474154309,26,0.5176344121244111,0.028282835291019826,0.05180791672166609
1507,COCA COLA (TIN),320 ml,2269,0.20366328679264084,2072,0.14675038471728483,0.056912902075356014,0.27944605516114307
1515,HEINZ FARLEY RUSKS (ORIGINAL),120 g,800,0.4550040476239662,737,0.312393864933314,0.14261018269065218,0.3134261847457476
1517,HEINZ APPLE PUREE,110 g,482,0.4572323873894391,441,0.3507928396757255,0.10643954771371361,0.2327909191241427
1524,BERUS GIGI COLGATE (ZIG ZAG - SOFT),1 batang,1742,0.5828061696040784,1640,0.47215147903196375,0.11065469057211463,0.18986533832901328
1525,BERUS GIGI ORAL B (COMPLETE EASY CLEAN - SOFT),1 batang,788,0.5594175882775686,735,0.3508983870428161,0.20851920123475248,0.37274337740573615
1539,SABUN PENCUCI KUAT HARIMAU (LEMON),400 g,1738,0.19376359494949935,1609,0.14142926319162252,0.05233433175787683,0.2700937282440323
1544,SERBUK NASI GORENG CINA ADABI,17 g,2357,0.18757833852856057,2180,0.11096044739731166,0.07661789113124891,0.40845809666654614
1545,PERENCAH NASI GORENG IKAN BILIS SERI AJI,26G,1907,0.15443759168333596,1762,0.12944948291056654,0.024988108772769413,0.1618006892001131
1547,PEPSI COLA (TIN),320 ml,2026,0.2433723728752044,1890,0.17711768283777712,0.06625469003742729,0.27223587153584244
1550,PAHA AYAM (CHICKEN DRUMSTICK),1kg,2157,2.1644306153522543,1958,1.637978880080615,0.5264517352716394,0.24322874179358298
1551,DADA AYAM (CHICKEN KEEL) (1KG),1kg,1547,2.057573431420836,1411,1.6709655007573514,0.38660793066348464,0.1878950829942028
1552,THIGH AYAM,1kg,1355,2.5261919380655677,1292,2.0356515765342773,0.49054036153129044,0.1941817461055322
1553,WHOLE LEG AYAM,1kg,2604,1.905499383758137,2438,1.4247120606152364,0.48078732314290074,0.25231565396503247
1554,IKAN MERAH (KEPINGAN),1kg,1105,15.338587702353829,1025,13.195504430902805,2.143083271451024,0.13971842212840435
1555,UDANG PUTIH/VANNAMEI (TERNAK) (ANTARA 41 HINGGA 60 EKOR SEKILOGRAM),1kg,11693,5.74950084344479,10653,4.010800435657778,1.7387004077870118,0.3024089316848029
1556,BAYAM HIJAU,1kg,10664,2.7616761381487525,9672,2.0845542707038867,0.6771218674448658,0.24518510990168607
1558,SAWI HIJAU,1kg,14667,3.0441206834530643,13408,2.3477763397635334,0.6963443436895309,0.22875057072298477
1559,KANGKUNG,1kg,12052,2.6097103596741147,10945,1.9768136401919245,0.6328967194821902,0.2425160773631686
1560,KAILAN,1kg,10820,4.215773457814047,9917,3.4156894518669327,0.8000840059471139,0.18978344399985186
1562,UDANG KERING,100 g,1653,2.50598748595846,1543,1.859830526693959,0.6461569592645009,0.25784524579035023
1563,SOTONG KERING (SAIZ SERDAHANA),1kg,442,58.355880054883244,404,50.91160639348548,7.444273661397766,0.12756681339389425
1564,BAWANG PUTIH IMPORT (CHINA),1kg,18850,2.0176442722501093,17087,1.532043447031928,0.4856008252181814,0.2406771262392213
1568,SERBUK KARI IKAN ADABI,250 g,2923,12.74939889032337,2779,0.585236556450511,12.16416233387286,0.9540969294721261
1570,SERBUK KARI AYAM DAN DAGING ADABI,250 g,2812,0.6418805732941204,2615,0.5414221664179089,0.10045840687621155,0.15650638304982603
1572,SERBUK KARI DAGING BABAS,250 g,3186,0.4147297592554467,2930,0.3322144531994683,0.0825153060559784,0.1989616231160164
1577,SERBUK PERENCAH SUP ADABI,250 g,2817,0.6940119232822456,2538,0.5236869315878724,0.1703249916943732,0.2454208436201524
1581,BERAS CAP RAMBUTAN (SST5%),10 kg,1,,1,,,
1583,BERAS SUPER CAP JATI TWR  5% (IMPORT),10 kg,326,3.6768089263756973,316,3.65690975513522,0.019899171240477465,0.005412076514972038
1585,BIHUN KERING IMPORT (CAP BINTANG),400 g,2177,0.3901839941472314,1985,0.2986547442154273,0.09152924993180411,0.23457971445457756
1588,GULA MERAH LEMBUT (PELBAGAI JENAMA),+- 500g,1498,0.9339089218839658,1354,0.8617530093495875,0.07215591253437825,0.07726225849606276
1589,GULA PUTIH BERTAPIS KASAR (PELBAGAI JENAMA),1kg,3196,4.9908893195436566,3149,0.0,4.9908893195436566,1.0
1590,GULA PUTIH BERTAPIS HALUS (PELBAGAI JENAMA),1kg,1473,0.029587088433499605,1450,0.0,0.029587088433499605,1.0
1595,MINYAK JAGUNG CAP DAISY,2 kg,2053,1.7992949266676472,1956,1.649119420675749,0.15017550599189833,0.08346352994504812
1596,MINYAK JAGUNG CAP MAZOLA,2 kg,109,1.427175265646059,100,0.6132987144380074,0.8138765512080516,0.5702709196264153
1597,MINYAK JAGUNG CAP VECORN,2 kg,703,2.464990412805921,643,1.257906178749252,1.2070842340566688,0.4896912490148933
1598,MINYAK MASAK SEBATIAN CAP HELANG,2 kg,2051,1.168144012100862,1847,0.8591282403846376,0.3090157717162243,0.26453568097350544
1600,MINYAK MASAK SEBATIAN CAP PISAU,2 kg,2345,0.8543372468949633,2126,0.5182741520520734,0.3360630948428899,0.393361165118682
1601,MINYAK MASAK TULEN CAP BURUH,2 kg,2432,0.20863302540244127,2317,0.17133164130445658,0.0373013840979847,0.1787894511237252
1602,MINYAK MASAK TULEN CAP VESAWIT,2 kg,1672,0.11836447673735663,1591,0.08394584867735463,0.034418628060001996,0.2907851156760045
1603,MINYAK SAPI CAP WINDMILL GHEEBLEND,400 g,2081,1.8584499922246962,1886,1.4634844232782176,0.3949655689464786,0.21252418445420576
1604,ASAM JAWA (TIDAK BERBIJI) ADABI,200 g,2439,0.3652308793877485,2292,0.2928141068100846,0.07241677257766393,0.1982766974661593
1605,GARAM HALUS BIASA (PELBAGAI JENAMA),+-350g,1998,0.5074577420385338,1910,0.4425518111985932,0.06490593083994056,0.12790410996431686
1606,MENTEGA KACANG HALUS LADY'S CHOICE,500 g,2072,2.257093884575045,1959,2.1622018655234885,0.09489201905155653,0.0420416801002597
1610,SANTAN KELAPA JENAMA M&S,500 ml,1590,0.43697135280759297,1454,0.32663498600765617,0.1103363667999368,0.2525025178218492
1611,SANTAN KELAPA JENAMA KARA,200 ml,2815,0.26172997520246694,2560,0.19478594078878295,0.06694403441368399,0.25577519106054997
1612,SANTAN KELAPA JENAMA HARMUNI,200 ml,1099,0.19962618562589976,1041,0.17335344610444758,0.026272739521452176,0.13160968556844235
1613,ESEN STAR BRAND 'PELBAGAI PERISA',25 ml,2473,0.21992263563679093,2334,0.18345229976617694,0.03647033587061399,0.1658325700081454
1615,MENTEGA ANCHOR (SALTED),227g,2537,1.426094077423804,2295,1.2643865243209456,0.16170755310285845,0.11339192530339813
1619,SUSU TEPUNG SEGERA DUTCHLADY (BIASA ),600 g,1325,0.5681493494605805,1198,0.32662677892737413,0.24152257053320636,0.42510401668595726
1628,NESTLE CERELAC GANDUM DAN MADU - KOTAK,225g,2439,0.6956872337364035,2280,0.35647029838124616,0.33921693535515735,0.4875997702779277
1630,BERUS GIGI COLGATE (TWISTER - SOFT),1 batang,1749,0.6314683123629683,1576,0.48125305511944505,0.15021525724352325,0.2378824943430882
1635,NESTLE COFFEE-MATE,450 g,2061,0.46049841498084887,1867,0.3349173584149903,0.12558105656585855,0.27270681609421216
1650,TEH LIPTON (UNCANG),100 beg,934,1.7704239992137987,844,1.4220381454784965,0.3483858537353022,0.196781027533524
1651,YEO'S SOYA (KOTAK),250 ml,194,0.16809782063894477,181,0.152081728213735,0.016016092425209766,0.09527840613478585
1804,KEPAK AYAM (CHICKEN WING) (1KG),1kg,2760,1.986346322128775,2521,1.4459852043994728,0.5403611177293022,0.2720377165398807
1819,LENGKUAS,1kg,16505,7.452777180999224,15156,2.240615990453232,5.2121611905459915,0.6993582477998056
1822,BERAS SUPER SPECIAL TEMPATAN SABAH RICE VAGAS TOKOU,10 kg,48,0.6586441047618877,48,0.6586441047618877,0.0,0.0
1823,BERAS TQR SABAH CAP TKC 5%,10 kg,79,0.7480619121921481,77,0.5280111706289489,0.22005074156319926,0.29416113556477497
1824,BERAS SUPER HUMA CAP KELISA EMAS (SABAH),10 kg,63,3.8187920483646858,59,0.5086716752224194,3.3101203731422664,0.8667977546878346
1825,BERAS SUPER CAP ANGGUR SAZARICE 5% (IMPORT THAILAND),10 kg,276,0.40325203069979004,265,0.31247132286944446,0.09078070783034559,0.22512151438594813
1826,BERAS SUPER CAP RODA SAZARICE 5% (IMPORT THAILAND),10 kg,264,0.3885774718216792,247,0.2872891197841206,0.1012883520375586,0.2606644990578365
1827,"TEPUNG GANDUM NGP (BERBUNGKUS, CAP MUHIBAH)",1kg,189,0.3775749897746121,178,0.35981076672319473,0.017764223051417394,0.04704819845726934
1832,BERAS CAP GOLDEN SARAWAK (SST5%),10 kg,107,0.2612754414145517,99,0.19396161746510765,0.06731382394944407,0.25763548072105574
1833,BERAS PREMIUM CAP UNCLE TAN,10 kg,342,0.6422807036164175,317,0.541989950697013,0.10029075291940459,0.15614785304105938
1849,TEPUNG NAIK SENDIRI CAP 'BLUE KEY',1kg,1833,0.46742147896701,1688,0.3517369305180665,0.11568454844894349,0.2474951487137551
1852,DESA FRESH MILK (KOTAK),1 liter,40,0.5243906720404902,36,0.4380942675972687,0.08629640444322145,0.16456510202103325
1854,KORDIAL F&N SUN VALLEY (GRENADINE),2 liter,219,0.6271638157972254,201,0.3995444607542484,0.22761935504297698,0.36293445079199355
1870,"TEPUNG GANDUM NGP (BERBUNGKUS, CAP  FAIZA)",1kg,1357,0.1705592009286723,1297,0.15367474401859268,0.016884456910079615,0.09899469989391355
1872,MAYONIS SEBENAR LADY'S CHOICE,220ml,2053,0.6026216023775306,1947,0.5380239340978996,0.06459766827963098,0.10719441192412119
1876,PELEMBUT PAKAIAN - DOWNY (PREMIUM PARFUM PASSION),800ml,1594,1.2196462221299078,1462,0.7550470797353533,0.46459914239455447,0.3809294318013054
1879,SEVEN UP LEMON & LIME (TIN),320ml,1929,0.24157269400665937,1803,0.17663346297125693,0.06493923103540244,0.26881859020710464
1899,CILI KERING KERINTING (BERTANGKAI/TIDAK BERTANGKAI),1kg,2451,5.287510093207399,2208,3.7869320881216213,1.500578005085778,0.2837967169109513
1900,CILI KERING LEPER (BERTANGKAI/TIDAK BERTANGKAI),1kg,1220,5.207520265674066,1099,3.5636189259247155,1.64390133974935,0.3156783374584836
1904,DUMEX DUGRO 3 (1-3 TAHUN) PERISA ASLI (850G),850g,2801,3.2742930017438754,2662,3.2801234157406998,-0.0058304139968243796,-0.0017806634878794062
1913,DAGING LEMBU IMPORT (BLOCK),1kg,15,5.803745916790867,15,5.803745916790867,0.0,0.0
1914,DAGING KERBAU IMPORT (INDIA) (BLOCK),1kg,651,2.1768092947927844,609,1.610395174473438,0.5664141203193465,0.2602038321291093
1915,IKAN JENAHAK (KEPINGAN),1kg,1133,13.548814450251301,1044,11.1793376006696,2.3694768495817016,0.17488444160793368
1916,IKAN DEMUDUK/CUPAK/CERMIN (b	$ 3 EKOR SEKILOGRAM),1kg,2145,6.079594689715224,1942,4.71530986657123,1.3642848231439935,0.22440391058501605
1919,UDANG PUTIH BESAR (ANTARA 20 HINGGA 30 EKOR SEKILOGRAM),1kg,32,17.755146207076905,28,11.953531545201043,5.8016146618758615,0.326756794577306
1921,IKAN TILAPIA MERAH (ANTARA 2 HINGGA 5 EKOR SEKILOGRAM),1kg,10481,2.963739927583662,9610,2.278406403623751,0.685333523959911,0.23123942744823214
1923,TERUNG BULAT,1kg,1717,2.202347650431002,1546,1.6457060820322977,0.5566415683987043,0.25274918257785906
1926,CILI AKAR HIJAU,1kg,14502,5.562975609896093,13128,3.64082866951204,1.9221469403840534,0.3455249627491996
1927,CILI AKAR MERAH,1kg,13660,7.049862482874199,12492,5.268229347605359,1.78163313526884,0.25271884942392175
1928,LIMAU KASTURI,1kg,16865,2.1500753610799626,15302,1.5548462195196378,0.5952291415603248,0.27684105977631723
1929,SANTAN KELAPA SEGAR (PEKAT),1kg,74,2.464578478190002,70,2.1798471131831705,0.2847313650068317,0.11552943739731905
1931,BAWANG BESAR IMPORT (PAKISTAN),1kg,956,0.6480414158211049,878,0.40108049861868156,0.2469609172024233,0.3810881699428268
1937,MINYAK MASAK TULEN CAP SAJI,1kg,1530,0.023509146141339487,1458,0.0024567591039671437,0.021052387037372344,0.895497731427724
1938,MINYAK MASAK TULEN CAP SAJI,2 kg,1689,0.09338151560039365,1616,0.03149031756814435,0.0618911980322493,0.6627778274353516
1939,MINYAK MASAK TULEN CAP SAJI,5 kg,2067,0.5748348309756608,2013,0.3827515129836245,0.19208331799203632,0.33415393020985773
1940,MINYAK MASAK TULEN CAP ALIF,1kg,157,0.07997279261340311,156,0.0032810204388171696,0.07669177217458593,0.958973291645848
1941,MINYAK MASAK TULEN CAP ALIF,2 kg,122,0.34609412125436945,119,0.16377933887282012,0.18231478238154933,0.5267780386467561
1942,MINYAK MASAK TULEN CAP ALIF,5 kg,355,0.519195475780079,344,0.3691428474082413,0.15005262837183764,0.28900989198025484
1944,KACANG SOYA (IMPORT),1kg,1761,2.2873245649875495,1635,1.7484413700384218,0.5388831949491277,0.23559542147970636
1947,SERBUK PENAIK ROYAL (TIN),113g,1562,0.4164630450916475,1425,0.31502651930459524,0.10143652578705226,0.24356669092867525
1951,BERAS SUPER CAP 3A BOY (IMPORT),10 kg,349,1.6274971080190426,344,0.812007545416801,0.8154895626022416,0.5010697460438743
1953,KRIMER MANIS PEKAT CAP SAJI,500 g,1935,0.22747622403793893,1818,0.1868593216279109,0.04061690241002802,0.17855449545027552
1955,YOGURT MARIGOLD (LOW FAT) (STRAWBERRY),130g,1942,0.17041359617399435,1832,0.1404358969045233,0.029977699269471053,0.17591142926684944
1960,SUSU SEGAR KURMA FARM FRESH,700 g,1240,0.7327813821220781,1117,0.3743732069063846,0.3584081752156935,0.4891065520493591
1963,REFILL ANMUM ESSENTIAL LANGKAH 4 PERISA ASLI (TANPA GULA TAMBAHAN) - KOTAK,550 g,1207,1.4643534973556824,1117,0.9159686953494177,0.5483848020062647,0.37448935861220223
1964,QUAKER OATS INSTANT OATMEALS,1kg,113,0.7062217739904043,105,0.3437599149419245,0.36246185904847983,0.51324084359569
1966,MILNA BISKUT RUSK (ASLI),130g,1885,0.4652921670917077,1704,0.3860975336683515,0.0791946334233562,0.17020409760679933
1976,MAGGI MI SEGERA PERISA KARI,5 X 79g,3057,0.39373147481011556,2930,0.3276018878673782,0.06612958694273735,0.1679560593285807
1984,SYAMPU HEAD & SHOULDERS (SMOOTH & SILKY),330 ml,2082,2.7139230782840604,1934,2.4158211594028636,0.29810191888119686,0.10984169789722949
1987,DEODORAN NIVEA MAN (BLACK & WHITE INVISIBLE - ORIGINAL),150 ml,1386,2.7737081926006275,1272,2.4691809883246356,0.3045272042759919,0.10979064239287094
1988,DEODORAN NIVEA (EXTRA BRIGHTENING),150 ml,1435,2.654556633041326,1330,2.3768886931766406,0.2776679398646853,0.10460049576963107
1989,DEODORAN REXONA MEN (SPORT DEFENSE),50 ml,1387,2.818636063435204,1282,2.6411182876760777,0.1775177757591262,0.06298002713510199
1990,DEODORAN REXONA (POWDER DRY BRIGHTENING),50 ml,788,2.2045302047864865,739,1.8574241190349996,0.34710608575148694,0.15745127238349854
1992,SABUN SERBUK ATTACK (AROMA FRESH + COLOUR),800 g,1373,0.6049174270837431,1249,0.43008169236451077,0.1748357347192323,0.2890241327020465
1998,PENCUCI PELBAGAI GUNA DETTOL (LAVENDER),2.5 liter,446,2.8321948760265063,411,2.1884447791302817,0.6437500968962246,0.22729724650847077
1999,PENCUCI PELBAGAI GUNA MR MUSCLE (LAVENDER),2 liter,2175,1.684554476546744,2039,1.5136222021347048,0.17093227441203918,0.1014703156186686
2000,PENCUCI PELBAGAI GUNA AJAX FABULOSO (LAVENDER),2 liter,2360,1.2034150064521165,2147,1.0205687005988309,0.18284630585328565,0.15193952615926687
2001,DUMEX DUPRO 2 (RUMUSAN SUSULAN),850g,2286,0.7919865006340246,2231,0.7476326843397546,0.04435381629427004,0.05600324785682913
2002,PELUNTUR CLOROX (ORIGINAL),1 liter,2125,0.5268662655038117,1991,0.43511741751564476,0.0917488479881669,0.1741406766676033
2003,BIHUN KERING IMPORT (PELBAGAI JENAMA),400 g,321,0.7599794750979091,293,0.6377761374610981,0.12220333763681102,0.16079820790037444
2009,DUTCH LADY 123 (BIASA),850g,3023,2.172578787683749,2783,1.0081507356744686,1.1644280520092805,0.5359658570774835
2010,DUTCH LADY 456 (BIASA),850g,3013,2.170423245375911,2757,0.8969572842971099,1.2734659610788013,0.586736233954332
2011,KIUB SUP TOM YAM (MAGGI),6 X 10g,2488,0.16094878748629565,2313,0.12938318354030598,0.03156560394598967,0.1961220363258555
2014,ENFAGROW A+ MIND PRO LANGKAH 3 VANILA (KOTAK),500 g,1546,1.368257455541979,1464,1.1364877071110273,0.23176974843095177,0.16939045169620193
2019,NESCAFE 3 IN 1 ORIGINAL (AROMATIC & BALANCED),25 x 18g,2717,1.9623650210128292,2574,1.765829750047974,0.19653527096485512,0.10015224938295017
2020,YOGURT LACTEL (FAT FREE) (STRAWBERRY),130g,2079,0.1916148371759522,1954,0.1457317564351836,0.045883080740768606,0.23945473856304778
